[     222ms] [ERROR] Access to fetch at 'http://localhost:8008/health' from origin 'https://pravrudhi.vercel.app' has been blocked by CORS policy: Permission was denied for this request to access the `loopback` address space. @ https://pravrudhi.vercel.app/:0
[     224ms] [ERROR] Failed to load resource: net::ERR_FAILED @ http://localhost:8008/health:0
[     224ms] [ERROR] Access to fetch at 'http://localhost:8008/status' from origin 'https://pravrudhi.vercel.app' has been blocked by CORS policy: Permission was denied for this request to access the `loopback` address space. @ https://pravrudhi.vercel.app/:0
[     224ms] [ERROR] Failed to load resource: net::ERR_FAILED @ http://localhost:8008/status:0
[     363ms] [ERROR] Failed to load resource: the server responded with a status of 404 () @ https://pravrudhi.vercel.app/favicon.ico:0
[    3222ms] [ERROR] Access to fetch at 'http://localhost:8008/status' from origin 'https://pravrudhi.vercel.app' has been blocked by CORS policy: Permission was denied for this request to access the `loopback` address space. @ https://pravrudhi.vercel.app/:0
[    3222ms] [ERROR] Failed to load resource: net::ERR_FAILED @ http://localhost:8008/status:0
[    5221ms] [ERROR] Access to fetch at 'http://localhost:8008/health' from origin 'https://pravrudhi.vercel.app' has been blocked by CORS policy: Permission was denied for this request to access the `loopback` address space. @ https://pravrudhi.vercel.app/:0
[    5221ms] [ERROR] Failed to load resource: net::ERR_FAILED @ http://localhost:8008/health:0
[    6222ms] [ERROR] Access to fetch at 'http://localhost:8008/status' from origin 'https://pravrudhi.vercel.app' has been blocked by CORS policy: Permission was denied for this request to access the `loopback` address space. @ https://pravrudhi.vercel.app/:0
[    6222ms] [ERROR] Failed to load resource: net::ERR_FAILED @ http://localhost:8008/status:0
[    9222ms] [ERROR] Access to fetch at 'http://localhost:8008/status' from origin 'https://pravrudhi.vercel.app' has been blocked by CORS policy: Permission was denied for this request to access the `loopback` address space. @ https://pravrudhi.vercel.app/:0
[    9222ms] [ERROR] Failed to load resource: net::ERR_FAILED @ http://localhost:8008/status:0
[   10221ms] [ERROR] Access to fetch at 'http://localhost:8008/health' from origin 'https://pravrudhi.vercel.app' has been blocked by CORS policy: Permission was denied for this request to access the `loopback` address space. @ https://pravrudhi.vercel.app/:0
[   10221ms] [ERROR] Failed to load resource: net::ERR_FAILED @ http://localhost:8008/health:0
[   12222ms] [ERROR] Access to fetch at 'http://localhost:8008/status' from origin 'https://pravrudhi.vercel.app' has been blocked by CORS policy: Permission was denied for this request to access the `loopback` address space. @ https://pravrudhi.vercel.app/:0
[   12222ms] [ERROR] Failed to load resource: net::ERR_FAILED @ http://localhost:8008/status:0
[   15221ms] [ERROR] Access to fetch at 'http://localhost:8008/health' from origin 'https://pravrudhi.vercel.app' has been blocked by CORS policy: Permission was denied for this request to access the `loopback` address space. @ https://pravrudhi.vercel.app/:0
[   15221ms] [ERROR] Failed to load resource: net::ERR_FAILED @ http://localhost:8008/health:0
[   15222ms] [ERROR] Access to fetch at 'http://localhost:8008/status' from origin 'https://pravrudhi.vercel.app' has been blocked by CORS policy: Permission was denied for this request to access the `loopback` address space. @ https://pravrudhi.vercel.app/:0
[   15222ms] [ERROR] Failed to load resource: net::ERR_FAILED @ http://localhost:8008/status:0
[   18221ms] [ERROR] Access to fetch at 'http://localhost:8008/status' from origin 'https://pravrudhi.vercel.app' has been blocked by CORS policy: Permission was denied for this request to access the `loopback` address space. @ https://pravrudhi.vercel.app/:0
[   18221ms] [ERROR] Failed to load resource: net::ERR_FAILED @ http://localhost:8008/status:0
[   20221ms] [ERROR] Access to fetch at 'http://localhost:8008/health' from origin 'https://pravrudhi.vercel.app' has been blocked by CORS policy: Permission was denied for this request to access the `loopback` address space. @ https://pravrudhi.vercel.app/:0
[   20221ms] [ERROR] Failed to load resource: net::ERR_FAILED @ http://localhost:8008/health:0
[   21221ms] [ERROR] Access to fetch at 'http://localhost:8008/status' from origin 'https://pravrudhi.vercel.app' has been blocked by CORS policy: Permission was denied for this request to access the `loopback` address space. @ https://pravrudhi.vercel.app/:0
[   21221ms] [ERROR] Failed to load resource: net::ERR_FAILED @ http://localhost:8008/status:0
[   24221ms] [ERROR] Access to fetch at 'http://localhost:8008/status' from origin 'https://pravrudhi.vercel.app' has been blocked by CORS policy: Permission was denied for this request to access the `loopback` address space. @ https://pravrudhi.vercel.app/:0
[   24222ms] [ERROR] Failed to load resource: net::ERR_FAILED @ http://localhost:8008/status:0
[   25221ms] [ERROR] Access to fetch at 'http://localhost:8008/health' from origin 'https://pravrudhi.vercel.app' has been blocked by CORS policy: Permission was denied for this request to access the `loopback` address space. @ https://pravrudhi.vercel.app/:0
[   25221ms] [ERROR] Failed to load resource: net::ERR_FAILED @ http://localhost:8008/health:0
[   27221ms] [ERROR] Access to fetch at 'http://localhost:8008/status' from origin 'https://pravrudhi.vercel.app' has been blocked by CORS policy: Permission was denied for this request to access the `loopback` address space. @ https://pravrudhi.vercel.app/:0
[   27221ms] [ERROR] Failed to load resource: net::ERR_FAILED @ http://localhost:8008/status:0
[   30226ms] [ERROR] Access to fetch at 'http://localhost:8008/health' from origin 'https://pravrudhi.vercel.app' has been blocked by CORS policy: Permission was denied for this request to access the `loopback` address space. @ https://pravrudhi.vercel.app/:0
[   30227ms] [ERROR] Failed to load resource: net::ERR_FAILED @ http://localhost:8008/health:0
[   30227ms] [ERROR] Access to fetch at 'http://localhost:8008/status' from origin 'https://pravrudhi.vercel.app' has been blocked by CORS policy: Permission was denied for this request to access the `loopback` address space. @ https://pravrudhi.vercel.app/:0
[   30227ms] [ERROR] Failed to load resource: net::ERR_FAILED @ http://localhost:8008/status:0
[   33222ms] [ERROR] Access to fetch at 'http://localhost:8008/status' from origin 'https://pravrudhi.vercel.app' has been blocked by CORS policy: Permission was denied for this request to access the `loopback` address space. @ https://pravrudhi.vercel.app/:0
[   33222ms] [ERROR] Failed to load resource: net::ERR_FAILED @ http://localhost:8008/status:0
[   35221ms] [ERROR] Access to fetch at 'http://localhost:8008/health' from origin 'https://pravrudhi.vercel.app' has been blocked by CORS policy: Permission was denied for this request to access the `loopback` address space. @ https://pravrudhi.vercel.app/:0
[   35221ms] [ERROR] Failed to load resource: net::ERR_FAILED @ http://localhost:8008/health:0
[   36221ms] [ERROR] Access to fetch at 'http://localhost:8008/status' from origin 'https://pravrudhi.vercel.app' has been blocked by CORS policy: Permission was denied for this request to access the `loopback` address space. @ https://pravrudhi.vercel.app/:0
[   36222ms] [ERROR] Failed to load resource: net::ERR_FAILED @ http://localhost:8008/status:0
[   39221ms] [ERROR] Access to fetch at 'http://localhost:8008/status' from origin 'https://pravrudhi.vercel.app' has been blocked by CORS policy: Permission was denied for this request to access the `loopback` address space. @ https://pravrudhi.vercel.app/:0
[   39221ms] [ERROR] Failed to load resource: net::ERR_FAILED @ http://localhost:8008/status:0
[   40221ms] [ERROR] Access to fetch at 'http://localhost:8008/health' from origin 'https://pravrudhi.vercel.app' has been blocked by CORS policy: Permission was denied for this request to access the `loopback` address space. @ https://pravrudhi.vercel.app/:0
[   40221ms] [ERROR] Failed to load resource: net::ERR_FAILED @ http://localhost:8008/health:0
[   42222ms] [ERROR] Access to fetch at 'http://localhost:8008/status' from origin 'https://pravrudhi.vercel.app' has been blocked by CORS policy: Permission was denied for this request to access the `loopback` address space. @ https://pravrudhi.vercel.app/:0
[   42222ms] [ERROR] Failed to load resource: net::ERR_FAILED @ http://localhost:8008/status:0
[   45221ms] [ERROR] Access to fetch at 'http://localhost:8008/health' from origin 'https://pravrudhi.vercel.app' has been blocked by CORS policy: Permission was denied for this request to access the `loopback` address space. @ https://pravrudhi.vercel.app/:0
[   45221ms] [ERROR] Failed to load resource: net::ERR_FAILED @ http://localhost:8008/health:0
[   45221ms] [ERROR] Access to fetch at 'http://localhost:8008/status' from origin 'https://pravrudhi.vercel.app' has been blocked by CORS policy: Permission was denied for this request to access the `loopback` address space. @ https://pravrudhi.vercel.app/:0
[   45221ms] [ERROR] Failed to load resource: net::ERR_FAILED @ http://localhost:8008/status:0
[   48222ms] [ERROR] Access to fetch at 'http://localhost:8008/status' from origin 'https://pravrudhi.vercel.app' has been blocked by CORS policy: Permission was denied for this request to access the `loopback` address space. @ https://pravrudhi.vercel.app/:0
[   48222ms] [ERROR] Failed to load resource: net::ERR_FAILED @ http://localhost:8008/status:0
[   50221ms] [ERROR] Access to fetch at 'http://localhost:8008/health' from origin 'https://pravrudhi.vercel.app' has been blocked by CORS policy: Permission was denied for this request to access the `loopback` address space. @ https://pravrudhi.vercel.app/:0
[   50221ms] [ERROR] Failed to load resource: net::ERR_FAILED @ http://localhost:8008/health:0
[   51222ms] [ERROR] Access to fetch at 'http://localhost:8008/status' from origin 'https://pravrudhi.vercel.app' has been blocked by CORS policy: Permission was denied for this request to access the `loopback` address space. @ https://pravrudhi.vercel.app/:0
[   51222ms] [ERROR] Failed to load resource: net::ERR_FAILED @ http://localhost:8008/status:0
[   54222ms] [ERROR] Access to fetch at 'http://localhost:8008/status' from origin 'https://pravrudhi.vercel.app' has been blocked by CORS policy: Permission was denied for this request to access the `loopback` address space. @ https://pravrudhi.vercel.app/:0
[   54222ms] [ERROR] Failed to load resource: net::ERR_FAILED @ http://localhost:8008/status:0
[   55221ms] [ERROR] Access to fetch at 'http://localhost:8008/health' from origin 'https://pravrudhi.vercel.app' has been blocked by CORS policy: Permission was denied for this request to access the `loopback` address space. @ https://pravrudhi.vercel.app/:0
[   55221ms] [ERROR] Failed to load resource: net::ERR_FAILED @ http://localhost:8008/health:0
[   57222ms] [ERROR] Access to fetch at 'http://localhost:8008/status' from origin 'https://pravrudhi.vercel.app' has been blocked by CORS policy: Permission was denied for this request to access the `loopback` address space. @ https://pravrudhi.vercel.app/:0
[   57222ms] [ERROR] Failed to load resource: net::ERR_FAILED @ http://localhost:8008/status:0
[   60222ms] [ERROR] Access to fetch at 'http://localhost:8008/health' from origin 'https://pravrudhi.vercel.app' has been blocked by CORS policy: Permission was denied for this request to access the `loopback` address space. @ https://pravrudhi.vercel.app/:0
[   60222ms] [ERROR] Failed to load resource: net::ERR_FAILED @ http://localhost:8008/health:0
[   60222ms] [ERROR] Access to fetch at 'http://localhost:8008/status' from origin 'https://pravrudhi.vercel.app' has been blocked by CORS policy: Permission was denied for this request to access the `loopback` address space. @ https://pravrudhi.vercel.app/:0
[   60222ms] [ERROR] Failed to load resource: net::ERR_FAILED @ http://localhost:8008/status:0
[   63221ms] [ERROR] Access to fetch at 'http://localhost:8008/status' from origin 'https://pravrudhi.vercel.app' has been blocked by CORS policy: Permission was denied for this request to access the `loopback` address space. @ https://pravrudhi.vercel.app/:0
[   63222ms] [ERROR] Failed to load resource: net::ERR_FAILED @ http://localhost:8008/status:0
[   65221ms] [ERROR] Access to fetch at 'http://localhost:8008/health' from origin 'https://pravrudhi.vercel.app' has been blocked by CORS policy: Permission was denied for this request to access the `loopback` address space. @ https://pravrudhi.vercel.app/:0
[   65221ms] [ERROR] Failed to load resource: net::ERR_FAILED @ http://localhost:8008/health:0
[   66221ms] [ERROR] Access to fetch at 'http://localhost:8008/status' from origin 'https://pravrudhi.vercel.app' has been blocked by CORS policy: Permission was denied for this request to access the `loopback` address space. @ https://pravrudhi.vercel.app/:0
[   66222ms] [ERROR] Failed to load resource: net::ERR_FAILED @ http://localhost:8008/status:0
[   69221ms] [ERROR] Access to fetch at 'http://localhost:8008/status' from origin 'https://pravrudhi.vercel.app' has been blocked by CORS policy: Permission was denied for this request to access the `loopback` address space. @ https://pravrudhi.vercel.app/:0
[   69222ms] [ERROR] Failed to load resource: net::ERR_FAILED @ http://localhost:8008/status:0
[   70221ms] [ERROR] Access to fetch at 'http://localhost:8008/health' from origin 'https://pravrudhi.vercel.app' has been blocked by CORS policy: Permission was denied for this request to access the `loopback` address space. @ https://pravrudhi.vercel.app/:0
[   70221ms] [ERROR] Failed to load resource: net::ERR_FAILED @ http://localhost:8008/health:0
[   72221ms] [ERROR] Access to fetch at 'http://localhost:8008/status' from origin 'https://pravrudhi.vercel.app' has been blocked by CORS policy: Permission was denied for this request to access the `loopback` address space. @ https://pravrudhi.vercel.app/:0
[   72222ms] [ERROR] Failed to load resource: net::ERR_FAILED @ http://localhost:8008/status:0
[   75221ms] [ERROR] Access to fetch at 'http://localhost:8008/health' from origin 'https://pravrudhi.vercel.app' has been blocked by CORS policy: Permission was denied for this request to access the `loopback` address space. @ https://pravrudhi.vercel.app/:0
[   75221ms] [ERROR] Failed to load resource: net::ERR_FAILED @ http://localhost:8008/health:0
[   75222ms] [ERROR] Access to fetch at 'http://localhost:8008/status' from origin 'https://pravrudhi.vercel.app' has been blocked by CORS policy: Permission was denied for this request to access the `loopback` address space. @ https://pravrudhi.vercel.app/:0
[   75222ms] [ERROR] Failed to load resource: net::ERR_FAILED @ http://localhost:8008/status:0
[   78222ms] [ERROR] Access to fetch at 'http://localhost:8008/status' from origin 'https://pravrudhi.vercel.app' has been blocked by CORS policy: Permission was denied for this request to access the `loopback` address space. @ https://pravrudhi.vercel.app/:0
[   78222ms] [ERROR] Failed to load resource: net::ERR_FAILED @ http://localhost:8008/status:0
[   80221ms] [ERROR] Access to fetch at 'http://localhost:8008/health' from origin 'https://pravrudhi.vercel.app' has been blocked by CORS policy: Permission was denied for this request to access the `loopback` address space. @ https://pravrudhi.vercel.app/:0
[   80221ms] [ERROR] Failed to load resource: net::ERR_FAILED @ http://localhost:8008/health:0
[   81222ms] [ERROR] Access to fetch at 'http://localhost:8008/status' from origin 'https://pravrudhi.vercel.app' has been blocked by CORS policy: Permission was denied for this request to access the `loopback` address space. @ https://pravrudhi.vercel.app/:0
[   81222ms] [ERROR] Failed to load resource: net::ERR_FAILED @ http://localhost:8008/status:0
[   84221ms] [ERROR] Access to fetch at 'http://localhost:8008/status' from origin 'https://pravrudhi.vercel.app' has been blocked by CORS policy: Permission was denied for this request to access the `loopback` address space. @ https://pravrudhi.vercel.app/:0
[   84221ms] [ERROR] Failed to load resource: net::ERR_FAILED @ http://localhost:8008/status:0
[   85221ms] [ERROR] Access to fetch at 'http://localhost:8008/health' from origin 'https://pravrudhi.vercel.app' has been blocked by CORS policy: Permission was denied for this request to access the `loopback` address space. @ https://pravrudhi.vercel.app/:0
[   85221ms] [ERROR] Failed to load resource: net::ERR_FAILED @ http://localhost:8008/health:0
[   87221ms] [ERROR] Access to fetch at 'http://localhost:8008/status' from origin 'https://pravrudhi.vercel.app' has been blocked by CORS policy: Permission was denied for this request to access the `loopback` address space. @ https://pravrudhi.vercel.app/:0
[   87221ms] [ERROR] Failed to load resource: net::ERR_FAILED @ http://localhost:8008/status:0
[   90221ms] [ERROR] Access to fetch at 'http://localhost:8008/health' from origin 'https://pravrudhi.vercel.app' has been blocked by CORS policy: Permission was denied for this request to access the `loopback` address space. @ https://pravrudhi.vercel.app/:0
[   90221ms] [ERROR] Failed to load resource: net::ERR_FAILED @ http://localhost:8008/health:0
[   90222ms] [ERROR] Access to fetch at 'http://localhost:8008/status' from origin 'https://pravrudhi.vercel.app' has been blocked by CORS policy: Permission was denied for this request to access the `loopback` address space. @ https://pravrudhi.vercel.app/:0
[   90222ms] [ERROR] Failed to load resource: net::ERR_FAILED @ http://localhost:8008/status:0
[   93222ms] [ERROR] Access to fetch at 'http://localhost:8008/status' from origin 'https://pravrudhi.vercel.app' has been blocked by CORS policy: Permission was denied for this request to access the `loopback` address space. @ https://pravrudhi.vercel.app/:0
[   93222ms] [ERROR] Failed to load resource: net::ERR_FAILED @ http://localhost:8008/status:0
[   95221ms] [ERROR] Access to fetch at 'http://localhost:8008/health' from origin 'https://pravrudhi.vercel.app' has been blocked by CORS policy: Permission was denied for this request to access the `loopback` address space. @ https://pravrudhi.vercel.app/:0
[   95221ms] [ERROR] Failed to load resource: net::ERR_FAILED @ http://localhost:8008/health:0
[   96221ms] [ERROR] Access to fetch at 'http://localhost:8008/status' from origin 'https://pravrudhi.vercel.app' has been blocked by CORS policy: Permission was denied for this request to access the `loopback` address space. @ https://pravrudhi.vercel.app/:0
[   96221ms] [ERROR] Failed to load resource: net::ERR_FAILED @ http://localhost:8008/status:0
[   99222ms] [ERROR] Access to fetch at 'http://localhost:8008/status' from origin 'https://pravrudhi.vercel.app' has been blocked by CORS policy: Permission was denied for this request to access the `loopback` address space. @ https://pravrudhi.vercel.app/:0
[   99222ms] [ERROR] Failed to load resource: net::ERR_FAILED @ http://localhost:8008/status:0
[  100221ms] [ERROR] Access to fetch at 'http://localhost:8008/health' from origin 'https://pravrudhi.vercel.app' has been blocked by CORS policy: Permission was denied for this request to access the `loopback` address space. @ https://pravrudhi.vercel.app/:0
[  100221ms] [ERROR] Failed to load resource: net::ERR_FAILED @ http://localhost:8008/health:0
[  102221ms] [ERROR] Access to fetch at 'http://localhost:8008/status' from origin 'https://pravrudhi.vercel.app' has been blocked by CORS policy: Permission was denied for this request to access the `loopback` address space. @ https://pravrudhi.vercel.app/:0
[  102221ms] [ERROR] Failed to load resource: net::ERR_FAILED @ http://localhost:8008/status:0
[  105221ms] [ERROR] Access to fetch at 'http://localhost:8008/health' from origin 'https://pravrudhi.vercel.app' has been blocked by CORS policy: Permission was denied for this request to access the `loopback` address space. @ https://pravrudhi.vercel.app/:0
[  105221ms] [ERROR] Failed to load resource: net::ERR_FAILED @ http://localhost:8008/health:0
[  105221ms] [ERROR] Access to fetch at 'http://localhost:8008/status' from origin 'https://pravrudhi.vercel.app' has been blocked by CORS policy: Permission was denied for this request to access the `loopback` address space. @ https://pravrudhi.vercel.app/:0
[  105221ms] [ERROR] Failed to load resource: net::ERR_FAILED @ http://localhost:8008/status:0
[  108222ms] [ERROR] Access to fetch at 'http://localhost:8008/status' from origin 'https://pravrudhi.vercel.app' has been blocked by CORS policy: Permission was denied for this request to access the `loopback` address space. @ https://pravrudhi.vercel.app/:0
[  108222ms] [ERROR] Failed to load resource: net::ERR_FAILED @ http://localhost:8008/status:0
[  110221ms] [ERROR] Access to fetch at 'http://localhost:8008/health' from origin 'https://pravrudhi.vercel.app' has been blocked by CORS policy: Permission was denied for this request to access the `loopback` address space. @ https://pravrudhi.vercel.app/:0
[  110221ms] [ERROR] Failed to load resource: net::ERR_FAILED @ http://localhost:8008/health:0
[  111221ms] [ERROR] Access to fetch at 'http://localhost:8008/status' from origin 'https://pravrudhi.vercel.app' has been blocked by CORS policy: Permission was denied for this request to access the `loopback` address space. @ https://pravrudhi.vercel.app/:0
[  111222ms] [ERROR] Failed to load resource: net::ERR_FAILED @ http://localhost:8008/status:0
[  114221ms] [ERROR] Access to fetch at 'http://localhost:8008/status' from origin 'https://pravrudhi.vercel.app' has been blocked by CORS policy: Permission was denied for this request to access the `loopback` address space. @ https://pravrudhi.vercel.app/:0
[  114221ms] [ERROR] Failed to load resource: net::ERR_FAILED @ http://localhost:8008/status:0
[  115221ms] [ERROR] Access to fetch at 'http://localhost:8008/health' from origin 'https://pravrudhi.vercel.app' has been blocked by CORS policy: Permission was denied for this request to access the `loopback` address space. @ https://pravrudhi.vercel.app/:0
[  115221ms] [ERROR] Failed to load resource: net::ERR_FAILED @ http://localhost:8008/health:0
[  117222ms] [ERROR] Access to fetch at 'http://localhost:8008/status' from origin 'https://pravrudhi.vercel.app' has been blocked by CORS policy: Permission was denied for this request to access the `loopback` address space. @ https://pravrudhi.vercel.app/:0
[  117222ms] [ERROR] Failed to load resource: net::ERR_FAILED @ http://localhost:8008/status:0
[  120221ms] [ERROR] Access to fetch at 'http://localhost:8008/health' from origin 'https://pravrudhi.vercel.app' has been blocked by CORS policy: Permission was denied for this request to access the `loopback` address space. @ https://pravrudhi.vercel.app/:0
[  120221ms] [ERROR] Failed to load resource: net::ERR_FAILED @ http://localhost:8008/health:0
[  120221ms] [ERROR] Access to fetch at 'http://localhost:8008/status' from origin 'https://pravrudhi.vercel.app' has been blocked by CORS policy: Permission was denied for this request to access the `loopback` address space. @ https://pravrudhi.vercel.app/:0
[  120222ms] [ERROR] Failed to load resource: net::ERR_FAILED @ http://localhost:8008/status:0
[  123222ms] [ERROR] Access to fetch at 'http://localhost:8008/status' from origin 'https://pravrudhi.vercel.app' has been blocked by CORS policy: Permission was denied for this request to access the `loopback` address space. @ https://pravrudhi.vercel.app/:0
[  123222ms] [ERROR] Failed to load resource: net::ERR_FAILED @ http://localhost:8008/status:0
[  125221ms] [ERROR] Access to fetch at 'http://localhost:8008/health' from origin 'https://pravrudhi.vercel.app' has been blocked by CORS policy: Permission was denied for this request to access the `loopback` address space. @ https://pravrudhi.vercel.app/:0
[  125221ms] [ERROR] Failed to load resource: net::ERR_FAILED @ http://localhost:8008/health:0
[  126221ms] [ERROR] Access to fetch at 'http://localhost:8008/status' from origin 'https://pravrudhi.vercel.app' has been blocked by CORS policy: Permission was denied for this request to access the `loopback` address space. @ https://pravrudhi.vercel.app/:0
[  126222ms] [ERROR] Failed to load resource: net::ERR_FAILED @ http://localhost:8008/status:0
[  129222ms] [ERROR] Access to fetch at 'http://localhost:8008/status' from origin 'https://pravrudhi.vercel.app' has been blocked by CORS policy: Permission was denied for this request to access the `loopback` address space. @ https://pravrudhi.vercel.app/:0
[  129222ms] [ERROR] Failed to load resource: net::ERR_FAILED @ http://localhost:8008/status:0
[  130221ms] [ERROR] Access to fetch at 'http://localhost:8008/health' from origin 'https://pravrudhi.vercel.app' has been blocked by CORS policy: Permission was denied for this request to access the `loopback` address space. @ https://pravrudhi.vercel.app/:0
[  130221ms] [ERROR] Failed to load resource: net::ERR_FAILED @ http://localhost:8008/health:0
[  132222ms] [ERROR] Access to fetch at 'http://localhost:8008/status' from origin 'https://pravrudhi.vercel.app' has been blocked by CORS policy: Permission was denied for this request to access the `loopback` address space. @ https://pravrudhi.vercel.app/:0
[  132222ms] [ERROR] Failed to load resource: net::ERR_FAILED @ http://localhost:8008/status:0
[  135221ms] [ERROR] Access to fetch at 'http://localhost:8008/health' from origin 'https://pravrudhi.vercel.app' has been blocked by CORS policy: Permission was denied for this request to access the `loopback` address space. @ https://pravrudhi.vercel.app/:0
[  135222ms] [ERROR] Failed to load resource: net::ERR_FAILED @ http://localhost:8008/health:0
[  135222ms] [ERROR] Access to fetch at 'http://localhost:8008/status' from origin 'https://pravrudhi.vercel.app' has been blocked by CORS policy: Permission was denied for this request to access the `loopback` address space. @ https://pravrudhi.vercel.app/:0
[  135222ms] [ERROR] Failed to load resource: net::ERR_FAILED @ http://localhost:8008/status:0
[  138222ms] [ERROR] Access to fetch at 'http://localhost:8008/status' from origin 'https://pravrudhi.vercel.app' has been blocked by CORS policy: Permission was denied for this request to access the `loopback` address space. @ https://pravrudhi.vercel.app/:0
[  138222ms] [ERROR] Failed to load resource: net::ERR_FAILED @ http://localhost:8008/status:0
[  140221ms] [ERROR] Access to fetch at 'http://localhost:8008/health' from origin 'https://pravrudhi.vercel.app' has been blocked by CORS policy: Permission was denied for this request to access the `loopback` address space. @ https://pravrudhi.vercel.app/:0
[  140221ms] [ERROR] Failed to load resource: net::ERR_FAILED @ http://localhost:8008/health:0
[  141222ms] [ERROR] Access to fetch at 'http://localhost:8008/status' from origin 'https://pravrudhi.vercel.app' has been blocked by CORS policy: Permission was denied for this request to access the `loopback` address space. @ https://pravrudhi.vercel.app/:0
[  141222ms] [ERROR] Failed to load resource: net::ERR_FAILED @ http://localhost:8008/status:0
[  144222ms] [ERROR] Access to fetch at 'http://localhost:8008/status' from origin 'https://pravrudhi.vercel.app' has been blocked by CORS policy: Permission was denied for this request to access the `loopback` address space. @ https://pravrudhi.vercel.app/:0
[  144222ms] [ERROR] Failed to load resource: net::ERR_FAILED @ http://localhost:8008/status:0
[  145221ms] [ERROR] Access to fetch at 'http://localhost:8008/health' from origin 'https://pravrudhi.vercel.app' has been blocked by CORS policy: Permission was denied for this request to access the `loopback` address space. @ https://pravrudhi.vercel.app/:0
[  145221ms] [ERROR] Failed to load resource: net::ERR_FAILED @ http://localhost:8008/health:0
[  147221ms] [ERROR] Access to fetch at 'http://localhost:8008/status' from origin 'https://pravrudhi.vercel.app' has been blocked by CORS policy: Permission was denied for this request to access the `loopback` address space. @ https://pravrudhi.vercel.app/:0
[  147222ms] [ERROR] Failed to load resource: net::ERR_FAILED @ http://localhost:8008/status:0
[  150221ms] [ERROR] Access to fetch at 'http://localhost:8008/health' from origin 'https://pravrudhi.vercel.app' has been blocked by CORS policy: Permission was denied for this request to access the `loopback` address space. @ https://pravrudhi.vercel.app/:0
[  150221ms] [ERROR] Failed to load resource: net::ERR_FAILED @ http://localhost:8008/health:0
[  150222ms] [ERROR] Access to fetch at 'http://localhost:8008/status' from origin 'https://pravrudhi.vercel.app' has been blocked by CORS policy: Permission was denied for this request to access the `loopback` address space. @ https://pravrudhi.vercel.app/:0
[  150222ms] [ERROR] Failed to load resource: net::ERR_FAILED @ http://localhost:8008/status:0
[  153222ms] [ERROR] Access to fetch at 'http://localhost:8008/status' from origin 'https://pravrudhi.vercel.app' has been blocked by CORS policy: Permission was denied for this request to access the `loopback` address space. @ https://pravrudhi.vercel.app/:0
[  153222ms] [ERROR] Failed to load resource: net::ERR_FAILED @ http://localhost:8008/status:0
[  155221ms] [ERROR] Access to fetch at 'http://localhost:8008/health' from origin 'https://pravrudhi.vercel.app' has been blocked by CORS policy: Permission was denied for this request to access the `loopback` address space. @ https://pravrudhi.vercel.app/:0
[  155221ms] [ERROR] Failed to load resource: net::ERR_FAILED @ http://localhost:8008/health:0
[  156222ms] [ERROR] Access to fetch at 'http://localhost:8008/status' from origin 'https://pravrudhi.vercel.app' has been blocked by CORS policy: Permission was denied for this request to access the `loopback` address space. @ https://pravrudhi.vercel.app/:0
[  156222ms] [ERROR] Failed to load resource: net::ERR_FAILED @ http://localhost:8008/status:0
[  159221ms] [ERROR] Access to fetch at 'http://localhost:8008/status' from origin 'https://pravrudhi.vercel.app' has been blocked by CORS policy: Permission was denied for this request to access the `loopback` address space. @ https://pravrudhi.vercel.app/:0
[  159221ms] [ERROR] Failed to load resource: net::ERR_FAILED @ http://localhost:8008/status:0
[  160221ms] [ERROR] Access to fetch at 'http://localhost:8008/health' from origin 'https://pravrudhi.vercel.app' has been blocked by CORS policy: Permission was denied for this request to access the `loopback` address space. @ https://pravrudhi.vercel.app/:0
[  160221ms] [ERROR] Failed to load resource: net::ERR_FAILED @ http://localhost:8008/health:0
[  162222ms] [ERROR] Access to fetch at 'http://localhost:8008/status' from origin 'https://pravrudhi.vercel.app' has been blocked by CORS policy: Permission was denied for this request to access the `loopback` address space. @ https://pravrudhi.vercel.app/:0
[  162222ms] [ERROR] Failed to load resource: net::ERR_FAILED @ http://localhost:8008/status:0
[  165221ms] [ERROR] Access to fetch at 'http://localhost:8008/health' from origin 'https://pravrudhi.vercel.app' has been blocked by CORS policy: Permission was denied for this request to access the `loopback` address space. @ https://pravrudhi.vercel.app/:0
[  165221ms] [ERROR] Failed to load resource: net::ERR_FAILED @ http://localhost:8008/health:0
[  165222ms] [ERROR] Access to fetch at 'http://localhost:8008/status' from origin 'https://pravrudhi.vercel.app' has been blocked by CORS policy: Permission was denied for this request to access the `loopback` address space. @ https://pravrudhi.vercel.app/:0
[  165222ms] [ERROR] Failed to load resource: net::ERR_FAILED @ http://localhost:8008/status:0
[  168222ms] [ERROR] Access to fetch at 'http://localhost:8008/status' from origin 'https://pravrudhi.vercel.app' has been blocked by CORS policy: Permission was denied for this request to access the `loopback` address space. @ https://pravrudhi.vercel.app/:0
[  168222ms] [ERROR] Failed to load resource: net::ERR_FAILED @ http://localhost:8008/status:0
[  170221ms] [ERROR] Access to fetch at 'http://localhost:8008/health' from origin 'https://pravrudhi.vercel.app' has been blocked by CORS policy: Permission was denied for this request to access the `loopback` address space. @ https://pravrudhi.vercel.app/:0
[  170221ms] [ERROR] Failed to load resource: net::ERR_FAILED @ http://localhost:8008/health:0
[  171222ms] [ERROR] Access to fetch at 'http://localhost:8008/status' from origin 'https://pravrudhi.vercel.app' has been blocked by CORS policy: Permission was denied for this request to access the `loopback` address space. @ https://pravrudhi.vercel.app/:0
[  171222ms] [ERROR] Failed to load resource: net::ERR_FAILED @ http://localhost:8008/status:0
[  174221ms] [ERROR] Access to fetch at 'http://localhost:8008/status' from origin 'https://pravrudhi.vercel.app' has been blocked by CORS policy: Permission was denied for this request to access the `loopback` address space. @ https://pravrudhi.vercel.app/:0
[  174221ms] [ERROR] Failed to load resource: net::ERR_FAILED @ http://localhost:8008/status:0
[  175221ms] [ERROR] Access to fetch at 'http://localhost:8008/health' from origin 'https://pravrudhi.vercel.app' has been blocked by CORS policy: Permission was denied for this request to access the `loopback` address space. @ https://pravrudhi.vercel.app/:0
[  175221ms] [ERROR] Failed to load resource: net::ERR_FAILED @ http://localhost:8008/health:0
[  177221ms] [ERROR] Access to fetch at 'http://localhost:8008/status' from origin 'https://pravrudhi.vercel.app' has been blocked by CORS policy: Permission was denied for this request to access the `loopback` address space. @ https://pravrudhi.vercel.app/:0
[  177221ms] [ERROR] Failed to load resource: net::ERR_FAILED @ http://localhost:8008/status:0
[  180221ms] [ERROR] Access to fetch at 'http://localhost:8008/health' from origin 'https://pravrudhi.vercel.app' has been blocked by CORS policy: Permission was denied for this request to access the `loopback` address space. @ https://pravrudhi.vercel.app/:0
[  180221ms] [ERROR] Failed to load resource: net::ERR_FAILED @ http://localhost:8008/health:0
[  180221ms] [ERROR] Access to fetch at 'http://localhost:8008/status' from origin 'https://pravrudhi.vercel.app' has been blocked by CORS policy: Permission was denied for this request to access the `loopback` address space. @ https://pravrudhi.vercel.app/:0
[  180221ms] [ERROR] Failed to load resource: net::ERR_FAILED @ http://localhost:8008/status:0
[  183221ms] [ERROR] Access to fetch at 'http://localhost:8008/status' from origin 'https://pravrudhi.vercel.app' has been blocked by CORS policy: Permission was denied for this request to access the `loopback` address space. @ https://pravrudhi.vercel.app/:0
[  183222ms] [ERROR] Failed to load resource: net::ERR_FAILED @ http://localhost:8008/status:0
[  185221ms] [ERROR] Access to fetch at 'http://localhost:8008/health' from origin 'https://pravrudhi.vercel.app' has been blocked by CORS policy: Permission was denied for this request to access the `loopback` address space. @ https://pravrudhi.vercel.app/:0
[  185221ms] [ERROR] Failed to load resource: net::ERR_FAILED @ http://localhost:8008/health:0
[  186222ms] [ERROR] Access to fetch at 'http://localhost:8008/status' from origin 'https://pravrudhi.vercel.app' has been blocked by CORS policy: Permission was denied for this request to access the `loopback` address space. @ https://pravrudhi.vercel.app/:0
[  186222ms] [ERROR] Failed to load resource: net::ERR_FAILED @ http://localhost:8008/status:0
[  189222ms] [ERROR] Access to fetch at 'http://localhost:8008/status' from origin 'https://pravrudhi.vercel.app' has been blocked by CORS policy: Permission was denied for this request to access the `loopback` address space. @ https://pravrudhi.vercel.app/:0
[  189222ms] [ERROR] Failed to load resource: net::ERR_FAILED @ http://localhost:8008/status:0
[  190221ms] [ERROR] Access to fetch at 'http://localhost:8008/health' from origin 'https://pravrudhi.vercel.app' has been blocked by CORS policy: Permission was denied for this request to access the `loopback` address space. @ https://pravrudhi.vercel.app/:0
[  190221ms] [ERROR] Failed to load resource: net::ERR_FAILED @ http://localhost:8008/health:0
[  192222ms] [ERROR] Access to fetch at 'http://localhost:8008/status' from origin 'https://pravrudhi.vercel.app' has been blocked by CORS policy: Permission was denied for this request to access the `loopback` address space. @ https://pravrudhi.vercel.app/:0
[  192222ms] [ERROR] Failed to load resource: net::ERR_FAILED @ http://localhost:8008/status:0
[  195221ms] [ERROR] Access to fetch at 'http://localhost:8008/health' from origin 'https://pravrudhi.vercel.app' has been blocked by CORS policy: Permission was denied for this request to access the `loopback` address space. @ https://pravrudhi.vercel.app/:0
[  195221ms] [ERROR] Failed to load resource: net::ERR_FAILED @ http://localhost:8008/health:0
[  195221ms] [ERROR] Access to fetch at 'http://localhost:8008/status' from origin 'https://pravrudhi.vercel.app' has been blocked by CORS policy: Permission was denied for this request to access the `loopback` address space. @ https://pravrudhi.vercel.app/:0
[  195221ms] [ERROR] Failed to load resource: net::ERR_FAILED @ http://localhost:8008/status:0
[  198221ms] [ERROR] Access to fetch at 'http://localhost:8008/status' from origin 'https://pravrudhi.vercel.app' has been blocked by CORS policy: Permission was denied for this request to access the `loopback` address space. @ https://pravrudhi.vercel.app/:0
[  198221ms] [ERROR] Failed to load resource: net::ERR_FAILED @ http://localhost:8008/status:0
[  200221ms] [ERROR] Access to fetch at 'http://localhost:8008/health' from origin 'https://pravrudhi.vercel.app' has been blocked by CORS policy: Permission was denied for this request to access the `loopback` address space. @ https://pravrudhi.vercel.app/:0
[  200221ms] [ERROR] Failed to load resource: net::ERR_FAILED @ http://localhost:8008/health:0
[  201221ms] [ERROR] Access to fetch at 'http://localhost:8008/status' from origin 'https://pravrudhi.vercel.app' has been blocked by CORS policy: Permission was denied for this request to access the `loopback` address space. @ https://pravrudhi.vercel.app/:0
[  201221ms] [ERROR] Failed to load resource: net::ERR_FAILED @ http://localhost:8008/status:0
[  204222ms] [ERROR] Access to fetch at 'http://localhost:8008/status' from origin 'https://pravrudhi.vercel.app' has been blocked by CORS policy: Permission was denied for this request to access the `loopback` address space. @ https://pravrudhi.vercel.app/:0
[  204222ms] [ERROR] Failed to load resource: net::ERR_FAILED @ http://localhost:8008/status:0
[  205221ms] [ERROR] Access to fetch at 'http://localhost:8008/health' from origin 'https://pravrudhi.vercel.app' has been blocked by CORS policy: Permission was denied for this request to access the `loopback` address space. @ https://pravrudhi.vercel.app/:0
[  205221ms] [ERROR] Failed to load resource: net::ERR_FAILED @ http://localhost:8008/health:0
[  207222ms] [ERROR] Access to fetch at 'http://localhost:8008/status' from origin 'https://pravrudhi.vercel.app' has been blocked by CORS policy: Permission was denied for this request to access the `loopback` address space. @ https://pravrudhi.vercel.app/:0
[  207222ms] [ERROR] Failed to load resource: net::ERR_FAILED @ http://localhost:8008/status:0
[  210222ms] [ERROR] Access to fetch at 'http://localhost:8008/health' from origin 'https://pravrudhi.vercel.app' has been blocked by CORS policy: Permission was denied for this request to access the `loopback` address space. @ https://pravrudhi.vercel.app/:0
[  210222ms] [ERROR] Failed to load resource: net::ERR_FAILED @ http://localhost:8008/health:0
[  210222ms] [ERROR] Access to fetch at 'http://localhost:8008/status' from origin 'https://pravrudhi.vercel.app' has been blocked by CORS policy: Permission was denied for this request to access the `loopback` address space. @ https://pravrudhi.vercel.app/:0
[  210222ms] [ERROR] Failed to load resource: net::ERR_FAILED @ http://localhost:8008/status:0
[  213222ms] [ERROR] Access to fetch at 'http://localhost:8008/status' from origin 'https://pravrudhi.vercel.app' has been blocked by CORS policy: Permission was denied for this request to access the `loopback` address space. @ https://pravrudhi.vercel.app/:0
[  213222ms] [ERROR] Failed to load resource: net::ERR_FAILED @ http://localhost:8008/status:0
[  215221ms] [ERROR] Access to fetch at 'http://localhost:8008/health' from origin 'https://pravrudhi.vercel.app' has been blocked by CORS policy: Permission was denied for this request to access the `loopback` address space. @ https://pravrudhi.vercel.app/:0
[  215221ms] [ERROR] Failed to load resource: net::ERR_FAILED @ http://localhost:8008/health:0
[  216221ms] [ERROR] Access to fetch at 'http://localhost:8008/status' from origin 'https://pravrudhi.vercel.app' has been blocked by CORS policy: Permission was denied for this request to access the `loopback` address space. @ https://pravrudhi.vercel.app/:0
[  216222ms] [ERROR] Failed to load resource: net::ERR_FAILED @ http://localhost:8008/status:0
[  219221ms] [ERROR] Access to fetch at 'http://localhost:8008/status' from origin 'https://pravrudhi.vercel.app' has been blocked by CORS policy: Permission was denied for this request to access the `loopback` address space. @ https://pravrudhi.vercel.app/:0
[  219221ms] [ERROR] Failed to load resource: net::ERR_FAILED @ http://localhost:8008/status:0
[  220221ms] [ERROR] Access to fetch at 'http://localhost:8008/health' from origin 'https://pravrudhi.vercel.app' has been blocked by CORS policy: Permission was denied for this request to access the `loopback` address space. @ https://pravrudhi.vercel.app/:0
[  220221ms] [ERROR] Failed to load resource: net::ERR_FAILED @ http://localhost:8008/health:0
[  222222ms] [ERROR] Access to fetch at 'http://localhost:8008/status' from origin 'https://pravrudhi.vercel.app' has been blocked by CORS policy: Permission was denied for this request to access the `loopback` address space. @ https://pravrudhi.vercel.app/:0
[  222222ms] [ERROR] Failed to load resource: net::ERR_FAILED @ http://localhost:8008/status:0
[  225221ms] [ERROR] Access to fetch at 'http://localhost:8008/health' from origin 'https://pravrudhi.vercel.app' has been blocked by CORS policy: Permission was denied for this request to access the `loopback` address space. @ https://pravrudhi.vercel.app/:0
[  225221ms] [ERROR] Failed to load resource: net::ERR_FAILED @ http://localhost:8008/health:0
[  225221ms] [ERROR] Access to fetch at 'http://localhost:8008/status' from origin 'https://pravrudhi.vercel.app' has been blocked by CORS policy: Permission was denied for this request to access the `loopback` address space. @ https://pravrudhi.vercel.app/:0
[  225221ms] [ERROR] Failed to load resource: net::ERR_FAILED @ http://localhost:8008/status:0
[  228221ms] [ERROR] Access to fetch at 'http://localhost:8008/status' from origin 'https://pravrudhi.vercel.app' has been blocked by CORS policy: Permission was denied for this request to access the `loopback` address space. @ https://pravrudhi.vercel.app/:0
[  228222ms] [ERROR] Failed to load resource: net::ERR_FAILED @ http://localhost:8008/status:0
[  230221ms] [ERROR] Access to fetch at 'http://localhost:8008/health' from origin 'https://pravrudhi.vercel.app' has been blocked by CORS policy: Permission was denied for this request to access the `loopback` address space. @ https://pravrudhi.vercel.app/:0
[  230221ms] [ERROR] Failed to load resource: net::ERR_FAILED @ http://localhost:8008/health:0
[  231222ms] [ERROR] Access to fetch at 'http://localhost:8008/status' from origin 'https://pravrudhi.vercel.app' has been blocked by CORS policy: Permission was denied for this request to access the `loopback` address space. @ https://pravrudhi.vercel.app/:0
[  231222ms] [ERROR] Failed to load resource: net::ERR_FAILED @ http://localhost:8008/status:0
[  234221ms] [ERROR] Access to fetch at 'http://localhost:8008/status' from origin 'https://pravrudhi.vercel.app' has been blocked by CORS policy: Permission was denied for this request to access the `loopback` address space. @ https://pravrudhi.vercel.app/:0
[  234221ms] [ERROR] Failed to load resource: net::ERR_FAILED @ http://localhost:8008/status:0
[  235221ms] [ERROR] Access to fetch at 'http://localhost:8008/health' from origin 'https://pravrudhi.vercel.app' has been blocked by CORS policy: Permission was denied for this request to access the `loopback` address space. @ https://pravrudhi.vercel.app/:0
[  235221ms] [ERROR] Failed to load resource: net::ERR_FAILED @ http://localhost:8008/health:0
[  237221ms] [ERROR] Access to fetch at 'http://localhost:8008/status' from origin 'https://pravrudhi.vercel.app' has been blocked by CORS policy: Permission was denied for this request to access the `loopback` address space. @ https://pravrudhi.vercel.app/:0
[  237222ms] [ERROR] Failed to load resource: net::ERR_FAILED @ http://localhost:8008/status:0
[  240221ms] [ERROR] Access to fetch at 'http://localhost:8008/health' from origin 'https://pravrudhi.vercel.app' has been blocked by CORS policy: Permission was denied for this request to access the `loopback` address space. @ https://pravrudhi.vercel.app/:0
[  240221ms] [ERROR] Failed to load resource: net::ERR_FAILED @ http://localhost:8008/health:0
[  240221ms] [ERROR] Access to fetch at 'http://localhost:8008/status' from origin 'https://pravrudhi.vercel.app' has been blocked by CORS policy: Permission was denied for this request to access the `loopback` address space. @ https://pravrudhi.vercel.app/:0
[  240222ms] [ERROR] Failed to load resource: net::ERR_FAILED @ http://localhost:8008/status:0
[  243222ms] [ERROR] Access to fetch at 'http://localhost:8008/status' from origin 'https://pravrudhi.vercel.app' has been blocked by CORS policy: Permission was denied for this request to access the `loopback` address space. @ https://pravrudhi.vercel.app/:0
[  243222ms] [ERROR] Failed to load resource: net::ERR_FAILED @ http://localhost:8008/status:0
[  245221ms] [ERROR] Access to fetch at 'http://localhost:8008/health' from origin 'https://pravrudhi.vercel.app' has been blocked by CORS policy: Permission was denied for this request to access the `loopback` address space. @ https://pravrudhi.vercel.app/:0
[  245221ms] [ERROR] Failed to load resource: net::ERR_FAILED @ http://localhost:8008/health:0
[  246222ms] [ERROR] Access to fetch at 'http://localhost:8008/status' from origin 'https://pravrudhi.vercel.app' has been blocked by CORS policy: Permission was denied for this request to access the `loopback` address space. @ https://pravrudhi.vercel.app/:0
[  246222ms] [ERROR] Failed to load resource: net::ERR_FAILED @ http://localhost:8008/status:0
[  249222ms] [ERROR] Access to fetch at 'http://localhost:8008/status' from origin 'https://pravrudhi.vercel.app' has been blocked by CORS policy: Permission was denied for this request to access the `loopback` address space. @ https://pravrudhi.vercel.app/:0
[  249222ms] [ERROR] Failed to load resource: net::ERR_FAILED @ http://localhost:8008/status:0
[  250221ms] [ERROR] Access to fetch at 'http://localhost:8008/health' from origin 'https://pravrudhi.vercel.app' has been blocked by CORS policy: Permission was denied for this request to access the `loopback` address space. @ https://pravrudhi.vercel.app/:0
[  250221ms] [ERROR] Failed to load resource: net::ERR_FAILED @ http://localhost:8008/health:0
[  252222ms] [ERROR] Access to fetch at 'http://localhost:8008/status' from origin 'https://pravrudhi.vercel.app' has been blocked by CORS policy: Permission was denied for this request to access the `loopback` address space. @ https://pravrudhi.vercel.app/:0
[  252222ms] [ERROR] Failed to load resource: net::ERR_FAILED @ http://localhost:8008/status:0
[  255221ms] [ERROR] Access to fetch at 'http://localhost:8008/health' from origin 'https://pravrudhi.vercel.app' has been blocked by CORS policy: Permission was denied for this request to access the `loopback` address space. @ https://pravrudhi.vercel.app/:0
[  255221ms] [ERROR] Failed to load resource: net::ERR_FAILED @ http://localhost:8008/health:0
[  255222ms] [ERROR] Access to fetch at 'http://localhost:8008/status' from origin 'https://pravrudhi.vercel.app' has been blocked by CORS policy: Permission was denied for this request to access the `loopback` address space. @ https://pravrudhi.vercel.app/:0
[  255222ms] [ERROR] Failed to load resource: net::ERR_FAILED @ http://localhost:8008/status:0
[  258221ms] [ERROR] Access to fetch at 'http://localhost:8008/status' from origin 'https://pravrudhi.vercel.app' has been blocked by CORS policy: Permission was denied for this request to access the `loopback` address space. @ https://pravrudhi.vercel.app/:0
[  258222ms] [ERROR] Failed to load resource: net::ERR_FAILED @ http://localhost:8008/status:0
[  260221ms] [ERROR] Access to fetch at 'http://localhost:8008/health' from origin 'https://pravrudhi.vercel.app' has been blocked by CORS policy: Permission was denied for this request to access the `loopback` address space. @ https://pravrudhi.vercel.app/:0
[  260221ms] [ERROR] Failed to load resource: net::ERR_FAILED @ http://localhost:8008/health:0
[  261222ms] [ERROR] Access to fetch at 'http://localhost:8008/status' from origin 'https://pravrudhi.vercel.app' has been blocked by CORS policy: Permission was denied for this request to access the `loopback` address space. @ https://pravrudhi.vercel.app/:0
[  261222ms] [ERROR] Failed to load resource: net::ERR_FAILED @ http://localhost:8008/status:0
[  264221ms] [ERROR] Access to fetch at 'http://localhost:8008/status' from origin 'https://pravrudhi.vercel.app' has been blocked by CORS policy: Permission was denied for this request to access the `loopback` address space. @ https://pravrudhi.vercel.app/:0
[  264221ms] [ERROR] Failed to load resource: net::ERR_FAILED @ http://localhost:8008/status:0
[  265221ms] [ERROR] Access to fetch at 'http://localhost:8008/health' from origin 'https://pravrudhi.vercel.app' has been blocked by CORS policy: Permission was denied for this request to access the `loopback` address space. @ https://pravrudhi.vercel.app/:0
[  265221ms] [ERROR] Failed to load resource: net::ERR_FAILED @ http://localhost:8008/health:0
[  267222ms] [ERROR] Access to fetch at 'http://localhost:8008/status' from origin 'https://pravrudhi.vercel.app' has been blocked by CORS policy: Permission was denied for this request to access the `loopback` address space. @ https://pravrudhi.vercel.app/:0
[  267222ms] [ERROR] Failed to load resource: net::ERR_FAILED @ http://localhost:8008/status:0
[  270221ms] [ERROR] Access to fetch at 'http://localhost:8008/health' from origin 'https://pravrudhi.vercel.app' has been blocked by CORS policy: Permission was denied for this request to access the `loopback` address space. @ https://pravrudhi.vercel.app/:0
[  270221ms] [ERROR] Failed to load resource: net::ERR_FAILED @ http://localhost:8008/health:0
[  270221ms] [ERROR] Access to fetch at 'http://localhost:8008/status' from origin 'https://pravrudhi.vercel.app' has been blocked by CORS policy: Permission was denied for this request to access the `loopback` address space. @ https://pravrudhi.vercel.app/:0
[  270221ms] [ERROR] Failed to load resource: net::ERR_FAILED @ http://localhost:8008/status:0
[  273221ms] [ERROR] Access to fetch at 'http://localhost:8008/status' from origin 'https://pravrudhi.vercel.app' has been blocked by CORS policy: Permission was denied for this request to access the `loopback` address space. @ https://pravrudhi.vercel.app/:0
[  273221ms] [ERROR] Failed to load resource: net::ERR_FAILED @ http://localhost:8008/status:0
[  275221ms] [ERROR] Access to fetch at 'http://localhost:8008/health' from origin 'https://pravrudhi.vercel.app' has been blocked by CORS policy: Permission was denied for this request to access the `loopback` address space. @ https://pravrudhi.vercel.app/:0
[  275221ms] [ERROR] Failed to load resource: net::ERR_FAILED @ http://localhost:8008/health:0
[  276221ms] [ERROR] Access to fetch at 'http://localhost:8008/status' from origin 'https://pravrudhi.vercel.app' has been blocked by CORS policy: Permission was denied for this request to access the `loopback` address space. @ https://pravrudhi.vercel.app/:0
[  276221ms] [ERROR] Failed to load resource: net::ERR_FAILED @ http://localhost:8008/status:0
[  279222ms] [ERROR] Access to fetch at 'http://localhost:8008/status' from origin 'https://pravrudhi.vercel.app' has been blocked by CORS policy: Permission was denied for this request to access the `loopback` address space. @ https://pravrudhi.vercel.app/:0
[  279222ms] [ERROR] Failed to load resource: net::ERR_FAILED @ http://localhost:8008/status:0
[  280221ms] [ERROR] Access to fetch at 'http://localhost:8008/health' from origin 'https://pravrudhi.vercel.app' has been blocked by CORS policy: Permission was denied for this request to access the `loopback` address space. @ https://pravrudhi.vercel.app/:0
[  280221ms] [ERROR] Failed to load resource: net::ERR_FAILED @ http://localhost:8008/health:0
[  282221ms] [ERROR] Access to fetch at 'http://localhost:8008/status' from origin 'https://pravrudhi.vercel.app' has been blocked by CORS policy: Permission was denied for this request to access the `loopback` address space. @ https://pravrudhi.vercel.app/:0
[  282221ms] [ERROR] Failed to load resource: net::ERR_FAILED @ http://localhost:8008/status:0
[  285221ms] [ERROR] Access to fetch at 'http://localhost:8008/health' from origin 'https://pravrudhi.vercel.app' has been blocked by CORS policy: Permission was denied for this request to access the `loopback` address space. @ https://pravrudhi.vercel.app/:0
[  285221ms] [ERROR] Failed to load resource: net::ERR_FAILED @ http://localhost:8008/health:0
[  285222ms] [ERROR] Access to fetch at 'http://localhost:8008/status' from origin 'https://pravrudhi.vercel.app' has been blocked by CORS policy: Permission was denied for this request to access the `loopback` address space. @ https://pravrudhi.vercel.app/:0
[  285222ms] [ERROR] Failed to load resource: net::ERR_FAILED @ http://localhost:8008/status:0
[  288222ms] [ERROR] Access to fetch at 'http://localhost:8008/status' from origin 'https://pravrudhi.vercel.app' has been blocked by CORS policy: Permission was denied for this request to access the `loopback` address space. @ https://pravrudhi.vercel.app/:0
[  288222ms] [ERROR] Failed to load resource: net::ERR_FAILED @ http://localhost:8008/status:0
[  290221ms] [ERROR] Access to fetch at 'http://localhost:8008/health' from origin 'https://pravrudhi.vercel.app' has been blocked by CORS policy: Permission was denied for this request to access the `loopback` address space. @ https://pravrudhi.vercel.app/:0
[  290221ms] [ERROR] Failed to load resource: net::ERR_FAILED @ http://localhost:8008/health:0
[  291222ms] [ERROR] Access to fetch at 'http://localhost:8008/status' from origin 'https://pravrudhi.vercel.app' has been blocked by CORS policy: Permission was denied for this request to access the `loopback` address space. @ https://pravrudhi.vercel.app/:0
[  291222ms] [ERROR] Failed to load resource: net::ERR_FAILED @ http://localhost:8008/status:0
[  294221ms] [ERROR] Access to fetch at 'http://localhost:8008/status' from origin 'https://pravrudhi.vercel.app' has been blocked by CORS policy: Permission was denied for this request to access the `loopback` address space. @ https://pravrudhi.vercel.app/:0
[  294221ms] [ERROR] Failed to load resource: net::ERR_FAILED @ http://localhost:8008/status:0
[  295221ms] [ERROR] Access to fetch at 'http://localhost:8008/health' from origin 'https://pravrudhi.vercel.app' has been blocked by CORS policy: Permission was denied for this request to access the `loopback` address space. @ https://pravrudhi.vercel.app/:0
[  295221ms] [ERROR] Failed to load resource: net::ERR_FAILED @ http://localhost:8008/health:0
[  297222ms] [ERROR] Access to fetch at 'http://localhost:8008/status' from origin 'https://pravrudhi.vercel.app' has been blocked by CORS policy: Permission was denied for this request to access the `loopback` address space. @ https://pravrudhi.vercel.app/:0
[  297222ms] [ERROR] Failed to load resource: net::ERR_FAILED @ http://localhost:8008/status:0
[  300221ms] [ERROR] Access to fetch at 'http://localhost:8008/health' from origin 'https://pravrudhi.vercel.app' has been blocked by CORS policy: Permission was denied for this request to access the `loopback` address space. @ https://pravrudhi.vercel.app/:0
[  300221ms] [ERROR] Failed to load resource: net::ERR_FAILED @ http://localhost:8008/health:0
[  300221ms] [ERROR] Access to fetch at 'http://localhost:8008/status' from origin 'https://pravrudhi.vercel.app' has been blocked by CORS policy: Permission was denied for this request to access the `loopback` address space. @ https://pravrudhi.vercel.app/:0
[  300221ms] [ERROR] Failed to load resource: net::ERR_FAILED @ http://localhost:8008/status:0
[  303222ms] [ERROR] Access to fetch at 'http://localhost:8008/status' from origin 'https://pravrudhi.vercel.app' has been blocked by CORS policy: Permission was denied for this request to access the `loopback` address space. @ https://pravrudhi.vercel.app/:0
[  303222ms] [ERROR] Failed to load resource: net::ERR_FAILED @ http://localhost:8008/status:0
[  305221ms] [ERROR] Access to fetch at 'http://localhost:8008/health' from origin 'https://pravrudhi.vercel.app' has been blocked by CORS policy: Permission was denied for this request to access the `loopback` address space. @ https://pravrudhi.vercel.app/:0
[  305221ms] [ERROR] Failed to load resource: net::ERR_FAILED @ http://localhost:8008/health:0
[  306221ms] [ERROR] Access to fetch at 'http://localhost:8008/status' from origin 'https://pravrudhi.vercel.app' has been blocked by CORS policy: Permission was denied for this request to access the `loopback` address space. @ https://pravrudhi.vercel.app/:0
[  306221ms] [ERROR] Failed to load resource: net::ERR_FAILED @ http://localhost:8008/status:0
[  309221ms] [ERROR] Access to fetch at 'http://localhost:8008/status' from origin 'https://pravrudhi.vercel.app' has been blocked by CORS policy: Permission was denied for this request to access the `loopback` address space. @ https://pravrudhi.vercel.app/:0
[  309222ms] [ERROR] Failed to load resource: net::ERR_FAILED @ http://localhost:8008/status:0
[  310221ms] [ERROR] Access to fetch at 'http://localhost:8008/health' from origin 'https://pravrudhi.vercel.app' has been blocked by CORS policy: Permission was denied for this request to access the `loopback` address space. @ https://pravrudhi.vercel.app/:0
[  310221ms] [ERROR] Failed to load resource: net::ERR_FAILED @ http://localhost:8008/health:0
[  312221ms] [ERROR] Access to fetch at 'http://localhost:8008/status' from origin 'https://pravrudhi.vercel.app' has been blocked by CORS policy: Permission was denied for this request to access the `loopback` address space. @ https://pravrudhi.vercel.app/:0
[  312222ms] [ERROR] Failed to load resource: net::ERR_FAILED @ http://localhost:8008/status:0
[  315222ms] [ERROR] Access to fetch at 'http://localhost:8008/health' from origin 'https://pravrudhi.vercel.app' has been blocked by CORS policy: Permission was denied for this request to access the `loopback` address space. @ https://pravrudhi.vercel.app/:0
[  315222ms] [ERROR] Failed to load resource: net::ERR_FAILED @ http://localhost:8008/health:0
[  315222ms] [ERROR] Access to fetch at 'http://localhost:8008/status' from origin 'https://pravrudhi.vercel.app' has been blocked by CORS policy: Permission was denied for this request to access the `loopback` address space. @ https://pravrudhi.vercel.app/:0
[  315222ms] [ERROR] Failed to load resource: net::ERR_FAILED @ http://localhost:8008/status:0
[  318221ms] [ERROR] Access to fetch at 'http://localhost:8008/status' from origin 'https://pravrudhi.vercel.app' has been blocked by CORS policy: Permission was denied for this request to access the `loopback` address space. @ https://pravrudhi.vercel.app/:0
[  318222ms] [ERROR] Failed to load resource: net::ERR_FAILED @ http://localhost:8008/status:0
[  320221ms] [ERROR] Access to fetch at 'http://localhost:8008/health' from origin 'https://pravrudhi.vercel.app' has been blocked by CORS policy: Permission was denied for this request to access the `loopback` address space. @ https://pravrudhi.vercel.app/:0
[  320221ms] [ERROR] Failed to load resource: net::ERR_FAILED @ http://localhost:8008/health:0
[  321221ms] [ERROR] Access to fetch at 'http://localhost:8008/status' from origin 'https://pravrudhi.vercel.app' has been blocked by CORS policy: Permission was denied for this request to access the `loopback` address space. @ https://pravrudhi.vercel.app/:0
[  321221ms] [ERROR] Failed to load resource: net::ERR_FAILED @ http://localhost:8008/status:0
[  324221ms] [ERROR] Access to fetch at 'http://localhost:8008/status' from origin 'https://pravrudhi.vercel.app' has been blocked by CORS policy: Permission was denied for this request to access the `loopback` address space. @ https://pravrudhi.vercel.app/:0
[  324221ms] [ERROR] Failed to load resource: net::ERR_FAILED @ http://localhost:8008/status:0
[  325221ms] [ERROR] Access to fetch at 'http://localhost:8008/health' from origin 'https://pravrudhi.vercel.app' has been blocked by CORS policy: Permission was denied for this request to access the `loopback` address space. @ https://pravrudhi.vercel.app/:0
[  325221ms] [ERROR] Failed to load resource: net::ERR_FAILED @ http://localhost:8008/health:0
[  327221ms] [ERROR] Access to fetch at 'http://localhost:8008/status' from origin 'https://pravrudhi.vercel.app' has been blocked by CORS policy: Permission was denied for this request to access the `loopback` address space. @ https://pravrudhi.vercel.app/:0
[  327222ms] [ERROR] Failed to load resource: net::ERR_FAILED @ http://localhost:8008/status:0
[  330221ms] [ERROR] Access to fetch at 'http://localhost:8008/health' from origin 'https://pravrudhi.vercel.app' has been blocked by CORS policy: Permission was denied for this request to access the `loopback` address space. @ https://pravrudhi.vercel.app/:0
[  330221ms] [ERROR] Failed to load resource: net::ERR_FAILED @ http://localhost:8008/health:0
[  330222ms] [ERROR] Access to fetch at 'http://localhost:8008/status' from origin 'https://pravrudhi.vercel.app' has been blocked by CORS policy: Permission was denied for this request to access the `loopback` address space. @ https://pravrudhi.vercel.app/:0
[  330222ms] [ERROR] Failed to load resource: net::ERR_FAILED @ http://localhost:8008/status:0
[  333221ms] [ERROR] Access to fetch at 'http://localhost:8008/status' from origin 'https://pravrudhi.vercel.app' has been blocked by CORS policy: Permission was denied for this request to access the `loopback` address space. @ https://pravrudhi.vercel.app/:0
[  333222ms] [ERROR] Failed to load resource: net::ERR_FAILED @ http://localhost:8008/status:0
[  335221ms] [ERROR] Access to fetch at 'http://localhost:8008/health' from origin 'https://pravrudhi.vercel.app' has been blocked by CORS policy: Permission was denied for this request to access the `loopback` address space. @ https://pravrudhi.vercel.app/:0
[  335221ms] [ERROR] Failed to load resource: net::ERR_FAILED @ http://localhost:8008/health:0
[  336221ms] [ERROR] Access to fetch at 'http://localhost:8008/status' from origin 'https://pravrudhi.vercel.app' has been blocked by CORS policy: Permission was denied for this request to access the `loopback` address space. @ https://pravrudhi.vercel.app/:0
[  336222ms] [ERROR] Failed to load resource: net::ERR_FAILED @ http://localhost:8008/status:0
[  339221ms] [ERROR] Access to fetch at 'http://localhost:8008/status' from origin 'https://pravrudhi.vercel.app' has been blocked by CORS policy: Permission was denied for this request to access the `loopback` address space. @ https://pravrudhi.vercel.app/:0
[  339222ms] [ERROR] Failed to load resource: net::ERR_FAILED @ http://localhost:8008/status:0
[  340221ms] [ERROR] Access to fetch at 'http://localhost:8008/health' from origin 'https://pravrudhi.vercel.app' has been blocked by CORS policy: Permission was denied for this request to access the `loopback` address space. @ https://pravrudhi.vercel.app/:0
[  340221ms] [ERROR] Failed to load resource: net::ERR_FAILED @ http://localhost:8008/health:0
[  342222ms] [ERROR] Access to fetch at 'http://localhost:8008/status' from origin 'https://pravrudhi.vercel.app' has been blocked by CORS policy: Permission was denied for this request to access the `loopback` address space. @ https://pravrudhi.vercel.app/:0
[  342222ms] [ERROR] Failed to load resource: net::ERR_FAILED @ http://localhost:8008/status:0
[  345221ms] [ERROR] Access to fetch at 'http://localhost:8008/health' from origin 'https://pravrudhi.vercel.app' has been blocked by CORS policy: Permission was denied for this request to access the `loopback` address space. @ https://pravrudhi.vercel.app/:0
[  345221ms] [ERROR] Failed to load resource: net::ERR_FAILED @ http://localhost:8008/health:0
[  345221ms] [ERROR] Access to fetch at 'http://localhost:8008/status' from origin 'https://pravrudhi.vercel.app' has been blocked by CORS policy: Permission was denied for this request to access the `loopback` address space. @ https://pravrudhi.vercel.app/:0
[  345221ms] [ERROR] Failed to load resource: net::ERR_FAILED @ http://localhost:8008/status:0
[  348222ms] [ERROR] Access to fetch at 'http://localhost:8008/status' from origin 'https://pravrudhi.vercel.app' has been blocked by CORS policy: Permission was denied for this request to access the `loopback` address space. @ https://pravrudhi.vercel.app/:0
[  348222ms] [ERROR] Failed to load resource: net::ERR_FAILED @ http://localhost:8008/status:0
[  350221ms] [ERROR] Access to fetch at 'http://localhost:8008/health' from origin 'https://pravrudhi.vercel.app' has been blocked by CORS policy: Permission was denied for this request to access the `loopback` address space. @ https://pravrudhi.vercel.app/:0
[  350222ms] [ERROR] Failed to load resource: net::ERR_FAILED @ http://localhost:8008/health:0
[  351222ms] [ERROR] Access to fetch at 'http://localhost:8008/status' from origin 'https://pravrudhi.vercel.app' has been blocked by CORS policy: Permission was denied for this request to access the `loopback` address space. @ https://pravrudhi.vercel.app/:0
[  351222ms] [ERROR] Failed to load resource: net::ERR_FAILED @ http://localhost:8008/status:0
[  354222ms] [ERROR] Access to fetch at 'http://localhost:8008/status' from origin 'https://pravrudhi.vercel.app' has been blocked by CORS policy: Permission was denied for this request to access the `loopback` address space. @ https://pravrudhi.vercel.app/:0
[  354222ms] [ERROR] Failed to load resource: net::ERR_FAILED @ http://localhost:8008/status:0
[  355221ms] [ERROR] Access to fetch at 'http://localhost:8008/health' from origin 'https://pravrudhi.vercel.app' has been blocked by CORS policy: Permission was denied for this request to access the `loopback` address space. @ https://pravrudhi.vercel.app/:0
[  355221ms] [ERROR] Failed to load resource: net::ERR_FAILED @ http://localhost:8008/health:0
[  357222ms] [ERROR] Access to fetch at 'http://localhost:8008/status' from origin 'https://pravrudhi.vercel.app' has been blocked by CORS policy: Permission was denied for this request to access the `loopback` address space. @ https://pravrudhi.vercel.app/:0
[  357222ms] [ERROR] Failed to load resource: net::ERR_FAILED @ http://localhost:8008/status:0
[  360221ms] [ERROR] Access to fetch at 'http://localhost:8008/health' from origin 'https://pravrudhi.vercel.app' has been blocked by CORS policy: Permission was denied for this request to access the `loopback` address space. @ https://pravrudhi.vercel.app/:0
[  360221ms] [ERROR] Failed to load resource: net::ERR_FAILED @ http://localhost:8008/health:0
[  360221ms] [ERROR] Access to fetch at 'http://localhost:8008/status' from origin 'https://pravrudhi.vercel.app' has been blocked by CORS policy: Permission was denied for this request to access the `loopback` address space. @ https://pravrudhi.vercel.app/:0
[  360221ms] [ERROR] Failed to load resource: net::ERR_FAILED @ http://localhost:8008/status:0
[  363221ms] [ERROR] Access to fetch at 'http://localhost:8008/status' from origin 'https://pravrudhi.vercel.app' has been blocked by CORS policy: Permission was denied for this request to access the `loopback` address space. @ https://pravrudhi.vercel.app/:0
[  363222ms] [ERROR] Failed to load resource: net::ERR_FAILED @ http://localhost:8008/status:0
[  365221ms] [ERROR] Access to fetch at 'http://localhost:8008/health' from origin 'https://pravrudhi.vercel.app' has been blocked by CORS policy: Permission was denied for this request to access the `loopback` address space. @ https://pravrudhi.vercel.app/:0
[  365221ms] [ERROR] Failed to load resource: net::ERR_FAILED @ http://localhost:8008/health:0
[  366221ms] [ERROR] Access to fetch at 'http://localhost:8008/status' from origin 'https://pravrudhi.vercel.app' has been blocked by CORS policy: Permission was denied for this request to access the `loopback` address space. @ https://pravrudhi.vercel.app/:0
[  366222ms] [ERROR] Failed to load resource: net::ERR_FAILED @ http://localhost:8008/status:0
[  369222ms] [ERROR] Access to fetch at 'http://localhost:8008/status' from origin 'https://pravrudhi.vercel.app' has been blocked by CORS policy: Permission was denied for this request to access the `loopback` address space. @ https://pravrudhi.vercel.app/:0
[  369222ms] [ERROR] Failed to load resource: net::ERR_FAILED @ http://localhost:8008/status:0
[  370221ms] [ERROR] Access to fetch at 'http://localhost:8008/health' from origin 'https://pravrudhi.vercel.app' has been blocked by CORS policy: Permission was denied for this request to access the `loopback` address space. @ https://pravrudhi.vercel.app/:0
[  370221ms] [ERROR] Failed to load resource: net::ERR_FAILED @ http://localhost:8008/health:0
[  372221ms] [ERROR] Access to fetch at 'http://localhost:8008/status' from origin 'https://pravrudhi.vercel.app' has been blocked by CORS policy: Permission was denied for this request to access the `loopback` address space. @ https://pravrudhi.vercel.app/:0
[  372221ms] [ERROR] Failed to load resource: net::ERR_FAILED @ http://localhost:8008/status:0
[  375221ms] [ERROR] Access to fetch at 'http://localhost:8008/health' from origin 'https://pravrudhi.vercel.app' has been blocked by CORS policy: Permission was denied for this request to access the `loopback` address space. @ https://pravrudhi.vercel.app/:0
[  375221ms] [ERROR] Failed to load resource: net::ERR_FAILED @ http://localhost:8008/health:0
[  375221ms] [ERROR] Access to fetch at 'http://localhost:8008/status' from origin 'https://pravrudhi.vercel.app' has been blocked by CORS policy: Permission was denied for this request to access the `loopback` address space. @ https://pravrudhi.vercel.app/:0
[  375221ms] [ERROR] Failed to load resource: net::ERR_FAILED @ http://localhost:8008/status:0
[  378221ms] [ERROR] Access to fetch at 'http://localhost:8008/status' from origin 'https://pravrudhi.vercel.app' has been blocked by CORS policy: Permission was denied for this request to access the `loopback` address space. @ https://pravrudhi.vercel.app/:0
[  378222ms] [ERROR] Failed to load resource: net::ERR_FAILED @ http://localhost:8008/status:0
[  380221ms] [ERROR] Access to fetch at 'http://localhost:8008/health' from origin 'https://pravrudhi.vercel.app' has been blocked by CORS policy: Permission was denied for this request to access the `loopback` address space. @ https://pravrudhi.vercel.app/:0
[  380221ms] [ERROR] Failed to load resource: net::ERR_FAILED @ http://localhost:8008/health:0
[  381221ms] [ERROR] Access to fetch at 'http://localhost:8008/status' from origin 'https://pravrudhi.vercel.app' has been blocked by CORS policy: Permission was denied for this request to access the `loopback` address space. @ https://pravrudhi.vercel.app/:0
[  381222ms] [ERROR] Failed to load resource: net::ERR_FAILED @ http://localhost:8008/status:0
[  384222ms] [ERROR] Access to fetch at 'http://localhost:8008/status' from origin 'https://pravrudhi.vercel.app' has been blocked by CORS policy: Permission was denied for this request to access the `loopback` address space. @ https://pravrudhi.vercel.app/:0
[  384222ms] [ERROR] Failed to load resource: net::ERR_FAILED @ http://localhost:8008/status:0
[  385221ms] [ERROR] Access to fetch at 'http://localhost:8008/health' from origin 'https://pravrudhi.vercel.app' has been blocked by CORS policy: Permission was denied for this request to access the `loopback` address space. @ https://pravrudhi.vercel.app/:0
[  385221ms] [ERROR] Failed to load resource: net::ERR_FAILED @ http://localhost:8008/health:0
[  387222ms] [ERROR] Access to fetch at 'http://localhost:8008/status' from origin 'https://pravrudhi.vercel.app' has been blocked by CORS policy: Permission was denied for this request to access the `loopback` address space. @ https://pravrudhi.vercel.app/:0
[  387222ms] [ERROR] Failed to load resource: net::ERR_FAILED @ http://localhost:8008/status:0
[  390221ms] [ERROR] Access to fetch at 'http://localhost:8008/health' from origin 'https://pravrudhi.vercel.app' has been blocked by CORS policy: Permission was denied for this request to access the `loopback` address space. @ https://pravrudhi.vercel.app/:0
[  390222ms] [ERROR] Failed to load resource: net::ERR_FAILED @ http://localhost:8008/health:0
[  390222ms] [ERROR] Access to fetch at 'http://localhost:8008/status' from origin 'https://pravrudhi.vercel.app' has been blocked by CORS policy: Permission was denied for this request to access the `loopback` address space. @ https://pravrudhi.vercel.app/:0
[  390222ms] [ERROR] Failed to load resource: net::ERR_FAILED @ http://localhost:8008/status:0
[  393222ms] [ERROR] Access to fetch at 'http://localhost:8008/status' from origin 'https://pravrudhi.vercel.app' has been blocked by CORS policy: Permission was denied for this request to access the `loopback` address space. @ https://pravrudhi.vercel.app/:0
[  393222ms] [ERROR] Failed to load resource: net::ERR_FAILED @ http://localhost:8008/status:0
[  395221ms] [ERROR] Access to fetch at 'http://localhost:8008/health' from origin 'https://pravrudhi.vercel.app' has been blocked by CORS policy: Permission was denied for this request to access the `loopback` address space. @ https://pravrudhi.vercel.app/:0
[  395221ms] [ERROR] Failed to load resource: net::ERR_FAILED @ http://localhost:8008/health:0
[  396221ms] [ERROR] Access to fetch at 'http://localhost:8008/status' from origin 'https://pravrudhi.vercel.app' has been blocked by CORS policy: Permission was denied for this request to access the `loopback` address space. @ https://pravrudhi.vercel.app/:0
[  396221ms] [ERROR] Failed to load resource: net::ERR_FAILED @ http://localhost:8008/status:0
[  399222ms] [ERROR] Access to fetch at 'http://localhost:8008/status' from origin 'https://pravrudhi.vercel.app' has been blocked by CORS policy: Permission was denied for this request to access the `loopback` address space. @ https://pravrudhi.vercel.app/:0
[  399222ms] [ERROR] Failed to load resource: net::ERR_FAILED @ http://localhost:8008/status:0
[  400221ms] [ERROR] Access to fetch at 'http://localhost:8008/health' from origin 'https://pravrudhi.vercel.app' has been blocked by CORS policy: Permission was denied for this request to access the `loopback` address space. @ https://pravrudhi.vercel.app/:0
[  400222ms] [ERROR] Failed to load resource: net::ERR_FAILED @ http://localhost:8008/health:0
[  402222ms] [ERROR] Access to fetch at 'http://localhost:8008/status' from origin 'https://pravrudhi.vercel.app' has been blocked by CORS policy: Permission was denied for this request to access the `loopback` address space. @ https://pravrudhi.vercel.app/:0
[  402222ms] [ERROR] Failed to load resource: net::ERR_FAILED @ http://localhost:8008/status:0
[  405221ms] [ERROR] Access to fetch at 'http://localhost:8008/health' from origin 'https://pravrudhi.vercel.app' has been blocked by CORS policy: Permission was denied for this request to access the `loopback` address space. @ https://pravrudhi.vercel.app/:0
[  405221ms] [ERROR] Failed to load resource: net::ERR_FAILED @ http://localhost:8008/health:0
[  405221ms] [ERROR] Access to fetch at 'http://localhost:8008/status' from origin 'https://pravrudhi.vercel.app' has been blocked by CORS policy: Permission was denied for this request to access the `loopback` address space. @ https://pravrudhi.vercel.app/:0
[  405221ms] [ERROR] Failed to load resource: net::ERR_FAILED @ http://localhost:8008/status:0
[  408222ms] [ERROR] Access to fetch at 'http://localhost:8008/status' from origin 'https://pravrudhi.vercel.app' has been blocked by CORS policy: Permission was denied for this request to access the `loopback` address space. @ https://pravrudhi.vercel.app/:0
[  408222ms] [ERROR] Failed to load resource: net::ERR_FAILED @ http://localhost:8008/status:0
[  410221ms] [ERROR] Access to fetch at 'http://localhost:8008/health' from origin 'https://pravrudhi.vercel.app' has been blocked by CORS policy: Permission was denied for this request to access the `loopback` address space. @ https://pravrudhi.vercel.app/:0
[  410221ms] [ERROR] Failed to load resource: net::ERR_FAILED @ http://localhost:8008/health:0
[  411222ms] [ERROR] Access to fetch at 'http://localhost:8008/status' from origin 'https://pravrudhi.vercel.app' has been blocked by CORS policy: Permission was denied for this request to access the `loopback` address space. @ https://pravrudhi.vercel.app/:0
[  411222ms] [ERROR] Failed to load resource: net::ERR_FAILED @ http://localhost:8008/status:0
[  414222ms] [ERROR] Access to fetch at 'http://localhost:8008/status' from origin 'https://pravrudhi.vercel.app' has been blocked by CORS policy: Permission was denied for this request to access the `loopback` address space. @ https://pravrudhi.vercel.app/:0
[  414222ms] [ERROR] Failed to load resource: net::ERR_FAILED @ http://localhost:8008/status:0
[  415221ms] [ERROR] Access to fetch at 'http://localhost:8008/health' from origin 'https://pravrudhi.vercel.app' has been blocked by CORS policy: Permission was denied for this request to access the `loopback` address space. @ https://pravrudhi.vercel.app/:0
[  415221ms] [ERROR] Failed to load resource: net::ERR_FAILED @ http://localhost:8008/health:0
[  417222ms] [ERROR] Access to fetch at 'http://localhost:8008/status' from origin 'https://pravrudhi.vercel.app' has been blocked by CORS policy: Permission was denied for this request to access the `loopback` address space. @ https://pravrudhi.vercel.app/:0
[  417222ms] [ERROR] Failed to load resource: net::ERR_FAILED @ http://localhost:8008/status:0
[  420221ms] [ERROR] Access to fetch at 'http://localhost:8008/health' from origin 'https://pravrudhi.vercel.app' has been blocked by CORS policy: Permission was denied for this request to access the `loopback` address space. @ https://pravrudhi.vercel.app/:0
[  420221ms] [ERROR] Failed to load resource: net::ERR_FAILED @ http://localhost:8008/health:0
[  420221ms] [ERROR] Access to fetch at 'http://localhost:8008/status' from origin 'https://pravrudhi.vercel.app' has been blocked by CORS policy: Permission was denied for this request to access the `loopback` address space. @ https://pravrudhi.vercel.app/:0
[  420221ms] [ERROR] Failed to load resource: net::ERR_FAILED @ http://localhost:8008/status:0
[  423222ms] [ERROR] Access to fetch at 'http://localhost:8008/status' from origin 'https://pravrudhi.vercel.app' has been blocked by CORS policy: Permission was denied for this request to access the `loopback` address space. @ https://pravrudhi.vercel.app/:0
[  423222ms] [ERROR] Failed to load resource: net::ERR_FAILED @ http://localhost:8008/status:0
[  425221ms] [ERROR] Access to fetch at 'http://localhost:8008/health' from origin 'https://pravrudhi.vercel.app' has been blocked by CORS policy: Permission was denied for this request to access the `loopback` address space. @ https://pravrudhi.vercel.app/:0
[  425221ms] [ERROR] Failed to load resource: net::ERR_FAILED @ http://localhost:8008/health:0
[  426221ms] [ERROR] Access to fetch at 'http://localhost:8008/status' from origin 'https://pravrudhi.vercel.app' has been blocked by CORS policy: Permission was denied for this request to access the `loopback` address space. @ https://pravrudhi.vercel.app/:0
[  426221ms] [ERROR] Failed to load resource: net::ERR_FAILED @ http://localhost:8008/status:0
[  429221ms] [ERROR] Access to fetch at 'http://localhost:8008/status' from origin 'https://pravrudhi.vercel.app' has been blocked by CORS policy: Permission was denied for this request to access the `loopback` address space. @ https://pravrudhi.vercel.app/:0
[  429222ms] [ERROR] Failed to load resource: net::ERR_FAILED @ http://localhost:8008/status:0
[  430221ms] [ERROR] Access to fetch at 'http://localhost:8008/health' from origin 'https://pravrudhi.vercel.app' has been blocked by CORS policy: Permission was denied for this request to access the `loopback` address space. @ https://pravrudhi.vercel.app/:0
[  430221ms] [ERROR] Failed to load resource: net::ERR_FAILED @ http://localhost:8008/health:0
[  432222ms] [ERROR] Access to fetch at 'http://localhost:8008/status' from origin 'https://pravrudhi.vercel.app' has been blocked by CORS policy: Permission was denied for this request to access the `loopback` address space. @ https://pravrudhi.vercel.app/:0
[  432222ms] [ERROR] Failed to load resource: net::ERR_FAILED @ http://localhost:8008/status:0
[  435221ms] [ERROR] Access to fetch at 'http://localhost:8008/health' from origin 'https://pravrudhi.vercel.app' has been blocked by CORS policy: Permission was denied for this request to access the `loopback` address space. @ https://pravrudhi.vercel.app/:0
[  435221ms] [ERROR] Failed to load resource: net::ERR_FAILED @ http://localhost:8008/health:0
[  435222ms] [ERROR] Access to fetch at 'http://localhost:8008/status' from origin 'https://pravrudhi.vercel.app' has been blocked by CORS policy: Permission was denied for this request to access the `loopback` address space. @ https://pravrudhi.vercel.app/:0
[  435222ms] [ERROR] Failed to load resource: net::ERR_FAILED @ http://localhost:8008/status:0
[  438221ms] [ERROR] Access to fetch at 'http://localhost:8008/status' from origin 'https://pravrudhi.vercel.app' has been blocked by CORS policy: Permission was denied for this request to access the `loopback` address space. @ https://pravrudhi.vercel.app/:0
[  438222ms] [ERROR] Failed to load resource: net::ERR_FAILED @ http://localhost:8008/status:0
[  440221ms] [ERROR] Access to fetch at 'http://localhost:8008/health' from origin 'https://pravrudhi.vercel.app' has been blocked by CORS policy: Permission was denied for this request to access the `loopback` address space. @ https://pravrudhi.vercel.app/:0
[  440221ms] [ERROR] Failed to load resource: net::ERR_FAILED @ http://localhost:8008/health:0
[  441222ms] [ERROR] Access to fetch at 'http://localhost:8008/status' from origin 'https://pravrudhi.vercel.app' has been blocked by CORS policy: Permission was denied for this request to access the `loopback` address space. @ https://pravrudhi.vercel.app/:0
[  441222ms] [ERROR] Failed to load resource: net::ERR_FAILED @ http://localhost:8008/status:0
[  444222ms] [ERROR] Access to fetch at 'http://localhost:8008/status' from origin 'https://pravrudhi.vercel.app' has been blocked by CORS policy: Permission was denied for this request to access the `loopback` address space. @ https://pravrudhi.vercel.app/:0
[  444222ms] [ERROR] Failed to load resource: net::ERR_FAILED @ http://localhost:8008/status:0
[  445221ms] [ERROR] Access to fetch at 'http://localhost:8008/health' from origin 'https://pravrudhi.vercel.app' has been blocked by CORS policy: Permission was denied for this request to access the `loopback` address space. @ https://pravrudhi.vercel.app/:0
[  445221ms] [ERROR] Failed to load resource: net::ERR_FAILED @ http://localhost:8008/health:0
[  447222ms] [ERROR] Access to fetch at 'http://localhost:8008/status' from origin 'https://pravrudhi.vercel.app' has been blocked by CORS policy: Permission was denied for this request to access the `loopback` address space. @ https://pravrudhi.vercel.app/:0
[  447222ms] [ERROR] Failed to load resource: net::ERR_FAILED @ http://localhost:8008/status:0
[  450221ms] [ERROR] Access to fetch at 'http://localhost:8008/health' from origin 'https://pravrudhi.vercel.app' has been blocked by CORS policy: Permission was denied for this request to access the `loopback` address space. @ https://pravrudhi.vercel.app/:0
[  450221ms] [ERROR] Failed to load resource: net::ERR_FAILED @ http://localhost:8008/health:0
[  450221ms] [ERROR] Access to fetch at 'http://localhost:8008/status' from origin 'https://pravrudhi.vercel.app' has been blocked by CORS policy: Permission was denied for this request to access the `loopback` address space. @ https://pravrudhi.vercel.app/:0
[  450222ms] [ERROR] Failed to load resource: net::ERR_FAILED @ http://localhost:8008/status:0
[  453221ms] [ERROR] Access to fetch at 'http://localhost:8008/status' from origin 'https://pravrudhi.vercel.app' has been blocked by CORS policy: Permission was denied for this request to access the `loopback` address space. @ https://pravrudhi.vercel.app/:0
[  453222ms] [ERROR] Failed to load resource: net::ERR_FAILED @ http://localhost:8008/status:0
[  455221ms] [ERROR] Access to fetch at 'http://localhost:8008/health' from origin 'https://pravrudhi.vercel.app' has been blocked by CORS policy: Permission was denied for this request to access the `loopback` address space. @ https://pravrudhi.vercel.app/:0
[  455221ms] [ERROR] Failed to load resource: net::ERR_FAILED @ http://localhost:8008/health:0
[  456222ms] [ERROR] Access to fetch at 'http://localhost:8008/status' from origin 'https://pravrudhi.vercel.app' has been blocked by CORS policy: Permission was denied for this request to access the `loopback` address space. @ https://pravrudhi.vercel.app/:0
[  456222ms] [ERROR] Failed to load resource: net::ERR_FAILED @ http://localhost:8008/status:0
[  459222ms] [ERROR] Access to fetch at 'http://localhost:8008/status' from origin 'https://pravrudhi.vercel.app' has been blocked by CORS policy: Permission was denied for this request to access the `loopback` address space. @ https://pravrudhi.vercel.app/:0
[  459222ms] [ERROR] Failed to load resource: net::ERR_FAILED @ http://localhost:8008/status:0
[  460221ms] [ERROR] Access to fetch at 'http://localhost:8008/health' from origin 'https://pravrudhi.vercel.app' has been blocked by CORS policy: Permission was denied for this request to access the `loopback` address space. @ https://pravrudhi.vercel.app/:0
[  460221ms] [ERROR] Failed to load resource: net::ERR_FAILED @ http://localhost:8008/health:0
[  462222ms] [ERROR] Access to fetch at 'http://localhost:8008/status' from origin 'https://pravrudhi.vercel.app' has been blocked by CORS policy: Permission was denied for this request to access the `loopback` address space. @ https://pravrudhi.vercel.app/:0
[  462222ms] [ERROR] Failed to load resource: net::ERR_FAILED @ http://localhost:8008/status:0
[  465221ms] [ERROR] Access to fetch at 'http://localhost:8008/health' from origin 'https://pravrudhi.vercel.app' has been blocked by CORS policy: Permission was denied for this request to access the `loopback` address space. @ https://pravrudhi.vercel.app/:0
[  465221ms] [ERROR] Failed to load resource: net::ERR_FAILED @ http://localhost:8008/health:0
[  465222ms] [ERROR] Access to fetch at 'http://localhost:8008/status' from origin 'https://pravrudhi.vercel.app' has been blocked by CORS policy: Permission was denied for this request to access the `loopback` address space. @ https://pravrudhi.vercel.app/:0
[  465222ms] [ERROR] Failed to load resource: net::ERR_FAILED @ http://localhost:8008/status:0
[  468221ms] [ERROR] Access to fetch at 'http://localhost:8008/status' from origin 'https://pravrudhi.vercel.app' has been blocked by CORS policy: Permission was denied for this request to access the `loopback` address space. @ https://pravrudhi.vercel.app/:0
[  468221ms] [ERROR] Failed to load resource: net::ERR_FAILED @ http://localhost:8008/status:0
[  470221ms] [ERROR] Access to fetch at 'http://localhost:8008/health' from origin 'https://pravrudhi.vercel.app' has been blocked by CORS policy: Permission was denied for this request to access the `loopback` address space. @ https://pravrudhi.vercel.app/:0
[  470221ms] [ERROR] Failed to load resource: net::ERR_FAILED @ http://localhost:8008/health:0
[  471222ms] [ERROR] Access to fetch at 'http://localhost:8008/status' from origin 'https://pravrudhi.vercel.app' has been blocked by CORS policy: Permission was denied for this request to access the `loopback` address space. @ https://pravrudhi.vercel.app/:0
[  471222ms] [ERROR] Failed to load resource: net::ERR_FAILED @ http://localhost:8008/status:0
[  474222ms] [ERROR] Access to fetch at 'http://localhost:8008/status' from origin 'https://pravrudhi.vercel.app' has been blocked by CORS policy: Permission was denied for this request to access the `loopback` address space. @ https://pravrudhi.vercel.app/:0
[  474222ms] [ERROR] Failed to load resource: net::ERR_FAILED @ http://localhost:8008/status:0
[  475221ms] [ERROR] Access to fetch at 'http://localhost:8008/health' from origin 'https://pravrudhi.vercel.app' has been blocked by CORS policy: Permission was denied for this request to access the `loopback` address space. @ https://pravrudhi.vercel.app/:0
[  475221ms] [ERROR] Failed to load resource: net::ERR_FAILED @ http://localhost:8008/health:0
[  477222ms] [ERROR] Access to fetch at 'http://localhost:8008/status' from origin 'https://pravrudhi.vercel.app' has been blocked by CORS policy: Permission was denied for this request to access the `loopback` address space. @ https://pravrudhi.vercel.app/:0
[  477222ms] [ERROR] Failed to load resource: net::ERR_FAILED @ http://localhost:8008/status:0
[  480221ms] [ERROR] Access to fetch at 'http://localhost:8008/health' from origin 'https://pravrudhi.vercel.app' has been blocked by CORS policy: Permission was denied for this request to access the `loopback` address space. @ https://pravrudhi.vercel.app/:0
[  480221ms] [ERROR] Failed to load resource: net::ERR_FAILED @ http://localhost:8008/health:0
[  480221ms] [ERROR] Access to fetch at 'http://localhost:8008/status' from origin 'https://pravrudhi.vercel.app' has been blocked by CORS policy: Permission was denied for this request to access the `loopback` address space. @ https://pravrudhi.vercel.app/:0
[  480221ms] [ERROR] Failed to load resource: net::ERR_FAILED @ http://localhost:8008/status:0
[  483222ms] [ERROR] Access to fetch at 'http://localhost:8008/status' from origin 'https://pravrudhi.vercel.app' has been blocked by CORS policy: Permission was denied for this request to access the `loopback` address space. @ https://pravrudhi.vercel.app/:0
[  483222ms] [ERROR] Failed to load resource: net::ERR_FAILED @ http://localhost:8008/status:0
[  485221ms] [ERROR] Access to fetch at 'http://localhost:8008/health' from origin 'https://pravrudhi.vercel.app' has been blocked by CORS policy: Permission was denied for this request to access the `loopback` address space. @ https://pravrudhi.vercel.app/:0
[  485221ms] [ERROR] Failed to load resource: net::ERR_FAILED @ http://localhost:8008/health:0
[  486222ms] [ERROR] Access to fetch at 'http://localhost:8008/status' from origin 'https://pravrudhi.vercel.app' has been blocked by CORS policy: Permission was denied for this request to access the `loopback` address space. @ https://pravrudhi.vercel.app/:0
[  486222ms] [ERROR] Failed to load resource: net::ERR_FAILED @ http://localhost:8008/status:0
[  489222ms] [ERROR] Access to fetch at 'http://localhost:8008/status' from origin 'https://pravrudhi.vercel.app' has been blocked by CORS policy: Permission was denied for this request to access the `loopback` address space. @ https://pravrudhi.vercel.app/:0
[  489222ms] [ERROR] Failed to load resource: net::ERR_FAILED @ http://localhost:8008/status:0
[  490221ms] [ERROR] Access to fetch at 'http://localhost:8008/health' from origin 'https://pravrudhi.vercel.app' has been blocked by CORS policy: Permission was denied for this request to access the `loopback` address space. @ https://pravrudhi.vercel.app/:0
[  490221ms] [ERROR] Failed to load resource: net::ERR_FAILED @ http://localhost:8008/health:0
[  492221ms] [ERROR] Access to fetch at 'http://localhost:8008/status' from origin 'https://pravrudhi.vercel.app' has been blocked by CORS policy: Permission was denied for this request to access the `loopback` address space. @ https://pravrudhi.vercel.app/:0
[  492222ms] [ERROR] Failed to load resource: net::ERR_FAILED @ http://localhost:8008/status:0
[  495221ms] [ERROR] Access to fetch at 'http://localhost:8008/health' from origin 'https://pravrudhi.vercel.app' has been blocked by CORS policy: Permission was denied for this request to access the `loopback` address space. @ https://pravrudhi.vercel.app/:0
[  495221ms] [ERROR] Failed to load resource: net::ERR_FAILED @ http://localhost:8008/health:0
[  495221ms] [ERROR] Access to fetch at 'http://localhost:8008/status' from origin 'https://pravrudhi.vercel.app' has been blocked by CORS policy: Permission was denied for this request to access the `loopback` address space. @ https://pravrudhi.vercel.app/:0
[  495221ms] [ERROR] Failed to load resource: net::ERR_FAILED @ http://localhost:8008/status:0
[  498222ms] [ERROR] Access to fetch at 'http://localhost:8008/status' from origin 'https://pravrudhi.vercel.app' has been blocked by CORS policy: Permission was denied for this request to access the `loopback` address space. @ https://pravrudhi.vercel.app/:0
[  498222ms] [ERROR] Failed to load resource: net::ERR_FAILED @ http://localhost:8008/status:0
[  500221ms] [ERROR] Access to fetch at 'http://localhost:8008/health' from origin 'https://pravrudhi.vercel.app' has been blocked by CORS policy: Permission was denied for this request to access the `loopback` address space. @ https://pravrudhi.vercel.app/:0
[  500221ms] [ERROR] Failed to load resource: net::ERR_FAILED @ http://localhost:8008/health:0
[  501222ms] [ERROR] Access to fetch at 'http://localhost:8008/status' from origin 'https://pravrudhi.vercel.app' has been blocked by CORS policy: Permission was denied for this request to access the `loopback` address space. @ https://pravrudhi.vercel.app/:0
[  501222ms] [ERROR] Failed to load resource: net::ERR_FAILED @ http://localhost:8008/status:0
[  504221ms] [ERROR] Access to fetch at 'http://localhost:8008/status' from origin 'https://pravrudhi.vercel.app' has been blocked by CORS policy: Permission was denied for this request to access the `loopback` address space. @ https://pravrudhi.vercel.app/:0
[  504221ms] [ERROR] Failed to load resource: net::ERR_FAILED @ http://localhost:8008/status:0
[  505221ms] [ERROR] Access to fetch at 'http://localhost:8008/health' from origin 'https://pravrudhi.vercel.app' has been blocked by CORS policy: Permission was denied for this request to access the `loopback` address space. @ https://pravrudhi.vercel.app/:0
[  505221ms] [ERROR] Failed to load resource: net::ERR_FAILED @ http://localhost:8008/health:0
[  507222ms] [ERROR] Access to fetch at 'http://localhost:8008/status' from origin 'https://pravrudhi.vercel.app' has been blocked by CORS policy: Permission was denied for this request to access the `loopback` address space. @ https://pravrudhi.vercel.app/:0
[  507222ms] [ERROR] Failed to load resource: net::ERR_FAILED @ http://localhost:8008/status:0
[  510221ms] [ERROR] Access to fetch at 'http://localhost:8008/health' from origin 'https://pravrudhi.vercel.app' has been blocked by CORS policy: Permission was denied for this request to access the `loopback` address space. @ https://pravrudhi.vercel.app/:0
[  510221ms] [ERROR] Failed to load resource: net::ERR_FAILED @ http://localhost:8008/health:0
[  510222ms] [ERROR] Access to fetch at 'http://localhost:8008/status' from origin 'https://pravrudhi.vercel.app' has been blocked by CORS policy: Permission was denied for this request to access the `loopback` address space. @ https://pravrudhi.vercel.app/:0
[  510222ms] [ERROR] Failed to load resource: net::ERR_FAILED @ http://localhost:8008/status:0
[  513222ms] [ERROR] Access to fetch at 'http://localhost:8008/status' from origin 'https://pravrudhi.vercel.app' has been blocked by CORS policy: Permission was denied for this request to access the `loopback` address space. @ https://pravrudhi.vercel.app/:0
[  513222ms] [ERROR] Failed to load resource: net::ERR_FAILED @ http://localhost:8008/status:0
[  515221ms] [ERROR] Access to fetch at 'http://localhost:8008/health' from origin 'https://pravrudhi.vercel.app' has been blocked by CORS policy: Permission was denied for this request to access the `loopback` address space. @ https://pravrudhi.vercel.app/:0
[  515221ms] [ERROR] Failed to load resource: net::ERR_FAILED @ http://localhost:8008/health:0
[  516222ms] [ERROR] Access to fetch at 'http://localhost:8008/status' from origin 'https://pravrudhi.vercel.app' has been blocked by CORS policy: Permission was denied for this request to access the `loopback` address space. @ https://pravrudhi.vercel.app/:0
[  516222ms] [ERROR] Failed to load resource: net::ERR_FAILED @ http://localhost:8008/status:0
[  519221ms] [ERROR] Access to fetch at 'http://localhost:8008/status' from origin 'https://pravrudhi.vercel.app' has been blocked by CORS policy: Permission was denied for this request to access the `loopback` address space. @ https://pravrudhi.vercel.app/:0
[  519222ms] [ERROR] Failed to load resource: net::ERR_FAILED @ http://localhost:8008/status:0
[  520221ms] [ERROR] Access to fetch at 'http://localhost:8008/health' from origin 'https://pravrudhi.vercel.app' has been blocked by CORS policy: Permission was denied for this request to access the `loopback` address space. @ https://pravrudhi.vercel.app/:0
[  520221ms] [ERROR] Failed to load resource: net::ERR_FAILED @ http://localhost:8008/health:0
[  522222ms] [ERROR] Access to fetch at 'http://localhost:8008/status' from origin 'https://pravrudhi.vercel.app' has been blocked by CORS policy: Permission was denied for this request to access the `loopback` address space. @ https://pravrudhi.vercel.app/:0
[  522222ms] [ERROR] Failed to load resource: net::ERR_FAILED @ http://localhost:8008/status:0
[  525221ms] [ERROR] Access to fetch at 'http://localhost:8008/health' from origin 'https://pravrudhi.vercel.app' has been blocked by CORS policy: Permission was denied for this request to access the `loopback` address space. @ https://pravrudhi.vercel.app/:0
[  525221ms] [ERROR] Failed to load resource: net::ERR_FAILED @ http://localhost:8008/health:0
[  525221ms] [ERROR] Access to fetch at 'http://localhost:8008/status' from origin 'https://pravrudhi.vercel.app' has been blocked by CORS policy: Permission was denied for this request to access the `loopback` address space. @ https://pravrudhi.vercel.app/:0
[  525221ms] [ERROR] Failed to load resource: net::ERR_FAILED @ http://localhost:8008/status:0
[  528221ms] [ERROR] Access to fetch at 'http://localhost:8008/status' from origin 'https://pravrudhi.vercel.app' has been blocked by CORS policy: Permission was denied for this request to access the `loopback` address space. @ https://pravrudhi.vercel.app/:0
[  528221ms] [ERROR] Failed to load resource: net::ERR_FAILED @ http://localhost:8008/status:0
[  530221ms] [ERROR] Access to fetch at 'http://localhost:8008/health' from origin 'https://pravrudhi.vercel.app' has been blocked by CORS policy: Permission was denied for this request to access the `loopback` address space. @ https://pravrudhi.vercel.app/:0
[  530221ms] [ERROR] Failed to load resource: net::ERR_FAILED @ http://localhost:8008/health:0
[  531222ms] [ERROR] Access to fetch at 'http://localhost:8008/status' from origin 'https://pravrudhi.vercel.app' has been blocked by CORS policy: Permission was denied for this request to access the `loopback` address space. @ https://pravrudhi.vercel.app/:0
[  531222ms] [ERROR] Failed to load resource: net::ERR_FAILED @ http://localhost:8008/status:0
[  534221ms] [ERROR] Access to fetch at 'http://localhost:8008/status' from origin 'https://pravrudhi.vercel.app' has been blocked by CORS policy: Permission was denied for this request to access the `loopback` address space. @ https://pravrudhi.vercel.app/:0
[  534222ms] [ERROR] Failed to load resource: net::ERR_FAILED @ http://localhost:8008/status:0
[  535221ms] [ERROR] Access to fetch at 'http://localhost:8008/health' from origin 'https://pravrudhi.vercel.app' has been blocked by CORS policy: Permission was denied for this request to access the `loopback` address space. @ https://pravrudhi.vercel.app/:0
[  535221ms] [ERROR] Failed to load resource: net::ERR_FAILED @ http://localhost:8008/health:0
[  537221ms] [ERROR] Access to fetch at 'http://localhost:8008/status' from origin 'https://pravrudhi.vercel.app' has been blocked by CORS policy: Permission was denied for this request to access the `loopback` address space. @ https://pravrudhi.vercel.app/:0
[  537222ms] [ERROR] Failed to load resource: net::ERR_FAILED @ http://localhost:8008/status:0
[  540221ms] [ERROR] Access to fetch at 'http://localhost:8008/health' from origin 'https://pravrudhi.vercel.app' has been blocked by CORS policy: Permission was denied for this request to access the `loopback` address space. @ https://pravrudhi.vercel.app/:0
[  540221ms] [ERROR] Failed to load resource: net::ERR_FAILED @ http://localhost:8008/health:0
[  540221ms] [ERROR] Access to fetch at 'http://localhost:8008/status' from origin 'https://pravrudhi.vercel.app' has been blocked by CORS policy: Permission was denied for this request to access the `loopback` address space. @ https://pravrudhi.vercel.app/:0
[  540221ms] [ERROR] Failed to load resource: net::ERR_FAILED @ http://localhost:8008/status:0
[  543222ms] [ERROR] Access to fetch at 'http://localhost:8008/status' from origin 'https://pravrudhi.vercel.app' has been blocked by CORS policy: Permission was denied for this request to access the `loopback` address space. @ https://pravrudhi.vercel.app/:0
[  543222ms] [ERROR] Failed to load resource: net::ERR_FAILED @ http://localhost:8008/status:0
[  545221ms] [ERROR] Access to fetch at 'http://localhost:8008/health' from origin 'https://pravrudhi.vercel.app' has been blocked by CORS policy: Permission was denied for this request to access the `loopback` address space. @ https://pravrudhi.vercel.app/:0
[  545221ms] [ERROR] Failed to load resource: net::ERR_FAILED @ http://localhost:8008/health:0
[  546222ms] [ERROR] Access to fetch at 'http://localhost:8008/status' from origin 'https://pravrudhi.vercel.app' has been blocked by CORS policy: Permission was denied for this request to access the `loopback` address space. @ https://pravrudhi.vercel.app/:0
[  546222ms] [ERROR] Failed to load resource: net::ERR_FAILED @ http://localhost:8008/status:0
[  549221ms] [ERROR] Access to fetch at 'http://localhost:8008/status' from origin 'https://pravrudhi.vercel.app' has been blocked by CORS policy: Permission was denied for this request to access the `loopback` address space. @ https://pravrudhi.vercel.app/:0
[  549222ms] [ERROR] Failed to load resource: net::ERR_FAILED @ http://localhost:8008/status:0
[  550221ms] [ERROR] Access to fetch at 'http://localhost:8008/health' from origin 'https://pravrudhi.vercel.app' has been blocked by CORS policy: Permission was denied for this request to access the `loopback` address space. @ https://pravrudhi.vercel.app/:0
[  550221ms] [ERROR] Failed to load resource: net::ERR_FAILED @ http://localhost:8008/health:0
[  552221ms] [ERROR] Access to fetch at 'http://localhost:8008/status' from origin 'https://pravrudhi.vercel.app' has been blocked by CORS policy: Permission was denied for this request to access the `loopback` address space. @ https://pravrudhi.vercel.app/:0
[  552222ms] [ERROR] Failed to load resource: net::ERR_FAILED @ http://localhost:8008/status:0
[  555221ms] [ERROR] Access to fetch at 'http://localhost:8008/health' from origin 'https://pravrudhi.vercel.app' has been blocked by CORS policy: Permission was denied for this request to access the `loopback` address space. @ https://pravrudhi.vercel.app/:0
[  555221ms] [ERROR] Failed to load resource: net::ERR_FAILED @ http://localhost:8008/health:0
[  555221ms] [ERROR] Access to fetch at 'http://localhost:8008/status' from origin 'https://pravrudhi.vercel.app' has been blocked by CORS policy: Permission was denied for this request to access the `loopback` address space. @ https://pravrudhi.vercel.app/:0
[  555221ms] [ERROR] Failed to load resource: net::ERR_FAILED @ http://localhost:8008/status:0
[  558221ms] [ERROR] Access to fetch at 'http://localhost:8008/status' from origin 'https://pravrudhi.vercel.app' has been blocked by CORS policy: Permission was denied for this request to access the `loopback` address space. @ https://pravrudhi.vercel.app/:0
[  558221ms] [ERROR] Failed to load resource: net::ERR_FAILED @ http://localhost:8008/status:0
[  560221ms] [ERROR] Access to fetch at 'http://localhost:8008/health' from origin 'https://pravrudhi.vercel.app' has been blocked by CORS policy: Permission was denied for this request to access the `loopback` address space. @ https://pravrudhi.vercel.app/:0
[  560221ms] [ERROR] Failed to load resource: net::ERR_FAILED @ http://localhost:8008/health:0
[  561221ms] [ERROR] Access to fetch at 'http://localhost:8008/status' from origin 'https://pravrudhi.vercel.app' has been blocked by CORS policy: Permission was denied for this request to access the `loopback` address space. @ https://pravrudhi.vercel.app/:0
[  561221ms] [ERROR] Failed to load resource: net::ERR_FAILED @ http://localhost:8008/status:0
[  564222ms] [ERROR] Access to fetch at 'http://localhost:8008/status' from origin 'https://pravrudhi.vercel.app' has been blocked by CORS policy: Permission was denied for this request to access the `loopback` address space. @ https://pravrudhi.vercel.app/:0
[  564222ms] [ERROR] Failed to load resource: net::ERR_FAILED @ http://localhost:8008/status:0
[  565221ms] [ERROR] Access to fetch at 'http://localhost:8008/health' from origin 'https://pravrudhi.vercel.app' has been blocked by CORS policy: Permission was denied for this request to access the `loopback` address space. @ https://pravrudhi.vercel.app/:0
[  565221ms] [ERROR] Failed to load resource: net::ERR_FAILED @ http://localhost:8008/health:0
[  567221ms] [ERROR] Access to fetch at 'http://localhost:8008/status' from origin 'https://pravrudhi.vercel.app' has been blocked by CORS policy: Permission was denied for this request to access the `loopback` address space. @ https://pravrudhi.vercel.app/:0
[  567221ms] [ERROR] Failed to load resource: net::ERR_FAILED @ http://localhost:8008/status:0
[  570221ms] [ERROR] Access to fetch at 'http://localhost:8008/health' from origin 'https://pravrudhi.vercel.app' has been blocked by CORS policy: Permission was denied for this request to access the `loopback` address space. @ https://pravrudhi.vercel.app/:0
[  570221ms] [ERROR] Failed to load resource: net::ERR_FAILED @ http://localhost:8008/health:0
[  570221ms] [ERROR] Access to fetch at 'http://localhost:8008/status' from origin 'https://pravrudhi.vercel.app' has been blocked by CORS policy: Permission was denied for this request to access the `loopback` address space. @ https://pravrudhi.vercel.app/:0
[  570221ms] [ERROR] Failed to load resource: net::ERR_FAILED @ http://localhost:8008/status:0
[  573221ms] [ERROR] Access to fetch at 'http://localhost:8008/status' from origin 'https://pravrudhi.vercel.app' has been blocked by CORS policy: Permission was denied for this request to access the `loopback` address space. @ https://pravrudhi.vercel.app/:0
[  573221ms] [ERROR] Failed to load resource: net::ERR_FAILED @ http://localhost:8008/status:0
[  575221ms] [ERROR] Access to fetch at 'http://localhost:8008/health' from origin 'https://pravrudhi.vercel.app' has been blocked by CORS policy: Permission was denied for this request to access the `loopback` address space. @ https://pravrudhi.vercel.app/:0
[  575221ms] [ERROR] Failed to load resource: net::ERR_FAILED @ http://localhost:8008/health:0
[  576221ms] [ERROR] Access to fetch at 'http://localhost:8008/status' from origin 'https://pravrudhi.vercel.app' has been blocked by CORS policy: Permission was denied for this request to access the `loopback` address space. @ https://pravrudhi.vercel.app/:0
[  576221ms] [ERROR] Failed to load resource: net::ERR_FAILED @ http://localhost:8008/status:0
[  579222ms] [ERROR] Access to fetch at 'http://localhost:8008/status' from origin 'https://pravrudhi.vercel.app' has been blocked by CORS policy: Permission was denied for this request to access the `loopback` address space. @ https://pravrudhi.vercel.app/:0
[  579222ms] [ERROR] Failed to load resource: net::ERR_FAILED @ http://localhost:8008/status:0
[  580221ms] [ERROR] Access to fetch at 'http://localhost:8008/health' from origin 'https://pravrudhi.vercel.app' has been blocked by CORS policy: Permission was denied for this request to access the `loopback` address space. @ https://pravrudhi.vercel.app/:0
[  580221ms] [ERROR] Failed to load resource: net::ERR_FAILED @ http://localhost:8008/health:0
[  582221ms] [ERROR] Access to fetch at 'http://localhost:8008/status' from origin 'https://pravrudhi.vercel.app' has been blocked by CORS policy: Permission was denied for this request to access the `loopback` address space. @ https://pravrudhi.vercel.app/:0
[  582221ms] [ERROR] Failed to load resource: net::ERR_FAILED @ http://localhost:8008/status:0
[  585221ms] [ERROR] Access to fetch at 'http://localhost:8008/health' from origin 'https://pravrudhi.vercel.app' has been blocked by CORS policy: Permission was denied for this request to access the `loopback` address space. @ https://pravrudhi.vercel.app/:0
[  585221ms] [ERROR] Failed to load resource: net::ERR_FAILED @ http://localhost:8008/health:0
[  585221ms] [ERROR] Access to fetch at 'http://localhost:8008/status' from origin 'https://pravrudhi.vercel.app' has been blocked by CORS policy: Permission was denied for this request to access the `loopback` address space. @ https://pravrudhi.vercel.app/:0
[  585221ms] [ERROR] Failed to load resource: net::ERR_FAILED @ http://localhost:8008/status:0
[  588221ms] [ERROR] Access to fetch at 'http://localhost:8008/status' from origin 'https://pravrudhi.vercel.app' has been blocked by CORS policy: Permission was denied for this request to access the `loopback` address space. @ https://pravrudhi.vercel.app/:0
[  588221ms] [ERROR] Failed to load resource: net::ERR_FAILED @ http://localhost:8008/status:0
[  590221ms] [ERROR] Access to fetch at 'http://localhost:8008/health' from origin 'https://pravrudhi.vercel.app' has been blocked by CORS policy: Permission was denied for this request to access the `loopback` address space. @ https://pravrudhi.vercel.app/:0
[  590221ms] [ERROR] Failed to load resource: net::ERR_FAILED @ http://localhost:8008/health:0
[  591222ms] [ERROR] Access to fetch at 'http://localhost:8008/status' from origin 'https://pravrudhi.vercel.app' has been blocked by CORS policy: Permission was denied for this request to access the `loopback` address space. @ https://pravrudhi.vercel.app/:0
[  591222ms] [ERROR] Failed to load resource: net::ERR_FAILED @ http://localhost:8008/status:0
[  594222ms] [ERROR] Access to fetch at 'http://localhost:8008/status' from origin 'https://pravrudhi.vercel.app' has been blocked by CORS policy: Permission was denied for this request to access the `loopback` address space. @ https://pravrudhi.vercel.app/:0
[  594222ms] [ERROR] Failed to load resource: net::ERR_FAILED @ http://localhost:8008/status:0
[  595221ms] [ERROR] Access to fetch at 'http://localhost:8008/health' from origin 'https://pravrudhi.vercel.app' has been blocked by CORS policy: Permission was denied for this request to access the `loopback` address space. @ https://pravrudhi.vercel.app/:0
[  595221ms] [ERROR] Failed to load resource: net::ERR_FAILED @ http://localhost:8008/health:0
[  597222ms] [ERROR] Access to fetch at 'http://localhost:8008/status' from origin 'https://pravrudhi.vercel.app' has been blocked by CORS policy: Permission was denied for this request to access the `loopback` address space. @ https://pravrudhi.vercel.app/:0
[  597222ms] [ERROR] Failed to load resource: net::ERR_FAILED @ http://localhost:8008/status:0
[  600221ms] [ERROR] Access to fetch at 'http://localhost:8008/health' from origin 'https://pravrudhi.vercel.app' has been blocked by CORS policy: Permission was denied for this request to access the `loopback` address space. @ https://pravrudhi.vercel.app/:0
[  600221ms] [ERROR] Failed to load resource: net::ERR_FAILED @ http://localhost:8008/health:0
[  600221ms] [ERROR] Access to fetch at 'http://localhost:8008/status' from origin 'https://pravrudhi.vercel.app' has been blocked by CORS policy: Permission was denied for this request to access the `loopback` address space. @ https://pravrudhi.vercel.app/:0
[  600221ms] [ERROR] Failed to load resource: net::ERR_FAILED @ http://localhost:8008/status:0
[  603221ms] [ERROR] Access to fetch at 'http://localhost:8008/status' from origin 'https://pravrudhi.vercel.app' has been blocked by CORS policy: Permission was denied for this request to access the `loopback` address space. @ https://pravrudhi.vercel.app/:0
[  603222ms] [ERROR] Failed to load resource: net::ERR_FAILED @ http://localhost:8008/status:0
[  605221ms] [ERROR] Access to fetch at 'http://localhost:8008/health' from origin 'https://pravrudhi.vercel.app' has been blocked by CORS policy: Permission was denied for this request to access the `loopback` address space. @ https://pravrudhi.vercel.app/:0
[  605221ms] [ERROR] Failed to load resource: net::ERR_FAILED @ http://localhost:8008/health:0
[  606222ms] [ERROR] Access to fetch at 'http://localhost:8008/status' from origin 'https://pravrudhi.vercel.app' has been blocked by CORS policy: Permission was denied for this request to access the `loopback` address space. @ https://pravrudhi.vercel.app/:0
[  606222ms] [ERROR] Failed to load resource: net::ERR_FAILED @ http://localhost:8008/status:0
[  609222ms] [ERROR] Access to fetch at 'http://localhost:8008/status' from origin 'https://pravrudhi.vercel.app' has been blocked by CORS policy: Permission was denied for this request to access the `loopback` address space. @ https://pravrudhi.vercel.app/:0
[  609222ms] [ERROR] Failed to load resource: net::ERR_FAILED @ http://localhost:8008/status:0
[  610221ms] [ERROR] Access to fetch at 'http://localhost:8008/health' from origin 'https://pravrudhi.vercel.app' has been blocked by CORS policy: Permission was denied for this request to access the `loopback` address space. @ https://pravrudhi.vercel.app/:0
[  610221ms] [ERROR] Failed to load resource: net::ERR_FAILED @ http://localhost:8008/health:0
[  612226ms] [ERROR] Access to fetch at 'http://localhost:8008/status' from origin 'https://pravrudhi.vercel.app' has been blocked by CORS policy: Permission was denied for this request to access the `loopback` address space. @ https://pravrudhi.vercel.app/:0
[  612226ms] [ERROR] Failed to load resource: net::ERR_FAILED @ http://localhost:8008/status:0
[  615221ms] [ERROR] Access to fetch at 'http://localhost:8008/health' from origin 'https://pravrudhi.vercel.app' has been blocked by CORS policy: Permission was denied for this request to access the `loopback` address space. @ https://pravrudhi.vercel.app/:0
[  615221ms] [ERROR] Failed to load resource: net::ERR_FAILED @ http://localhost:8008/health:0
[  615222ms] [ERROR] Access to fetch at 'http://localhost:8008/status' from origin 'https://pravrudhi.vercel.app' has been blocked by CORS policy: Permission was denied for this request to access the `loopback` address space. @ https://pravrudhi.vercel.app/:0
[  615222ms] [ERROR] Failed to load resource: net::ERR_FAILED @ http://localhost:8008/status:0
[  618222ms] [ERROR] Access to fetch at 'http://localhost:8008/status' from origin 'https://pravrudhi.vercel.app' has been blocked by CORS policy: Permission was denied for this request to access the `loopback` address space. @ https://pravrudhi.vercel.app/:0
[  618222ms] [ERROR] Failed to load resource: net::ERR_FAILED @ http://localhost:8008/status:0
[  620221ms] [ERROR] Access to fetch at 'http://localhost:8008/health' from origin 'https://pravrudhi.vercel.app' has been blocked by CORS policy: Permission was denied for this request to access the `loopback` address space. @ https://pravrudhi.vercel.app/:0
[  620221ms] [ERROR] Failed to load resource: net::ERR_FAILED @ http://localhost:8008/health:0
[  621221ms] [ERROR] Access to fetch at 'http://localhost:8008/status' from origin 'https://pravrudhi.vercel.app' has been blocked by CORS policy: Permission was denied for this request to access the `loopback` address space. @ https://pravrudhi.vercel.app/:0
[  621221ms] [ERROR] Failed to load resource: net::ERR_FAILED @ http://localhost:8008/status:0
[  624222ms] [ERROR] Access to fetch at 'http://localhost:8008/status' from origin 'https://pravrudhi.vercel.app' has been blocked by CORS policy: Permission was denied for this request to access the `loopback` address space. @ https://pravrudhi.vercel.app/:0
[  624222ms] [ERROR] Failed to load resource: net::ERR_FAILED @ http://localhost:8008/status:0
[  625221ms] [ERROR] Access to fetch at 'http://localhost:8008/health' from origin 'https://pravrudhi.vercel.app' has been blocked by CORS policy: Permission was denied for this request to access the `loopback` address space. @ https://pravrudhi.vercel.app/:0
[  625221ms] [ERROR] Failed to load resource: net::ERR_FAILED @ http://localhost:8008/health:0
[  627222ms] [ERROR] Access to fetch at 'http://localhost:8008/status' from origin 'https://pravrudhi.vercel.app' has been blocked by CORS policy: Permission was denied for this request to access the `loopback` address space. @ https://pravrudhi.vercel.app/:0
[  627222ms] [ERROR] Failed to load resource: net::ERR_FAILED @ http://localhost:8008/status:0
[  630221ms] [ERROR] Access to fetch at 'http://localhost:8008/health' from origin 'https://pravrudhi.vercel.app' has been blocked by CORS policy: Permission was denied for this request to access the `loopback` address space. @ https://pravrudhi.vercel.app/:0
[  630222ms] [ERROR] Failed to load resource: net::ERR_FAILED @ http://localhost:8008/health:0
[  630222ms] [ERROR] Access to fetch at 'http://localhost:8008/status' from origin 'https://pravrudhi.vercel.app' has been blocked by CORS policy: Permission was denied for this request to access the `loopback` address space. @ https://pravrudhi.vercel.app/:0
[  630222ms] [ERROR] Failed to load resource: net::ERR_FAILED @ http://localhost:8008/status:0
[  633222ms] [ERROR] Access to fetch at 'http://localhost:8008/status' from origin 'https://pravrudhi.vercel.app' has been blocked by CORS policy: Permission was denied for this request to access the `loopback` address space. @ https://pravrudhi.vercel.app/:0
[  633222ms] [ERROR] Failed to load resource: net::ERR_FAILED @ http://localhost:8008/status:0
[  635221ms] [ERROR] Access to fetch at 'http://localhost:8008/health' from origin 'https://pravrudhi.vercel.app' has been blocked by CORS policy: Permission was denied for this request to access the `loopback` address space. @ https://pravrudhi.vercel.app/:0
[  635221ms] [ERROR] Failed to load resource: net::ERR_FAILED @ http://localhost:8008/health:0
[  636221ms] [ERROR] Access to fetch at 'http://localhost:8008/status' from origin 'https://pravrudhi.vercel.app' has been blocked by CORS policy: Permission was denied for this request to access the `loopback` address space. @ https://pravrudhi.vercel.app/:0
[  636221ms] [ERROR] Failed to load resource: net::ERR_FAILED @ http://localhost:8008/status:0
[  639221ms] [ERROR] Access to fetch at 'http://localhost:8008/status' from origin 'https://pravrudhi.vercel.app' has been blocked by CORS policy: Permission was denied for this request to access the `loopback` address space. @ https://pravrudhi.vercel.app/:0
[  639221ms] [ERROR] Failed to load resource: net::ERR_FAILED @ http://localhost:8008/status:0
[  640221ms] [ERROR] Access to fetch at 'http://localhost:8008/health' from origin 'https://pravrudhi.vercel.app' has been blocked by CORS policy: Permission was denied for this request to access the `loopback` address space. @ https://pravrudhi.vercel.app/:0
[  640221ms] [ERROR] Failed to load resource: net::ERR_FAILED @ http://localhost:8008/health:0
[  642221ms] [ERROR] Access to fetch at 'http://localhost:8008/status' from origin 'https://pravrudhi.vercel.app' has been blocked by CORS policy: Permission was denied for this request to access the `loopback` address space. @ https://pravrudhi.vercel.app/:0
[  642221ms] [ERROR] Failed to load resource: net::ERR_FAILED @ http://localhost:8008/status:0
[  645221ms] [ERROR] Access to fetch at 'http://localhost:8008/health' from origin 'https://pravrudhi.vercel.app' has been blocked by CORS policy: Permission was denied for this request to access the `loopback` address space. @ https://pravrudhi.vercel.app/:0
[  645221ms] [ERROR] Failed to load resource: net::ERR_FAILED @ http://localhost:8008/health:0
[  645221ms] [ERROR] Access to fetch at 'http://localhost:8008/status' from origin 'https://pravrudhi.vercel.app' has been blocked by CORS policy: Permission was denied for this request to access the `loopback` address space. @ https://pravrudhi.vercel.app/:0
[  645221ms] [ERROR] Failed to load resource: net::ERR_FAILED @ http://localhost:8008/status:0
[  648222ms] [ERROR] Access to fetch at 'http://localhost:8008/status' from origin 'https://pravrudhi.vercel.app' has been blocked by CORS policy: Permission was denied for this request to access the `loopback` address space. @ https://pravrudhi.vercel.app/:0
[  648222ms] [ERROR] Failed to load resource: net::ERR_FAILED @ http://localhost:8008/status:0
[  650221ms] [ERROR] Access to fetch at 'http://localhost:8008/health' from origin 'https://pravrudhi.vercel.app' has been blocked by CORS policy: Permission was denied for this request to access the `loopback` address space. @ https://pravrudhi.vercel.app/:0
[  650221ms] [ERROR] Failed to load resource: net::ERR_FAILED @ http://localhost:8008/health:0
[  651221ms] [ERROR] Access to fetch at 'http://localhost:8008/status' from origin 'https://pravrudhi.vercel.app' has been blocked by CORS policy: Permission was denied for this request to access the `loopback` address space. @ https://pravrudhi.vercel.app/:0
[  651221ms] [ERROR] Failed to load resource: net::ERR_FAILED @ http://localhost:8008/status:0
[  654222ms] [ERROR] Access to fetch at 'http://localhost:8008/status' from origin 'https://pravrudhi.vercel.app' has been blocked by CORS policy: Permission was denied for this request to access the `loopback` address space. @ https://pravrudhi.vercel.app/:0
[  654222ms] [ERROR] Failed to load resource: net::ERR_FAILED @ http://localhost:8008/status:0
[  655221ms] [ERROR] Access to fetch at 'http://localhost:8008/health' from origin 'https://pravrudhi.vercel.app' has been blocked by CORS policy: Permission was denied for this request to access the `loopback` address space. @ https://pravrudhi.vercel.app/:0
[  655221ms] [ERROR] Failed to load resource: net::ERR_FAILED @ http://localhost:8008/health:0
[  657222ms] [ERROR] Access to fetch at 'http://localhost:8008/status' from origin 'https://pravrudhi.vercel.app' has been blocked by CORS policy: Permission was denied for this request to access the `loopback` address space. @ https://pravrudhi.vercel.app/:0
[  657222ms] [ERROR] Failed to load resource: net::ERR_FAILED @ http://localhost:8008/status:0
[  660221ms] [ERROR] Access to fetch at 'http://localhost:8008/health' from origin 'https://pravrudhi.vercel.app' has been blocked by CORS policy: Permission was denied for this request to access the `loopback` address space. @ https://pravrudhi.vercel.app/:0
[  660221ms] [ERROR] Failed to load resource: net::ERR_FAILED @ http://localhost:8008/health:0
[  660222ms] [ERROR] Access to fetch at 'http://localhost:8008/status' from origin 'https://pravrudhi.vercel.app' has been blocked by CORS policy: Permission was denied for this request to access the `loopback` address space. @ https://pravrudhi.vercel.app/:0
[  660222ms] [ERROR] Failed to load resource: net::ERR_FAILED @ http://localhost:8008/status:0
[  663222ms] [ERROR] Access to fetch at 'http://localhost:8008/status' from origin 'https://pravrudhi.vercel.app' has been blocked by CORS policy: Permission was denied for this request to access the `loopback` address space. @ https://pravrudhi.vercel.app/:0
[  663222ms] [ERROR] Failed to load resource: net::ERR_FAILED @ http://localhost:8008/status:0
[  665221ms] [ERROR] Access to fetch at 'http://localhost:8008/health' from origin 'https://pravrudhi.vercel.app' has been blocked by CORS policy: Permission was denied for this request to access the `loopback` address space. @ https://pravrudhi.vercel.app/:0
[  665221ms] [ERROR] Failed to load resource: net::ERR_FAILED @ http://localhost:8008/health:0
[  666222ms] [ERROR] Access to fetch at 'http://localhost:8008/status' from origin 'https://pravrudhi.vercel.app' has been blocked by CORS policy: Permission was denied for this request to access the `loopback` address space. @ https://pravrudhi.vercel.app/:0
[  666222ms] [ERROR] Failed to load resource: net::ERR_FAILED @ http://localhost:8008/status:0
[  669222ms] [ERROR] Access to fetch at 'http://localhost:8008/status' from origin 'https://pravrudhi.vercel.app' has been blocked by CORS policy: Permission was denied for this request to access the `loopback` address space. @ https://pravrudhi.vercel.app/:0
[  669222ms] [ERROR] Failed to load resource: net::ERR_FAILED @ http://localhost:8008/status:0
[  670221ms] [ERROR] Access to fetch at 'http://localhost:8008/health' from origin 'https://pravrudhi.vercel.app' has been blocked by CORS policy: Permission was denied for this request to access the `loopback` address space. @ https://pravrudhi.vercel.app/:0
[  670221ms] [ERROR] Failed to load resource: net::ERR_FAILED @ http://localhost:8008/health:0
[  672222ms] [ERROR] Access to fetch at 'http://localhost:8008/status' from origin 'https://pravrudhi.vercel.app' has been blocked by CORS policy: Permission was denied for this request to access the `loopback` address space. @ https://pravrudhi.vercel.app/:0
[  672222ms] [ERROR] Failed to load resource: net::ERR_FAILED @ http://localhost:8008/status:0
[  675221ms] [ERROR] Access to fetch at 'http://localhost:8008/health' from origin 'https://pravrudhi.vercel.app' has been blocked by CORS policy: Permission was denied for this request to access the `loopback` address space. @ https://pravrudhi.vercel.app/:0
[  675222ms] [ERROR] Failed to load resource: net::ERR_FAILED @ http://localhost:8008/health:0
[  675222ms] [ERROR] Access to fetch at 'http://localhost:8008/status' from origin 'https://pravrudhi.vercel.app' has been blocked by CORS policy: Permission was denied for this request to access the `loopback` address space. @ https://pravrudhi.vercel.app/:0
[  675222ms] [ERROR] Failed to load resource: net::ERR_FAILED @ http://localhost:8008/status:0
[  678222ms] [ERROR] Access to fetch at 'http://localhost:8008/status' from origin 'https://pravrudhi.vercel.app' has been blocked by CORS policy: Permission was denied for this request to access the `loopback` address space. @ https://pravrudhi.vercel.app/:0
[  678222ms] [ERROR] Failed to load resource: net::ERR_FAILED @ http://localhost:8008/status:0
[  680221ms] [ERROR] Access to fetch at 'http://localhost:8008/health' from origin 'https://pravrudhi.vercel.app' has been blocked by CORS policy: Permission was denied for this request to access the `loopback` address space. @ https://pravrudhi.vercel.app/:0
[  680222ms] [ERROR] Failed to load resource: net::ERR_FAILED @ http://localhost:8008/health:0
[  681221ms] [ERROR] Access to fetch at 'http://localhost:8008/status' from origin 'https://pravrudhi.vercel.app' has been blocked by CORS policy: Permission was denied for this request to access the `loopback` address space. @ https://pravrudhi.vercel.app/:0
[  681221ms] [ERROR] Failed to load resource: net::ERR_FAILED @ http://localhost:8008/status:0
[  684221ms] [ERROR] Access to fetch at 'http://localhost:8008/status' from origin 'https://pravrudhi.vercel.app' has been blocked by CORS policy: Permission was denied for this request to access the `loopback` address space. @ https://pravrudhi.vercel.app/:0
[  684222ms] [ERROR] Failed to load resource: net::ERR_FAILED @ http://localhost:8008/status:0
[  685221ms] [ERROR] Access to fetch at 'http://localhost:8008/health' from origin 'https://pravrudhi.vercel.app' has been blocked by CORS policy: Permission was denied for this request to access the `loopback` address space. @ https://pravrudhi.vercel.app/:0
[  685221ms] [ERROR] Failed to load resource: net::ERR_FAILED @ http://localhost:8008/health:0
[  687222ms] [ERROR] Access to fetch at 'http://localhost:8008/status' from origin 'https://pravrudhi.vercel.app' has been blocked by CORS policy: Permission was denied for this request to access the `loopback` address space. @ https://pravrudhi.vercel.app/:0
[  687222ms] [ERROR] Failed to load resource: net::ERR_FAILED @ http://localhost:8008/status:0
[  690221ms] [ERROR] Access to fetch at 'http://localhost:8008/health' from origin 'https://pravrudhi.vercel.app' has been blocked by CORS policy: Permission was denied for this request to access the `loopback` address space. @ https://pravrudhi.vercel.app/:0
[  690221ms] [ERROR] Failed to load resource: net::ERR_FAILED @ http://localhost:8008/health:0
[  690221ms] [ERROR] Access to fetch at 'http://localhost:8008/status' from origin 'https://pravrudhi.vercel.app' has been blocked by CORS policy: Permission was denied for this request to access the `loopback` address space. @ https://pravrudhi.vercel.app/:0
[  690221ms] [ERROR] Failed to load resource: net::ERR_FAILED @ http://localhost:8008/status:0
[  693222ms] [ERROR] Access to fetch at 'http://localhost:8008/status' from origin 'https://pravrudhi.vercel.app' has been blocked by CORS policy: Permission was denied for this request to access the `loopback` address space. @ https://pravrudhi.vercel.app/:0
[  693222ms] [ERROR] Failed to load resource: net::ERR_FAILED @ http://localhost:8008/status:0
[  695221ms] [ERROR] Access to fetch at 'http://localhost:8008/health' from origin 'https://pravrudhi.vercel.app' has been blocked by CORS policy: Permission was denied for this request to access the `loopback` address space. @ https://pravrudhi.vercel.app/:0
[  695221ms] [ERROR] Failed to load resource: net::ERR_FAILED @ http://localhost:8008/health:0
[  696221ms] [ERROR] Access to fetch at 'http://localhost:8008/status' from origin 'https://pravrudhi.vercel.app' has been blocked by CORS policy: Permission was denied for this request to access the `loopback` address space. @ https://pravrudhi.vercel.app/:0
[  696222ms] [ERROR] Failed to load resource: net::ERR_FAILED @ http://localhost:8008/status:0
[  699222ms] [ERROR] Access to fetch at 'http://localhost:8008/status' from origin 'https://pravrudhi.vercel.app' has been blocked by CORS policy: Permission was denied for this request to access the `loopback` address space. @ https://pravrudhi.vercel.app/:0
[  699222ms] [ERROR] Failed to load resource: net::ERR_FAILED @ http://localhost:8008/status:0
[  700221ms] [ERROR] Access to fetch at 'http://localhost:8008/health' from origin 'https://pravrudhi.vercel.app' has been blocked by CORS policy: Permission was denied for this request to access the `loopback` address space. @ https://pravrudhi.vercel.app/:0
[  700221ms] [ERROR] Failed to load resource: net::ERR_FAILED @ http://localhost:8008/health:0
[  702222ms] [ERROR] Access to fetch at 'http://localhost:8008/status' from origin 'https://pravrudhi.vercel.app' has been blocked by CORS policy: Permission was denied for this request to access the `loopback` address space. @ https://pravrudhi.vercel.app/:0
[  702222ms] [ERROR] Failed to load resource: net::ERR_FAILED @ http://localhost:8008/status:0
[  705221ms] [ERROR] Access to fetch at 'http://localhost:8008/health' from origin 'https://pravrudhi.vercel.app' has been blocked by CORS policy: Permission was denied for this request to access the `loopback` address space. @ https://pravrudhi.vercel.app/:0
[  705221ms] [ERROR] Failed to load resource: net::ERR_FAILED @ http://localhost:8008/health:0
[  705222ms] [ERROR] Access to fetch at 'http://localhost:8008/status' from origin 'https://pravrudhi.vercel.app' has been blocked by CORS policy: Permission was denied for this request to access the `loopback` address space. @ https://pravrudhi.vercel.app/:0
[  705222ms] [ERROR] Failed to load resource: net::ERR_FAILED @ http://localhost:8008/status:0
[  708222ms] [ERROR] Access to fetch at 'http://localhost:8008/status' from origin 'https://pravrudhi.vercel.app' has been blocked by CORS policy: Permission was denied for this request to access the `loopback` address space. @ https://pravrudhi.vercel.app/:0
[  708222ms] [ERROR] Failed to load resource: net::ERR_FAILED @ http://localhost:8008/status:0
[  710221ms] [ERROR] Access to fetch at 'http://localhost:8008/health' from origin 'https://pravrudhi.vercel.app' has been blocked by CORS policy: Permission was denied for this request to access the `loopback` address space. @ https://pravrudhi.vercel.app/:0
[  710221ms] [ERROR] Failed to load resource: net::ERR_FAILED @ http://localhost:8008/health:0
[  711221ms] [ERROR] Access to fetch at 'http://localhost:8008/status' from origin 'https://pravrudhi.vercel.app' has been blocked by CORS policy: Permission was denied for this request to access the `loopback` address space. @ https://pravrudhi.vercel.app/:0
[  711222ms] [ERROR] Failed to load resource: net::ERR_FAILED @ http://localhost:8008/status:0
[  714222ms] [ERROR] Access to fetch at 'http://localhost:8008/status' from origin 'https://pravrudhi.vercel.app' has been blocked by CORS policy: Permission was denied for this request to access the `loopback` address space. @ https://pravrudhi.vercel.app/:0
[  714222ms] [ERROR] Failed to load resource: net::ERR_FAILED @ http://localhost:8008/status:0
[  715221ms] [ERROR] Access to fetch at 'http://localhost:8008/health' from origin 'https://pravrudhi.vercel.app' has been blocked by CORS policy: Permission was denied for this request to access the `loopback` address space. @ https://pravrudhi.vercel.app/:0
[  715221ms] [ERROR] Failed to load resource: net::ERR_FAILED @ http://localhost:8008/health:0
[  717221ms] [ERROR] Access to fetch at 'http://localhost:8008/status' from origin 'https://pravrudhi.vercel.app' has been blocked by CORS policy: Permission was denied for this request to access the `loopback` address space. @ https://pravrudhi.vercel.app/:0
[  717222ms] [ERROR] Failed to load resource: net::ERR_FAILED @ http://localhost:8008/status:0
[  720221ms] [ERROR] Access to fetch at 'http://localhost:8008/health' from origin 'https://pravrudhi.vercel.app' has been blocked by CORS policy: Permission was denied for this request to access the `loopback` address space. @ https://pravrudhi.vercel.app/:0
[  720221ms] [ERROR] Failed to load resource: net::ERR_FAILED @ http://localhost:8008/health:0
[  720222ms] [ERROR] Access to fetch at 'http://localhost:8008/status' from origin 'https://pravrudhi.vercel.app' has been blocked by CORS policy: Permission was denied for this request to access the `loopback` address space. @ https://pravrudhi.vercel.app/:0
[  720222ms] [ERROR] Failed to load resource: net::ERR_FAILED @ http://localhost:8008/status:0
[  723222ms] [ERROR] Access to fetch at 'http://localhost:8008/status' from origin 'https://pravrudhi.vercel.app' has been blocked by CORS policy: Permission was denied for this request to access the `loopback` address space. @ https://pravrudhi.vercel.app/:0
[  723222ms] [ERROR] Failed to load resource: net::ERR_FAILED @ http://localhost:8008/status:0
[  725221ms] [ERROR] Access to fetch at 'http://localhost:8008/health' from origin 'https://pravrudhi.vercel.app' has been blocked by CORS policy: Permission was denied for this request to access the `loopback` address space. @ https://pravrudhi.vercel.app/:0
[  725221ms] [ERROR] Failed to load resource: net::ERR_FAILED @ http://localhost:8008/health:0
[  726222ms] [ERROR] Access to fetch at 'http://localhost:8008/status' from origin 'https://pravrudhi.vercel.app' has been blocked by CORS policy: Permission was denied for this request to access the `loopback` address space. @ https://pravrudhi.vercel.app/:0
[  726222ms] [ERROR] Failed to load resource: net::ERR_FAILED @ http://localhost:8008/status:0
[  729222ms] [ERROR] Access to fetch at 'http://localhost:8008/status' from origin 'https://pravrudhi.vercel.app' has been blocked by CORS policy: Permission was denied for this request to access the `loopback` address space. @ https://pravrudhi.vercel.app/:0
[  729222ms] [ERROR] Failed to load resource: net::ERR_FAILED @ http://localhost:8008/status:0
[  730221ms] [ERROR] Access to fetch at 'http://localhost:8008/health' from origin 'https://pravrudhi.vercel.app' has been blocked by CORS policy: Permission was denied for this request to access the `loopback` address space. @ https://pravrudhi.vercel.app/:0
[  730221ms] [ERROR] Failed to load resource: net::ERR_FAILED @ http://localhost:8008/health:0
[  732221ms] [ERROR] Access to fetch at 'http://localhost:8008/status' from origin 'https://pravrudhi.vercel.app' has been blocked by CORS policy: Permission was denied for this request to access the `loopback` address space. @ https://pravrudhi.vercel.app/:0
[  732221ms] [ERROR] Failed to load resource: net::ERR_FAILED @ http://localhost:8008/status:0
[  735221ms] [ERROR] Access to fetch at 'http://localhost:8008/health' from origin 'https://pravrudhi.vercel.app' has been blocked by CORS policy: Permission was denied for this request to access the `loopback` address space. @ https://pravrudhi.vercel.app/:0
[  735222ms] [ERROR] Failed to load resource: net::ERR_FAILED @ http://localhost:8008/health:0
[  735222ms] [ERROR] Access to fetch at 'http://localhost:8008/status' from origin 'https://pravrudhi.vercel.app' has been blocked by CORS policy: Permission was denied for this request to access the `loopback` address space. @ https://pravrudhi.vercel.app/:0
[  735222ms] [ERROR] Failed to load resource: net::ERR_FAILED @ http://localhost:8008/status:0
[  738222ms] [ERROR] Access to fetch at 'http://localhost:8008/status' from origin 'https://pravrudhi.vercel.app' has been blocked by CORS policy: Permission was denied for this request to access the `loopback` address space. @ https://pravrudhi.vercel.app/:0
[  738222ms] [ERROR] Failed to load resource: net::ERR_FAILED @ http://localhost:8008/status:0
[  740221ms] [ERROR] Access to fetch at 'http://localhost:8008/health' from origin 'https://pravrudhi.vercel.app' has been blocked by CORS policy: Permission was denied for this request to access the `loopback` address space. @ https://pravrudhi.vercel.app/:0
[  740221ms] [ERROR] Failed to load resource: net::ERR_FAILED @ http://localhost:8008/health:0
[  741222ms] [ERROR] Access to fetch at 'http://localhost:8008/status' from origin 'https://pravrudhi.vercel.app' has been blocked by CORS policy: Permission was denied for this request to access the `loopback` address space. @ https://pravrudhi.vercel.app/:0
[  741222ms] [ERROR] Failed to load resource: net::ERR_FAILED @ http://localhost:8008/status:0
[  744221ms] [ERROR] Access to fetch at 'http://localhost:8008/status' from origin 'https://pravrudhi.vercel.app' has been blocked by CORS policy: Permission was denied for this request to access the `loopback` address space. @ https://pravrudhi.vercel.app/:0
[  744221ms] [ERROR] Failed to load resource: net::ERR_FAILED @ http://localhost:8008/status:0
[  745221ms] [ERROR] Access to fetch at 'http://localhost:8008/health' from origin 'https://pravrudhi.vercel.app' has been blocked by CORS policy: Permission was denied for this request to access the `loopback` address space. @ https://pravrudhi.vercel.app/:0
[  745221ms] [ERROR] Failed to load resource: net::ERR_FAILED @ http://localhost:8008/health:0
[  747221ms] [ERROR] Access to fetch at 'http://localhost:8008/status' from origin 'https://pravrudhi.vercel.app' has been blocked by CORS policy: Permission was denied for this request to access the `loopback` address space. @ https://pravrudhi.vercel.app/:0
[  747222ms] [ERROR] Failed to load resource: net::ERR_FAILED @ http://localhost:8008/status:0
[  750221ms] [ERROR] Access to fetch at 'http://localhost:8008/health' from origin 'https://pravrudhi.vercel.app' has been blocked by CORS policy: Permission was denied for this request to access the `loopback` address space. @ https://pravrudhi.vercel.app/:0
[  750221ms] [ERROR] Failed to load resource: net::ERR_FAILED @ http://localhost:8008/health:0
[  750222ms] [ERROR] Access to fetch at 'http://localhost:8008/status' from origin 'https://pravrudhi.vercel.app' has been blocked by CORS policy: Permission was denied for this request to access the `loopback` address space. @ https://pravrudhi.vercel.app/:0
[  750222ms] [ERROR] Failed to load resource: net::ERR_FAILED @ http://localhost:8008/status:0
[  753221ms] [ERROR] Access to fetch at 'http://localhost:8008/status' from origin 'https://pravrudhi.vercel.app' has been blocked by CORS policy: Permission was denied for this request to access the `loopback` address space. @ https://pravrudhi.vercel.app/:0
[  753222ms] [ERROR] Failed to load resource: net::ERR_FAILED @ http://localhost:8008/status:0
[  755221ms] [ERROR] Access to fetch at 'http://localhost:8008/health' from origin 'https://pravrudhi.vercel.app' has been blocked by CORS policy: Permission was denied for this request to access the `loopback` address space. @ https://pravrudhi.vercel.app/:0
[  755222ms] [ERROR] Failed to load resource: net::ERR_FAILED @ http://localhost:8008/health:0
[  756221ms] [ERROR] Access to fetch at 'http://localhost:8008/status' from origin 'https://pravrudhi.vercel.app' has been blocked by CORS policy: Permission was denied for this request to access the `loopback` address space. @ https://pravrudhi.vercel.app/:0
[  756221ms] [ERROR] Failed to load resource: net::ERR_FAILED @ http://localhost:8008/status:0
[  759221ms] [ERROR] Access to fetch at 'http://localhost:8008/status' from origin 'https://pravrudhi.vercel.app' has been blocked by CORS policy: Permission was denied for this request to access the `loopback` address space. @ https://pravrudhi.vercel.app/:0
[  759222ms] [ERROR] Failed to load resource: net::ERR_FAILED @ http://localhost:8008/status:0
[  760221ms] [ERROR] Access to fetch at 'http://localhost:8008/health' from origin 'https://pravrudhi.vercel.app' has been blocked by CORS policy: Permission was denied for this request to access the `loopback` address space. @ https://pravrudhi.vercel.app/:0
[  760221ms] [ERROR] Failed to load resource: net::ERR_FAILED @ http://localhost:8008/health:0
[  762221ms] [ERROR] Access to fetch at 'http://localhost:8008/status' from origin 'https://pravrudhi.vercel.app' has been blocked by CORS policy: Permission was denied for this request to access the `loopback` address space. @ https://pravrudhi.vercel.app/:0
[  762222ms] [ERROR] Failed to load resource: net::ERR_FAILED @ http://localhost:8008/status:0
[  765221ms] [ERROR] Access to fetch at 'http://localhost:8008/health' from origin 'https://pravrudhi.vercel.app' has been blocked by CORS policy: Permission was denied for this request to access the `loopback` address space. @ https://pravrudhi.vercel.app/:0
[  765221ms] [ERROR] Failed to load resource: net::ERR_FAILED @ http://localhost:8008/health:0
[  765222ms] [ERROR] Access to fetch at 'http://localhost:8008/status' from origin 'https://pravrudhi.vercel.app' has been blocked by CORS policy: Permission was denied for this request to access the `loopback` address space. @ https://pravrudhi.vercel.app/:0
[  765222ms] [ERROR] Failed to load resource: net::ERR_FAILED @ http://localhost:8008/status:0
[  768222ms] [ERROR] Access to fetch at 'http://localhost:8008/status' from origin 'https://pravrudhi.vercel.app' has been blocked by CORS policy: Permission was denied for this request to access the `loopback` address space. @ https://pravrudhi.vercel.app/:0
[  768222ms] [ERROR] Failed to load resource: net::ERR_FAILED @ http://localhost:8008/status:0
[  770221ms] [ERROR] Access to fetch at 'http://localhost:8008/health' from origin 'https://pravrudhi.vercel.app' has been blocked by CORS policy: Permission was denied for this request to access the `loopback` address space. @ https://pravrudhi.vercel.app/:0
[  770221ms] [ERROR] Failed to load resource: net::ERR_FAILED @ http://localhost:8008/health:0
[  771221ms] [ERROR] Access to fetch at 'http://localhost:8008/status' from origin 'https://pravrudhi.vercel.app' has been blocked by CORS policy: Permission was denied for this request to access the `loopback` address space. @ https://pravrudhi.vercel.app/:0
[  771221ms] [ERROR] Failed to load resource: net::ERR_FAILED @ http://localhost:8008/status:0
[  774222ms] [ERROR] Access to fetch at 'http://localhost:8008/status' from origin 'https://pravrudhi.vercel.app' has been blocked by CORS policy: Permission was denied for this request to access the `loopback` address space. @ https://pravrudhi.vercel.app/:0
[  774222ms] [ERROR] Failed to load resource: net::ERR_FAILED @ http://localhost:8008/status:0
[  775221ms] [ERROR] Access to fetch at 'http://localhost:8008/health' from origin 'https://pravrudhi.vercel.app' has been blocked by CORS policy: Permission was denied for this request to access the `loopback` address space. @ https://pravrudhi.vercel.app/:0
[  775221ms] [ERROR] Failed to load resource: net::ERR_FAILED @ http://localhost:8008/health:0
[  777221ms] [ERROR] Access to fetch at 'http://localhost:8008/status' from origin 'https://pravrudhi.vercel.app' has been blocked by CORS policy: Permission was denied for this request to access the `loopback` address space. @ https://pravrudhi.vercel.app/:0
[  777222ms] [ERROR] Failed to load resource: net::ERR_FAILED @ http://localhost:8008/status:0
[  780221ms] [ERROR] Access to fetch at 'http://localhost:8008/health' from origin 'https://pravrudhi.vercel.app' has been blocked by CORS policy: Permission was denied for this request to access the `loopback` address space. @ https://pravrudhi.vercel.app/:0
[  780221ms] [ERROR] Failed to load resource: net::ERR_FAILED @ http://localhost:8008/health:0
[  780221ms] [ERROR] Access to fetch at 'http://localhost:8008/status' from origin 'https://pravrudhi.vercel.app' has been blocked by CORS policy: Permission was denied for this request to access the `loopback` address space. @ https://pravrudhi.vercel.app/:0
[  780222ms] [ERROR] Failed to load resource: net::ERR_FAILED @ http://localhost:8008/status:0
[  783222ms] [ERROR] Access to fetch at 'http://localhost:8008/status' from origin 'https://pravrudhi.vercel.app' has been blocked by CORS policy: Permission was denied for this request to access the `loopback` address space. @ https://pravrudhi.vercel.app/:0
[  783222ms] [ERROR] Failed to load resource: net::ERR_FAILED @ http://localhost:8008/status:0
[  785221ms] [ERROR] Access to fetch at 'http://localhost:8008/health' from origin 'https://pravrudhi.vercel.app' has been blocked by CORS policy: Permission was denied for this request to access the `loopback` address space. @ https://pravrudhi.vercel.app/:0
[  785221ms] [ERROR] Failed to load resource: net::ERR_FAILED @ http://localhost:8008/health:0
[  786221ms] [ERROR] Access to fetch at 'http://localhost:8008/status' from origin 'https://pravrudhi.vercel.app' has been blocked by CORS policy: Permission was denied for this request to access the `loopback` address space. @ https://pravrudhi.vercel.app/:0
[  786222ms] [ERROR] Failed to load resource: net::ERR_FAILED @ http://localhost:8008/status:0
[  789222ms] [ERROR] Access to fetch at 'http://localhost:8008/status' from origin 'https://pravrudhi.vercel.app' has been blocked by CORS policy: Permission was denied for this request to access the `loopback` address space. @ https://pravrudhi.vercel.app/:0
[  789222ms] [ERROR] Failed to load resource: net::ERR_FAILED @ http://localhost:8008/status:0
[  790221ms] [ERROR] Access to fetch at 'http://localhost:8008/health' from origin 'https://pravrudhi.vercel.app' has been blocked by CORS policy: Permission was denied for this request to access the `loopback` address space. @ https://pravrudhi.vercel.app/:0
[  790221ms] [ERROR] Failed to load resource: net::ERR_FAILED @ http://localhost:8008/health:0
[  792221ms] [ERROR] Access to fetch at 'http://localhost:8008/status' from origin 'https://pravrudhi.vercel.app' has been blocked by CORS policy: Permission was denied for this request to access the `loopback` address space. @ https://pravrudhi.vercel.app/:0
[  792222ms] [ERROR] Failed to load resource: net::ERR_FAILED @ http://localhost:8008/status:0
[  795221ms] [ERROR] Access to fetch at 'http://localhost:8008/health' from origin 'https://pravrudhi.vercel.app' has been blocked by CORS policy: Permission was denied for this request to access the `loopback` address space. @ https://pravrudhi.vercel.app/:0
[  795221ms] [ERROR] Failed to load resource: net::ERR_FAILED @ http://localhost:8008/health:0
[  795221ms] [ERROR] Access to fetch at 'http://localhost:8008/status' from origin 'https://pravrudhi.vercel.app' has been blocked by CORS policy: Permission was denied for this request to access the `loopback` address space. @ https://pravrudhi.vercel.app/:0
[  795222ms] [ERROR] Failed to load resource: net::ERR_FAILED @ http://localhost:8008/status:0
[  798221ms] [ERROR] Access to fetch at 'http://localhost:8008/status' from origin 'https://pravrudhi.vercel.app' has been blocked by CORS policy: Permission was denied for this request to access the `loopback` address space. @ https://pravrudhi.vercel.app/:0
[  798221ms] [ERROR] Failed to load resource: net::ERR_FAILED @ http://localhost:8008/status:0
[  800221ms] [ERROR] Access to fetch at 'http://localhost:8008/health' from origin 'https://pravrudhi.vercel.app' has been blocked by CORS policy: Permission was denied for this request to access the `loopback` address space. @ https://pravrudhi.vercel.app/:0
[  800221ms] [ERROR] Failed to load resource: net::ERR_FAILED @ http://localhost:8008/health:0
[  801221ms] [ERROR] Access to fetch at 'http://localhost:8008/status' from origin 'https://pravrudhi.vercel.app' has been blocked by CORS policy: Permission was denied for this request to access the `loopback` address space. @ https://pravrudhi.vercel.app/:0
[  801221ms] [ERROR] Failed to load resource: net::ERR_FAILED @ http://localhost:8008/status:0
[  804221ms] [ERROR] Access to fetch at 'http://localhost:8008/status' from origin 'https://pravrudhi.vercel.app' has been blocked by CORS policy: Permission was denied for this request to access the `loopback` address space. @ https://pravrudhi.vercel.app/:0
[  804222ms] [ERROR] Failed to load resource: net::ERR_FAILED @ http://localhost:8008/status:0
[  805221ms] [ERROR] Access to fetch at 'http://localhost:8008/health' from origin 'https://pravrudhi.vercel.app' has been blocked by CORS policy: Permission was denied for this request to access the `loopback` address space. @ https://pravrudhi.vercel.app/:0
[  805221ms] [ERROR] Failed to load resource: net::ERR_FAILED @ http://localhost:8008/health:0
[  807222ms] [ERROR] Access to fetch at 'http://localhost:8008/status' from origin 'https://pravrudhi.vercel.app' has been blocked by CORS policy: Permission was denied for this request to access the `loopback` address space. @ https://pravrudhi.vercel.app/:0
[  807222ms] [ERROR] Failed to load resource: net::ERR_FAILED @ http://localhost:8008/status:0
[  810221ms] [ERROR] Access to fetch at 'http://localhost:8008/health' from origin 'https://pravrudhi.vercel.app' has been blocked by CORS policy: Permission was denied for this request to access the `loopback` address space. @ https://pravrudhi.vercel.app/:0
[  810221ms] [ERROR] Failed to load resource: net::ERR_FAILED @ http://localhost:8008/health:0
[  810222ms] [ERROR] Access to fetch at 'http://localhost:8008/status' from origin 'https://pravrudhi.vercel.app' has been blocked by CORS policy: Permission was denied for this request to access the `loopback` address space. @ https://pravrudhi.vercel.app/:0
[  810222ms] [ERROR] Failed to load resource: net::ERR_FAILED @ http://localhost:8008/status:0
[  813222ms] [ERROR] Access to fetch at 'http://localhost:8008/status' from origin 'https://pravrudhi.vercel.app' has been blocked by CORS policy: Permission was denied for this request to access the `loopback` address space. @ https://pravrudhi.vercel.app/:0
[  813222ms] [ERROR] Failed to load resource: net::ERR_FAILED @ http://localhost:8008/status:0
[  815221ms] [ERROR] Access to fetch at 'http://localhost:8008/health' from origin 'https://pravrudhi.vercel.app' has been blocked by CORS policy: Permission was denied for this request to access the `loopback` address space. @ https://pravrudhi.vercel.app/:0
[  815221ms] [ERROR] Failed to load resource: net::ERR_FAILED @ http://localhost:8008/health:0
[  816221ms] [ERROR] Access to fetch at 'http://localhost:8008/status' from origin 'https://pravrudhi.vercel.app' has been blocked by CORS policy: Permission was denied for this request to access the `loopback` address space. @ https://pravrudhi.vercel.app/:0
[  816221ms] [ERROR] Failed to load resource: net::ERR_FAILED @ http://localhost:8008/status:0
[  819221ms] [ERROR] Access to fetch at 'http://localhost:8008/status' from origin 'https://pravrudhi.vercel.app' has been blocked by CORS policy: Permission was denied for this request to access the `loopback` address space. @ https://pravrudhi.vercel.app/:0
[  819221ms] [ERROR] Failed to load resource: net::ERR_FAILED @ http://localhost:8008/status:0
[  820221ms] [ERROR] Access to fetch at 'http://localhost:8008/health' from origin 'https://pravrudhi.vercel.app' has been blocked by CORS policy: Permission was denied for this request to access the `loopback` address space. @ https://pravrudhi.vercel.app/:0
[  820221ms] [ERROR] Failed to load resource: net::ERR_FAILED @ http://localhost:8008/health:0
[  822222ms] [ERROR] Access to fetch at 'http://localhost:8008/status' from origin 'https://pravrudhi.vercel.app' has been blocked by CORS policy: Permission was denied for this request to access the `loopback` address space. @ https://pravrudhi.vercel.app/:0
[  822222ms] [ERROR] Failed to load resource: net::ERR_FAILED @ http://localhost:8008/status:0
[  825221ms] [ERROR] Access to fetch at 'http://localhost:8008/health' from origin 'https://pravrudhi.vercel.app' has been blocked by CORS policy: Permission was denied for this request to access the `loopback` address space. @ https://pravrudhi.vercel.app/:0
[  825222ms] [ERROR] Failed to load resource: net::ERR_FAILED @ http://localhost:8008/health:0
[  825222ms] [ERROR] Access to fetch at 'http://localhost:8008/status' from origin 'https://pravrudhi.vercel.app' has been blocked by CORS policy: Permission was denied for this request to access the `loopback` address space. @ https://pravrudhi.vercel.app/:0
[  825222ms] [ERROR] Failed to load resource: net::ERR_FAILED @ http://localhost:8008/status:0
[  828222ms] [ERROR] Access to fetch at 'http://localhost:8008/status' from origin 'https://pravrudhi.vercel.app' has been blocked by CORS policy: Permission was denied for this request to access the `loopback` address space. @ https://pravrudhi.vercel.app/:0
[  828222ms] [ERROR] Failed to load resource: net::ERR_FAILED @ http://localhost:8008/status:0
[  830221ms] [ERROR] Access to fetch at 'http://localhost:8008/health' from origin 'https://pravrudhi.vercel.app' has been blocked by CORS policy: Permission was denied for this request to access the `loopback` address space. @ https://pravrudhi.vercel.app/:0
[  830222ms] [ERROR] Failed to load resource: net::ERR_FAILED @ http://localhost:8008/health:0
[  831221ms] [ERROR] Access to fetch at 'http://localhost:8008/status' from origin 'https://pravrudhi.vercel.app' has been blocked by CORS policy: Permission was denied for this request to access the `loopback` address space. @ https://pravrudhi.vercel.app/:0
[  831222ms] [ERROR] Failed to load resource: net::ERR_FAILED @ http://localhost:8008/status:0
[  834222ms] [ERROR] Access to fetch at 'http://localhost:8008/status' from origin 'https://pravrudhi.vercel.app' has been blocked by CORS policy: Permission was denied for this request to access the `loopback` address space. @ https://pravrudhi.vercel.app/:0
[  834222ms] [ERROR] Failed to load resource: net::ERR_FAILED @ http://localhost:8008/status:0
[  835221ms] [ERROR] Access to fetch at 'http://localhost:8008/health' from origin 'https://pravrudhi.vercel.app' has been blocked by CORS policy: Permission was denied for this request to access the `loopback` address space. @ https://pravrudhi.vercel.app/:0
[  835221ms] [ERROR] Failed to load resource: net::ERR_FAILED @ http://localhost:8008/health:0
[  837221ms] [ERROR] Access to fetch at 'http://localhost:8008/status' from origin 'https://pravrudhi.vercel.app' has been blocked by CORS policy: Permission was denied for this request to access the `loopback` address space. @ https://pravrudhi.vercel.app/:0
[  837222ms] [ERROR] Failed to load resource: net::ERR_FAILED @ http://localhost:8008/status:0
[  840222ms] [ERROR] Access to fetch at 'http://localhost:8008/health' from origin 'https://pravrudhi.vercel.app' has been blocked by CORS policy: Permission was denied for this request to access the `loopback` address space. @ https://pravrudhi.vercel.app/:0
[  840222ms] [ERROR] Failed to load resource: net::ERR_FAILED @ http://localhost:8008/health:0
[  840222ms] [ERROR] Access to fetch at 'http://localhost:8008/status' from origin 'https://pravrudhi.vercel.app' has been blocked by CORS policy: Permission was denied for this request to access the `loopback` address space. @ https://pravrudhi.vercel.app/:0
[  840222ms] [ERROR] Failed to load resource: net::ERR_FAILED @ http://localhost:8008/status:0
[  843222ms] [ERROR] Access to fetch at 'http://localhost:8008/status' from origin 'https://pravrudhi.vercel.app' has been blocked by CORS policy: Permission was denied for this request to access the `loopback` address space. @ https://pravrudhi.vercel.app/:0
[  843222ms] [ERROR] Failed to load resource: net::ERR_FAILED @ http://localhost:8008/status:0
[  845221ms] [ERROR] Access to fetch at 'http://localhost:8008/health' from origin 'https://pravrudhi.vercel.app' has been blocked by CORS policy: Permission was denied for this request to access the `loopback` address space. @ https://pravrudhi.vercel.app/:0
[  845221ms] [ERROR] Failed to load resource: net::ERR_FAILED @ http://localhost:8008/health:0
[  846222ms] [ERROR] Access to fetch at 'http://localhost:8008/status' from origin 'https://pravrudhi.vercel.app' has been blocked by CORS policy: Permission was denied for this request to access the `loopback` address space. @ https://pravrudhi.vercel.app/:0
[  846222ms] [ERROR] Failed to load resource: net::ERR_FAILED @ http://localhost:8008/status:0
[  849221ms] [ERROR] Access to fetch at 'http://localhost:8008/status' from origin 'https://pravrudhi.vercel.app' has been blocked by CORS policy: Permission was denied for this request to access the `loopback` address space. @ https://pravrudhi.vercel.app/:0
[  849222ms] [ERROR] Failed to load resource: net::ERR_FAILED @ http://localhost:8008/status:0
[  850221ms] [ERROR] Access to fetch at 'http://localhost:8008/health' from origin 'https://pravrudhi.vercel.app' has been blocked by CORS policy: Permission was denied for this request to access the `loopback` address space. @ https://pravrudhi.vercel.app/:0
[  850221ms] [ERROR] Failed to load resource: net::ERR_FAILED @ http://localhost:8008/health:0
[  852221ms] [ERROR] Access to fetch at 'http://localhost:8008/status' from origin 'https://pravrudhi.vercel.app' has been blocked by CORS policy: Permission was denied for this request to access the `loopback` address space. @ https://pravrudhi.vercel.app/:0
[  852221ms] [ERROR] Failed to load resource: net::ERR_FAILED @ http://localhost:8008/status:0
[  855221ms] [ERROR] Access to fetch at 'http://localhost:8008/health' from origin 'https://pravrudhi.vercel.app' has been blocked by CORS policy: Permission was denied for this request to access the `loopback` address space. @ https://pravrudhi.vercel.app/:0
[  855222ms] [ERROR] Failed to load resource: net::ERR_FAILED @ http://localhost:8008/health:0
[  855222ms] [ERROR] Access to fetch at 'http://localhost:8008/status' from origin 'https://pravrudhi.vercel.app' has been blocked by CORS policy: Permission was denied for this request to access the `loopback` address space. @ https://pravrudhi.vercel.app/:0
[  855222ms] [ERROR] Failed to load resource: net::ERR_FAILED @ http://localhost:8008/status:0
[  858222ms] [ERROR] Access to fetch at 'http://localhost:8008/status' from origin 'https://pravrudhi.vercel.app' has been blocked by CORS policy: Permission was denied for this request to access the `loopback` address space. @ https://pravrudhi.vercel.app/:0
[  858222ms] [ERROR] Failed to load resource: net::ERR_FAILED @ http://localhost:8008/status:0
[  860221ms] [ERROR] Access to fetch at 'http://localhost:8008/health' from origin 'https://pravrudhi.vercel.app' has been blocked by CORS policy: Permission was denied for this request to access the `loopback` address space. @ https://pravrudhi.vercel.app/:0
[  860221ms] [ERROR] Failed to load resource: net::ERR_FAILED @ http://localhost:8008/health:0
[  861221ms] [ERROR] Access to fetch at 'http://localhost:8008/status' from origin 'https://pravrudhi.vercel.app' has been blocked by CORS policy: Permission was denied for this request to access the `loopback` address space. @ https://pravrudhi.vercel.app/:0
[  861222ms] [ERROR] Failed to load resource: net::ERR_FAILED @ http://localhost:8008/status:0
[  864222ms] [ERROR] Access to fetch at 'http://localhost:8008/status' from origin 'https://pravrudhi.vercel.app' has been blocked by CORS policy: Permission was denied for this request to access the `loopback` address space. @ https://pravrudhi.vercel.app/:0
[  864222ms] [ERROR] Failed to load resource: net::ERR_FAILED @ http://localhost:8008/status:0
[  865221ms] [ERROR] Access to fetch at 'http://localhost:8008/health' from origin 'https://pravrudhi.vercel.app' has been blocked by CORS policy: Permission was denied for this request to access the `loopback` address space. @ https://pravrudhi.vercel.app/:0
[  865221ms] [ERROR] Failed to load resource: net::ERR_FAILED @ http://localhost:8008/health:0
[  867222ms] [ERROR] Access to fetch at 'http://localhost:8008/status' from origin 'https://pravrudhi.vercel.app' has been blocked by CORS policy: Permission was denied for this request to access the `loopback` address space. @ https://pravrudhi.vercel.app/:0
[  867222ms] [ERROR] Failed to load resource: net::ERR_FAILED @ http://localhost:8008/status:0
[  870221ms] [ERROR] Access to fetch at 'http://localhost:8008/health' from origin 'https://pravrudhi.vercel.app' has been blocked by CORS policy: Permission was denied for this request to access the `loopback` address space. @ https://pravrudhi.vercel.app/:0
[  870222ms] [ERROR] Failed to load resource: net::ERR_FAILED @ http://localhost:8008/health:0
[  870222ms] [ERROR] Access to fetch at 'http://localhost:8008/status' from origin 'https://pravrudhi.vercel.app' has been blocked by CORS policy: Permission was denied for this request to access the `loopback` address space. @ https://pravrudhi.vercel.app/:0
[  870222ms] [ERROR] Failed to load resource: net::ERR_FAILED @ http://localhost:8008/status:0
[  873222ms] [ERROR] Access to fetch at 'http://localhost:8008/status' from origin 'https://pravrudhi.vercel.app' has been blocked by CORS policy: Permission was denied for this request to access the `loopback` address space. @ https://pravrudhi.vercel.app/:0
[  873222ms] [ERROR] Failed to load resource: net::ERR_FAILED @ http://localhost:8008/status:0
[  875221ms] [ERROR] Access to fetch at 'http://localhost:8008/health' from origin 'https://pravrudhi.vercel.app' has been blocked by CORS policy: Permission was denied for this request to access the `loopback` address space. @ https://pravrudhi.vercel.app/:0
[  875221ms] [ERROR] Failed to load resource: net::ERR_FAILED @ http://localhost:8008/health:0
[  876221ms] [ERROR] Access to fetch at 'http://localhost:8008/status' from origin 'https://pravrudhi.vercel.app' has been blocked by CORS policy: Permission was denied for this request to access the `loopback` address space. @ https://pravrudhi.vercel.app/:0
[  876221ms] [ERROR] Failed to load resource: net::ERR_FAILED @ http://localhost:8008/status:0
[  879222ms] [ERROR] Access to fetch at 'http://localhost:8008/status' from origin 'https://pravrudhi.vercel.app' has been blocked by CORS policy: Permission was denied for this request to access the `loopback` address space. @ https://pravrudhi.vercel.app/:0
[  879222ms] [ERROR] Failed to load resource: net::ERR_FAILED @ http://localhost:8008/status:0
[  880221ms] [ERROR] Access to fetch at 'http://localhost:8008/health' from origin 'https://pravrudhi.vercel.app' has been blocked by CORS policy: Permission was denied for this request to access the `loopback` address space. @ https://pravrudhi.vercel.app/:0
[  880221ms] [ERROR] Failed to load resource: net::ERR_FAILED @ http://localhost:8008/health:0
[  882221ms] [ERROR] Access to fetch at 'http://localhost:8008/status' from origin 'https://pravrudhi.vercel.app' has been blocked by CORS policy: Permission was denied for this request to access the `loopback` address space. @ https://pravrudhi.vercel.app/:0
[  882221ms] [ERROR] Failed to load resource: net::ERR_FAILED @ http://localhost:8008/status:0
[  885221ms] [ERROR] Access to fetch at 'http://localhost:8008/health' from origin 'https://pravrudhi.vercel.app' has been blocked by CORS policy: Permission was denied for this request to access the `loopback` address space. @ https://pravrudhi.vercel.app/:0
[  885221ms] [ERROR] Failed to load resource: net::ERR_FAILED @ http://localhost:8008/health:0
[  885221ms] [ERROR] Access to fetch at 'http://localhost:8008/status' from origin 'https://pravrudhi.vercel.app' has been blocked by CORS policy: Permission was denied for this request to access the `loopback` address space. @ https://pravrudhi.vercel.app/:0
[  885222ms] [ERROR] Failed to load resource: net::ERR_FAILED @ http://localhost:8008/status:0
[  888222ms] [ERROR] Access to fetch at 'http://localhost:8008/status' from origin 'https://pravrudhi.vercel.app' has been blocked by CORS policy: Permission was denied for this request to access the `loopback` address space. @ https://pravrudhi.vercel.app/:0
[  888222ms] [ERROR] Failed to load resource: net::ERR_FAILED @ http://localhost:8008/status:0
[  890221ms] [ERROR] Access to fetch at 'http://localhost:8008/health' from origin 'https://pravrudhi.vercel.app' has been blocked by CORS policy: Permission was denied for this request to access the `loopback` address space. @ https://pravrudhi.vercel.app/:0
[  890221ms] [ERROR] Failed to load resource: net::ERR_FAILED @ http://localhost:8008/health:0
[  891221ms] [ERROR] Access to fetch at 'http://localhost:8008/status' from origin 'https://pravrudhi.vercel.app' has been blocked by CORS policy: Permission was denied for this request to access the `loopback` address space. @ https://pravrudhi.vercel.app/:0
[  891221ms] [ERROR] Failed to load resource: net::ERR_FAILED @ http://localhost:8008/status:0
[  894222ms] [ERROR] Access to fetch at 'http://localhost:8008/status' from origin 'https://pravrudhi.vercel.app' has been blocked by CORS policy: Permission was denied for this request to access the `loopback` address space. @ https://pravrudhi.vercel.app/:0
[  894222ms] [ERROR] Failed to load resource: net::ERR_FAILED @ http://localhost:8008/status:0
[  895221ms] [ERROR] Access to fetch at 'http://localhost:8008/health' from origin 'https://pravrudhi.vercel.app' has been blocked by CORS policy: Permission was denied for this request to access the `loopback` address space. @ https://pravrudhi.vercel.app/:0
[  895221ms] [ERROR] Failed to load resource: net::ERR_FAILED @ http://localhost:8008/health:0
[  897222ms] [ERROR] Access to fetch at 'http://localhost:8008/status' from origin 'https://pravrudhi.vercel.app' has been blocked by CORS policy: Permission was denied for this request to access the `loopback` address space. @ https://pravrudhi.vercel.app/:0
[  897222ms] [ERROR] Failed to load resource: net::ERR_FAILED @ http://localhost:8008/status:0
[  900221ms] [ERROR] Access to fetch at 'http://localhost:8008/health' from origin 'https://pravrudhi.vercel.app' has been blocked by CORS policy: Permission was denied for this request to access the `loopback` address space. @ https://pravrudhi.vercel.app/:0
[  900221ms] [ERROR] Failed to load resource: net::ERR_FAILED @ http://localhost:8008/health:0
[  900222ms] [ERROR] Access to fetch at 'http://localhost:8008/status' from origin 'https://pravrudhi.vercel.app' has been blocked by CORS policy: Permission was denied for this request to access the `loopback` address space. @ https://pravrudhi.vercel.app/:0
[  900222ms] [ERROR] Failed to load resource: net::ERR_FAILED @ http://localhost:8008/status:0
[  903222ms] [ERROR] Access to fetch at 'http://localhost:8008/status' from origin 'https://pravrudhi.vercel.app' has been blocked by CORS policy: Permission was denied for this request to access the `loopback` address space. @ https://pravrudhi.vercel.app/:0
[  903222ms] [ERROR] Failed to load resource: net::ERR_FAILED @ http://localhost:8008/status:0
[  905221ms] [ERROR] Access to fetch at 'http://localhost:8008/health' from origin 'https://pravrudhi.vercel.app' has been blocked by CORS policy: Permission was denied for this request to access the `loopback` address space. @ https://pravrudhi.vercel.app/:0
[  905221ms] [ERROR] Failed to load resource: net::ERR_FAILED @ http://localhost:8008/health:0
[  906221ms] [ERROR] Access to fetch at 'http://localhost:8008/status' from origin 'https://pravrudhi.vercel.app' has been blocked by CORS policy: Permission was denied for this request to access the `loopback` address space. @ https://pravrudhi.vercel.app/:0
[  906221ms] [ERROR] Failed to load resource: net::ERR_FAILED @ http://localhost:8008/status:0
[  909221ms] [ERROR] Access to fetch at 'http://localhost:8008/status' from origin 'https://pravrudhi.vercel.app' has been blocked by CORS policy: Permission was denied for this request to access the `loopback` address space. @ https://pravrudhi.vercel.app/:0
[  909221ms] [ERROR] Failed to load resource: net::ERR_FAILED @ http://localhost:8008/status:0
[  910221ms] [ERROR] Access to fetch at 'http://localhost:8008/health' from origin 'https://pravrudhi.vercel.app' has been blocked by CORS policy: Permission was denied for this request to access the `loopback` address space. @ https://pravrudhi.vercel.app/:0
[  910221ms] [ERROR] Failed to load resource: net::ERR_FAILED @ http://localhost:8008/health:0
[  912221ms] [ERROR] Access to fetch at 'http://localhost:8008/status' from origin 'https://pravrudhi.vercel.app' has been blocked by CORS policy: Permission was denied for this request to access the `loopback` address space. @ https://pravrudhi.vercel.app/:0
[  912221ms] [ERROR] Failed to load resource: net::ERR_FAILED @ http://localhost:8008/status:0
[  915221ms] [ERROR] Access to fetch at 'http://localhost:8008/health' from origin 'https://pravrudhi.vercel.app' has been blocked by CORS policy: Permission was denied for this request to access the `loopback` address space. @ https://pravrudhi.vercel.app/:0
[  915221ms] [ERROR] Failed to load resource: net::ERR_FAILED @ http://localhost:8008/health:0
[  915221ms] [ERROR] Access to fetch at 'http://localhost:8008/status' from origin 'https://pravrudhi.vercel.app' has been blocked by CORS policy: Permission was denied for this request to access the `loopback` address space. @ https://pravrudhi.vercel.app/:0
[  915221ms] [ERROR] Failed to load resource: net::ERR_FAILED @ http://localhost:8008/status:0
[  918222ms] [ERROR] Access to fetch at 'http://localhost:8008/status' from origin 'https://pravrudhi.vercel.app' has been blocked by CORS policy: Permission was denied for this request to access the `loopback` address space. @ https://pravrudhi.vercel.app/:0
[  918222ms] [ERROR] Failed to load resource: net::ERR_FAILED @ http://localhost:8008/status:0
[  920221ms] [ERROR] Access to fetch at 'http://localhost:8008/health' from origin 'https://pravrudhi.vercel.app' has been blocked by CORS policy: Permission was denied for this request to access the `loopback` address space. @ https://pravrudhi.vercel.app/:0
[  920221ms] [ERROR] Failed to load resource: net::ERR_FAILED @ http://localhost:8008/health:0
[  921222ms] [ERROR] Access to fetch at 'http://localhost:8008/status' from origin 'https://pravrudhi.vercel.app' has been blocked by CORS policy: Permission was denied for this request to access the `loopback` address space. @ https://pravrudhi.vercel.app/:0
[  921222ms] [ERROR] Failed to load resource: net::ERR_FAILED @ http://localhost:8008/status:0
[  924221ms] [ERROR] Access to fetch at 'http://localhost:8008/status' from origin 'https://pravrudhi.vercel.app' has been blocked by CORS policy: Permission was denied for this request to access the `loopback` address space. @ https://pravrudhi.vercel.app/:0
[  924222ms] [ERROR] Failed to load resource: net::ERR_FAILED @ http://localhost:8008/status:0
[  925221ms] [ERROR] Access to fetch at 'http://localhost:8008/health' from origin 'https://pravrudhi.vercel.app' has been blocked by CORS policy: Permission was denied for this request to access the `loopback` address space. @ https://pravrudhi.vercel.app/:0
[  925221ms] [ERROR] Failed to load resource: net::ERR_FAILED @ http://localhost:8008/health:0
[  927222ms] [ERROR] Access to fetch at 'http://localhost:8008/status' from origin 'https://pravrudhi.vercel.app' has been blocked by CORS policy: Permission was denied for this request to access the `loopback` address space. @ https://pravrudhi.vercel.app/:0
[  927222ms] [ERROR] Failed to load resource: net::ERR_FAILED @ http://localhost:8008/status:0
[  930221ms] [ERROR] Access to fetch at 'http://localhost:8008/health' from origin 'https://pravrudhi.vercel.app' has been blocked by CORS policy: Permission was denied for this request to access the `loopback` address space. @ https://pravrudhi.vercel.app/:0
[  930221ms] [ERROR] Failed to load resource: net::ERR_FAILED @ http://localhost:8008/health:0
[  930221ms] [ERROR] Access to fetch at 'http://localhost:8008/status' from origin 'https://pravrudhi.vercel.app' has been blocked by CORS policy: Permission was denied for this request to access the `loopback` address space. @ https://pravrudhi.vercel.app/:0
[  930221ms] [ERROR] Failed to load resource: net::ERR_FAILED @ http://localhost:8008/status:0
[  933222ms] [ERROR] Access to fetch at 'http://localhost:8008/status' from origin 'https://pravrudhi.vercel.app' has been blocked by CORS policy: Permission was denied for this request to access the `loopback` address space. @ https://pravrudhi.vercel.app/:0
[  933222ms] [ERROR] Failed to load resource: net::ERR_FAILED @ http://localhost:8008/status:0
[  935221ms] [ERROR] Access to fetch at 'http://localhost:8008/health' from origin 'https://pravrudhi.vercel.app' has been blocked by CORS policy: Permission was denied for this request to access the `loopback` address space. @ https://pravrudhi.vercel.app/:0
[  935221ms] [ERROR] Failed to load resource: net::ERR_FAILED @ http://localhost:8008/health:0
[  936221ms] [ERROR] Access to fetch at 'http://localhost:8008/status' from origin 'https://pravrudhi.vercel.app' has been blocked by CORS policy: Permission was denied for this request to access the `loopback` address space. @ https://pravrudhi.vercel.app/:0
[  936221ms] [ERROR] Failed to load resource: net::ERR_FAILED @ http://localhost:8008/status:0
[  939222ms] [ERROR] Access to fetch at 'http://localhost:8008/status' from origin 'https://pravrudhi.vercel.app' has been blocked by CORS policy: Permission was denied for this request to access the `loopback` address space. @ https://pravrudhi.vercel.app/:0
[  939222ms] [ERROR] Failed to load resource: net::ERR_FAILED @ http://localhost:8008/status:0
[  940221ms] [ERROR] Access to fetch at 'http://localhost:8008/health' from origin 'https://pravrudhi.vercel.app' has been blocked by CORS policy: Permission was denied for this request to access the `loopback` address space. @ https://pravrudhi.vercel.app/:0
[  940221ms] [ERROR] Failed to load resource: net::ERR_FAILED @ http://localhost:8008/health:0
[  942221ms] [ERROR] Access to fetch at 'http://localhost:8008/status' from origin 'https://pravrudhi.vercel.app' has been blocked by CORS policy: Permission was denied for this request to access the `loopback` address space. @ https://pravrudhi.vercel.app/:0
[  942222ms] [ERROR] Failed to load resource: net::ERR_FAILED @ http://localhost:8008/status:0
[  945221ms] [ERROR] Access to fetch at 'http://localhost:8008/health' from origin 'https://pravrudhi.vercel.app' has been blocked by CORS policy: Permission was denied for this request to access the `loopback` address space. @ https://pravrudhi.vercel.app/:0
[  945222ms] [ERROR] Failed to load resource: net::ERR_FAILED @ http://localhost:8008/health:0
[  945222ms] [ERROR] Access to fetch at 'http://localhost:8008/status' from origin 'https://pravrudhi.vercel.app' has been blocked by CORS policy: Permission was denied for this request to access the `loopback` address space. @ https://pravrudhi.vercel.app/:0
[  945222ms] [ERROR] Failed to load resource: net::ERR_FAILED @ http://localhost:8008/status:0
[  948222ms] [ERROR] Access to fetch at 'http://localhost:8008/status' from origin 'https://pravrudhi.vercel.app' has been blocked by CORS policy: Permission was denied for this request to access the `loopback` address space. @ https://pravrudhi.vercel.app/:0
[  948222ms] [ERROR] Failed to load resource: net::ERR_FAILED @ http://localhost:8008/status:0
[  950221ms] [ERROR] Access to fetch at 'http://localhost:8008/health' from origin 'https://pravrudhi.vercel.app' has been blocked by CORS policy: Permission was denied for this request to access the `loopback` address space. @ https://pravrudhi.vercel.app/:0
[  950221ms] [ERROR] Failed to load resource: net::ERR_FAILED @ http://localhost:8008/health:0
[  951221ms] [ERROR] Access to fetch at 'http://localhost:8008/status' from origin 'https://pravrudhi.vercel.app' has been blocked by CORS policy: Permission was denied for this request to access the `loopback` address space. @ https://pravrudhi.vercel.app/:0
[  951222ms] [ERROR] Failed to load resource: net::ERR_FAILED @ http://localhost:8008/status:0
[  954221ms] [ERROR] Access to fetch at 'http://localhost:8008/status' from origin 'https://pravrudhi.vercel.app' has been blocked by CORS policy: Permission was denied for this request to access the `loopback` address space. @ https://pravrudhi.vercel.app/:0
[  954222ms] [ERROR] Failed to load resource: net::ERR_FAILED @ http://localhost:8008/status:0
[  955221ms] [ERROR] Access to fetch at 'http://localhost:8008/health' from origin 'https://pravrudhi.vercel.app' has been blocked by CORS policy: Permission was denied for this request to access the `loopback` address space. @ https://pravrudhi.vercel.app/:0
[  955221ms] [ERROR] Failed to load resource: net::ERR_FAILED @ http://localhost:8008/health:0
[  957221ms] [ERROR] Access to fetch at 'http://localhost:8008/status' from origin 'https://pravrudhi.vercel.app' has been blocked by CORS policy: Permission was denied for this request to access the `loopback` address space. @ https://pravrudhi.vercel.app/:0
[  957222ms] [ERROR] Failed to load resource: net::ERR_FAILED @ http://localhost:8008/status:0
[  960221ms] [ERROR] Access to fetch at 'http://localhost:8008/health' from origin 'https://pravrudhi.vercel.app' has been blocked by CORS policy: Permission was denied for this request to access the `loopback` address space. @ https://pravrudhi.vercel.app/:0
[  960221ms] [ERROR] Failed to load resource: net::ERR_FAILED @ http://localhost:8008/health:0
[  960221ms] [ERROR] Access to fetch at 'http://localhost:8008/status' from origin 'https://pravrudhi.vercel.app' has been blocked by CORS policy: Permission was denied for this request to access the `loopback` address space. @ https://pravrudhi.vercel.app/:0
[  960221ms] [ERROR] Failed to load resource: net::ERR_FAILED @ http://localhost:8008/status:0
[  963222ms] [ERROR] Access to fetch at 'http://localhost:8008/status' from origin 'https://pravrudhi.vercel.app' has been blocked by CORS policy: Permission was denied for this request to access the `loopback` address space. @ https://pravrudhi.vercel.app/:0
[  963222ms] [ERROR] Failed to load resource: net::ERR_FAILED @ http://localhost:8008/status:0
[  965221ms] [ERROR] Access to fetch at 'http://localhost:8008/health' from origin 'https://pravrudhi.vercel.app' has been blocked by CORS policy: Permission was denied for this request to access the `loopback` address space. @ https://pravrudhi.vercel.app/:0
[  965221ms] [ERROR] Failed to load resource: net::ERR_FAILED @ http://localhost:8008/health:0
[  966221ms] [ERROR] Access to fetch at 'http://localhost:8008/status' from origin 'https://pravrudhi.vercel.app' has been blocked by CORS policy: Permission was denied for this request to access the `loopback` address space. @ https://pravrudhi.vercel.app/:0
[  966222ms] [ERROR] Failed to load resource: net::ERR_FAILED @ http://localhost:8008/status:0
[  969221ms] [ERROR] Access to fetch at 'http://localhost:8008/status' from origin 'https://pravrudhi.vercel.app' has been blocked by CORS policy: Permission was denied for this request to access the `loopback` address space. @ https://pravrudhi.vercel.app/:0
[  969221ms] [ERROR] Failed to load resource: net::ERR_FAILED @ http://localhost:8008/status:0
[  970221ms] [ERROR] Access to fetch at 'http://localhost:8008/health' from origin 'https://pravrudhi.vercel.app' has been blocked by CORS policy: Permission was denied for this request to access the `loopback` address space. @ https://pravrudhi.vercel.app/:0
[  970221ms] [ERROR] Failed to load resource: net::ERR_FAILED @ http://localhost:8008/health:0
[  972221ms] [ERROR] Access to fetch at 'http://localhost:8008/status' from origin 'https://pravrudhi.vercel.app' has been blocked by CORS policy: Permission was denied for this request to access the `loopback` address space. @ https://pravrudhi.vercel.app/:0
[  972221ms] [ERROR] Failed to load resource: net::ERR_FAILED @ http://localhost:8008/status:0
[  975221ms] [ERROR] Access to fetch at 'http://localhost:8008/health' from origin 'https://pravrudhi.vercel.app' has been blocked by CORS policy: Permission was denied for this request to access the `loopback` address space. @ https://pravrudhi.vercel.app/:0
[  975221ms] [ERROR] Failed to load resource: net::ERR_FAILED @ http://localhost:8008/health:0
[  975222ms] [ERROR] Access to fetch at 'http://localhost:8008/status' from origin 'https://pravrudhi.vercel.app' has been blocked by CORS policy: Permission was denied for this request to access the `loopback` address space. @ https://pravrudhi.vercel.app/:0
[  975222ms] [ERROR] Failed to load resource: net::ERR_FAILED @ http://localhost:8008/status:0
[  978222ms] [ERROR] Access to fetch at 'http://localhost:8008/status' from origin 'https://pravrudhi.vercel.app' has been blocked by CORS policy: Permission was denied for this request to access the `loopback` address space. @ https://pravrudhi.vercel.app/:0
[  978222ms] [ERROR] Failed to load resource: net::ERR_FAILED @ http://localhost:8008/status:0
[  980221ms] [ERROR] Access to fetch at 'http://localhost:8008/health' from origin 'https://pravrudhi.vercel.app' has been blocked by CORS policy: Permission was denied for this request to access the `loopback` address space. @ https://pravrudhi.vercel.app/:0
[  980221ms] [ERROR] Failed to load resource: net::ERR_FAILED @ http://localhost:8008/health:0
[  981221ms] [ERROR] Access to fetch at 'http://localhost:8008/status' from origin 'https://pravrudhi.vercel.app' has been blocked by CORS policy: Permission was denied for this request to access the `loopback` address space. @ https://pravrudhi.vercel.app/:0
[  981221ms] [ERROR] Failed to load resource: net::ERR_FAILED @ http://localhost:8008/status:0
[  984221ms] [ERROR] Access to fetch at 'http://localhost:8008/status' from origin 'https://pravrudhi.vercel.app' has been blocked by CORS policy: Permission was denied for this request to access the `loopback` address space. @ https://pravrudhi.vercel.app/:0
[  984221ms] [ERROR] Failed to load resource: net::ERR_FAILED @ http://localhost:8008/status:0
[  985221ms] [ERROR] Access to fetch at 'http://localhost:8008/health' from origin 'https://pravrudhi.vercel.app' has been blocked by CORS policy: Permission was denied for this request to access the `loopback` address space. @ https://pravrudhi.vercel.app/:0
[  985221ms] [ERROR] Failed to load resource: net::ERR_FAILED @ http://localhost:8008/health:0
[  987221ms] [ERROR] Access to fetch at 'http://localhost:8008/status' from origin 'https://pravrudhi.vercel.app' has been blocked by CORS policy: Permission was denied for this request to access the `loopback` address space. @ https://pravrudhi.vercel.app/:0
[  987221ms] [ERROR] Failed to load resource: net::ERR_FAILED @ http://localhost:8008/status:0
[  990221ms] [ERROR] Access to fetch at 'http://localhost:8008/health' from origin 'https://pravrudhi.vercel.app' has been blocked by CORS policy: Permission was denied for this request to access the `loopback` address space. @ https://pravrudhi.vercel.app/:0
[  990221ms] [ERROR] Failed to load resource: net::ERR_FAILED @ http://localhost:8008/health:0
[  990222ms] [ERROR] Access to fetch at 'http://localhost:8008/status' from origin 'https://pravrudhi.vercel.app' has been blocked by CORS policy: Permission was denied for this request to access the `loopback` address space. @ https://pravrudhi.vercel.app/:0
[  990222ms] [ERROR] Failed to load resource: net::ERR_FAILED @ http://localhost:8008/status:0
[  993221ms] [ERROR] Access to fetch at 'http://localhost:8008/status' from origin 'https://pravrudhi.vercel.app' has been blocked by CORS policy: Permission was denied for this request to access the `loopback` address space. @ https://pravrudhi.vercel.app/:0
[  993221ms] [ERROR] Failed to load resource: net::ERR_FAILED @ http://localhost:8008/status:0
[  995221ms] [ERROR] Access to fetch at 'http://localhost:8008/health' from origin 'https://pravrudhi.vercel.app' has been blocked by CORS policy: Permission was denied for this request to access the `loopback` address space. @ https://pravrudhi.vercel.app/:0
[  995221ms] [ERROR] Failed to load resource: net::ERR_FAILED @ http://localhost:8008/health:0
[  996222ms] [ERROR] Access to fetch at 'http://localhost:8008/status' from origin 'https://pravrudhi.vercel.app' has been blocked by CORS policy: Permission was denied for this request to access the `loopback` address space. @ https://pravrudhi.vercel.app/:0
[  996222ms] [ERROR] Failed to load resource: net::ERR_FAILED @ http://localhost:8008/status:0
[  999221ms] [ERROR] Access to fetch at 'http://localhost:8008/status' from origin 'https://pravrudhi.vercel.app' has been blocked by CORS policy: Permission was denied for this request to access the `loopback` address space. @ https://pravrudhi.vercel.app/:0
[  999221ms] [ERROR] Failed to load resource: net::ERR_FAILED @ http://localhost:8008/status:0
[ 1000221ms] [ERROR] Access to fetch at 'http://localhost:8008/health' from origin 'https://pravrudhi.vercel.app' has been blocked by CORS policy: Permission was denied for this request to access the `loopback` address space. @ https://pravrudhi.vercel.app/:0
[ 1000221ms] [ERROR] Failed to load resource: net::ERR_FAILED @ http://localhost:8008/health:0
[ 1002222ms] [ERROR] Access to fetch at 'http://localhost:8008/status' from origin 'https://pravrudhi.vercel.app' has been blocked by CORS policy: Permission was denied for this request to access the `loopback` address space. @ https://pravrudhi.vercel.app/:0
[ 1002222ms] [ERROR] Failed to load resource: net::ERR_FAILED @ http://localhost:8008/status:0
[ 1005221ms] [ERROR] Access to fetch at 'http://localhost:8008/health' from origin 'https://pravrudhi.vercel.app' has been blocked by CORS policy: Permission was denied for this request to access the `loopback` address space. @ https://pravrudhi.vercel.app/:0
[ 1005221ms] [ERROR] Failed to load resource: net::ERR_FAILED @ http://localhost:8008/health:0
[ 1005222ms] [ERROR] Access to fetch at 'http://localhost:8008/status' from origin 'https://pravrudhi.vercel.app' has been blocked by CORS policy: Permission was denied for this request to access the `loopback` address space. @ https://pravrudhi.vercel.app/:0
[ 1005222ms] [ERROR] Failed to load resource: net::ERR_FAILED @ http://localhost:8008/status:0
[ 1008221ms] [ERROR] Access to fetch at 'http://localhost:8008/status' from origin 'https://pravrudhi.vercel.app' has been blocked by CORS policy: Permission was denied for this request to access the `loopback` address space. @ https://pravrudhi.vercel.app/:0
[ 1008221ms] [ERROR] Failed to load resource: net::ERR_FAILED @ http://localhost:8008/status:0
[ 1010221ms] [ERROR] Access to fetch at 'http://localhost:8008/health' from origin 'https://pravrudhi.vercel.app' has been blocked by CORS policy: Permission was denied for this request to access the `loopback` address space. @ https://pravrudhi.vercel.app/:0
[ 1010221ms] [ERROR] Failed to load resource: net::ERR_FAILED @ http://localhost:8008/health:0
[ 1011221ms] [ERROR] Access to fetch at 'http://localhost:8008/status' from origin 'https://pravrudhi.vercel.app' has been blocked by CORS policy: Permission was denied for this request to access the `loopback` address space. @ https://pravrudhi.vercel.app/:0
[ 1011221ms] [ERROR] Failed to load resource: net::ERR_FAILED @ http://localhost:8008/status:0
[ 1014221ms] [ERROR] Access to fetch at 'http://localhost:8008/status' from origin 'https://pravrudhi.vercel.app' has been blocked by CORS policy: Permission was denied for this request to access the `loopback` address space. @ https://pravrudhi.vercel.app/:0
[ 1014222ms] [ERROR] Failed to load resource: net::ERR_FAILED @ http://localhost:8008/status:0
[ 1015221ms] [ERROR] Access to fetch at 'http://localhost:8008/health' from origin 'https://pravrudhi.vercel.app' has been blocked by CORS policy: Permission was denied for this request to access the `loopback` address space. @ https://pravrudhi.vercel.app/:0
[ 1015221ms] [ERROR] Failed to load resource: net::ERR_FAILED @ http://localhost:8008/health:0
[ 1017222ms] [ERROR] Access to fetch at 'http://localhost:8008/status' from origin 'https://pravrudhi.vercel.app' has been blocked by CORS policy: Permission was denied for this request to access the `loopback` address space. @ https://pravrudhi.vercel.app/:0
[ 1017222ms] [ERROR] Failed to load resource: net::ERR_FAILED @ http://localhost:8008/status:0
[ 1020221ms] [ERROR] Access to fetch at 'http://localhost:8008/health' from origin 'https://pravrudhi.vercel.app' has been blocked by CORS policy: Permission was denied for this request to access the `loopback` address space. @ https://pravrudhi.vercel.app/:0
[ 1020221ms] [ERROR] Failed to load resource: net::ERR_FAILED @ http://localhost:8008/health:0
[ 1020221ms] [ERROR] Access to fetch at 'http://localhost:8008/status' from origin 'https://pravrudhi.vercel.app' has been blocked by CORS policy: Permission was denied for this request to access the `loopback` address space. @ https://pravrudhi.vercel.app/:0
[ 1020221ms] [ERROR] Failed to load resource: net::ERR_FAILED @ http://localhost:8008/status:0
[ 1023222ms] [ERROR] Access to fetch at 'http://localhost:8008/status' from origin 'https://pravrudhi.vercel.app' has been blocked by CORS policy: Permission was denied for this request to access the `loopback` address space. @ https://pravrudhi.vercel.app/:0
[ 1023222ms] [ERROR] Failed to load resource: net::ERR_FAILED @ http://localhost:8008/status:0
[ 1025221ms] [ERROR] Access to fetch at 'http://localhost:8008/health' from origin 'https://pravrudhi.vercel.app' has been blocked by CORS policy: Permission was denied for this request to access the `loopback` address space. @ https://pravrudhi.vercel.app/:0
[ 1025221ms] [ERROR] Failed to load resource: net::ERR_FAILED @ http://localhost:8008/health:0
[ 1026221ms] [ERROR] Access to fetch at 'http://localhost:8008/status' from origin 'https://pravrudhi.vercel.app' has been blocked by CORS policy: Permission was denied for this request to access the `loopback` address space. @ https://pravrudhi.vercel.app/:0
[ 1026222ms] [ERROR] Failed to load resource: net::ERR_FAILED @ http://localhost:8008/status:0
[ 1029222ms] [ERROR] Access to fetch at 'http://localhost:8008/status' from origin 'https://pravrudhi.vercel.app' has been blocked by CORS policy: Permission was denied for this request to access the `loopback` address space. @ https://pravrudhi.vercel.app/:0
[ 1029222ms] [ERROR] Failed to load resource: net::ERR_FAILED @ http://localhost:8008/status:0
[ 1030221ms] [ERROR] Access to fetch at 'http://localhost:8008/health' from origin 'https://pravrudhi.vercel.app' has been blocked by CORS policy: Permission was denied for this request to access the `loopback` address space. @ https://pravrudhi.vercel.app/:0
[ 1030221ms] [ERROR] Failed to load resource: net::ERR_FAILED @ http://localhost:8008/health:0
[ 1032221ms] [ERROR] Access to fetch at 'http://localhost:8008/status' from origin 'https://pravrudhi.vercel.app' has been blocked by CORS policy: Permission was denied for this request to access the `loopback` address space. @ https://pravrudhi.vercel.app/:0
[ 1032222ms] [ERROR] Failed to load resource: net::ERR_FAILED @ http://localhost:8008/status:0
[ 1035221ms] [ERROR] Access to fetch at 'http://localhost:8008/health' from origin 'https://pravrudhi.vercel.app' has been blocked by CORS policy: Permission was denied for this request to access the `loopback` address space. @ https://pravrudhi.vercel.app/:0
[ 1035221ms] [ERROR] Failed to load resource: net::ERR_FAILED @ http://localhost:8008/health:0
[ 1035221ms] [ERROR] Access to fetch at 'http://localhost:8008/status' from origin 'https://pravrudhi.vercel.app' has been blocked by CORS policy: Permission was denied for this request to access the `loopback` address space. @ https://pravrudhi.vercel.app/:0
[ 1035221ms] [ERROR] Failed to load resource: net::ERR_FAILED @ http://localhost:8008/status:0
[ 1038221ms] [ERROR] Access to fetch at 'http://localhost:8008/status' from origin 'https://pravrudhi.vercel.app' has been blocked by CORS policy: Permission was denied for this request to access the `loopback` address space. @ https://pravrudhi.vercel.app/:0
[ 1038222ms] [ERROR] Failed to load resource: net::ERR_FAILED @ http://localhost:8008/status:0
[ 1040222ms] [ERROR] Access to fetch at 'http://localhost:8008/health' from origin 'https://pravrudhi.vercel.app' has been blocked by CORS policy: Permission was denied for this request to access the `loopback` address space. @ https://pravrudhi.vercel.app/:0
[ 1040222ms] [ERROR] Failed to load resource: net::ERR_FAILED @ http://localhost:8008/health:0
[ 1041221ms] [ERROR] Access to fetch at 'http://localhost:8008/status' from origin 'https://pravrudhi.vercel.app' has been blocked by CORS policy: Permission was denied for this request to access the `loopback` address space. @ https://pravrudhi.vercel.app/:0
[ 1041221ms] [ERROR] Failed to load resource: net::ERR_FAILED @ http://localhost:8008/status:0
[ 1044221ms] [ERROR] Access to fetch at 'http://localhost:8008/status' from origin 'https://pravrudhi.vercel.app' has been blocked by CORS policy: Permission was denied for this request to access the `loopback` address space. @ https://pravrudhi.vercel.app/:0
[ 1044222ms] [ERROR] Failed to load resource: net::ERR_FAILED @ http://localhost:8008/status:0
[ 1045221ms] [ERROR] Access to fetch at 'http://localhost:8008/health' from origin 'https://pravrudhi.vercel.app' has been blocked by CORS policy: Permission was denied for this request to access the `loopback` address space. @ https://pravrudhi.vercel.app/:0
[ 1045221ms] [ERROR] Failed to load resource: net::ERR_FAILED @ http://localhost:8008/health:0
[ 1047222ms] [ERROR] Access to fetch at 'http://localhost:8008/status' from origin 'https://pravrudhi.vercel.app' has been blocked by CORS policy: Permission was denied for this request to access the `loopback` address space. @ https://pravrudhi.vercel.app/:0
[ 1047222ms] [ERROR] Failed to load resource: net::ERR_FAILED @ http://localhost:8008/status:0
[ 1050221ms] [ERROR] Access to fetch at 'http://localhost:8008/health' from origin 'https://pravrudhi.vercel.app' has been blocked by CORS policy: Permission was denied for this request to access the `loopback` address space. @ https://pravrudhi.vercel.app/:0
[ 1050221ms] [ERROR] Failed to load resource: net::ERR_FAILED @ http://localhost:8008/health:0
[ 1050222ms] [ERROR] Access to fetch at 'http://localhost:8008/status' from origin 'https://pravrudhi.vercel.app' has been blocked by CORS policy: Permission was denied for this request to access the `loopback` address space. @ https://pravrudhi.vercel.app/:0
[ 1050222ms] [ERROR] Failed to load resource: net::ERR_FAILED @ http://localhost:8008/status:0
[ 1053221ms] [ERROR] Access to fetch at 'http://localhost:8008/status' from origin 'https://pravrudhi.vercel.app' has been blocked by CORS policy: Permission was denied for this request to access the `loopback` address space. @ https://pravrudhi.vercel.app/:0
[ 1053222ms] [ERROR] Failed to load resource: net::ERR_FAILED @ http://localhost:8008/status:0
[ 1055221ms] [ERROR] Access to fetch at 'http://localhost:8008/health' from origin 'https://pravrudhi.vercel.app' has been blocked by CORS policy: Permission was denied for this request to access the `loopback` address space. @ https://pravrudhi.vercel.app/:0
[ 1055221ms] [ERROR] Failed to load resource: net::ERR_FAILED @ http://localhost:8008/health:0
[ 1056221ms] [ERROR] Access to fetch at 'http://localhost:8008/status' from origin 'https://pravrudhi.vercel.app' has been blocked by CORS policy: Permission was denied for this request to access the `loopback` address space. @ https://pravrudhi.vercel.app/:0
[ 1056221ms] [ERROR] Failed to load resource: net::ERR_FAILED @ http://localhost:8008/status:0
[ 1059221ms] [ERROR] Access to fetch at 'http://localhost:8008/status' from origin 'https://pravrudhi.vercel.app' has been blocked by CORS policy: Permission was denied for this request to access the `loopback` address space. @ https://pravrudhi.vercel.app/:0
[ 1059222ms] [ERROR] Failed to load resource: net::ERR_FAILED @ http://localhost:8008/status:0
[ 1060221ms] [ERROR] Access to fetch at 'http://localhost:8008/health' from origin 'https://pravrudhi.vercel.app' has been blocked by CORS policy: Permission was denied for this request to access the `loopback` address space. @ https://pravrudhi.vercel.app/:0
[ 1060221ms] [ERROR] Failed to load resource: net::ERR_FAILED @ http://localhost:8008/health:0
[ 1062222ms] [ERROR] Access to fetch at 'http://localhost:8008/status' from origin 'https://pravrudhi.vercel.app' has been blocked by CORS policy: Permission was denied for this request to access the `loopback` address space. @ https://pravrudhi.vercel.app/:0
[ 1062222ms] [ERROR] Failed to load resource: net::ERR_FAILED @ http://localhost:8008/status:0
[ 1065221ms] [ERROR] Access to fetch at 'http://localhost:8008/health' from origin 'https://pravrudhi.vercel.app' has been blocked by CORS policy: Permission was denied for this request to access the `loopback` address space. @ https://pravrudhi.vercel.app/:0
[ 1065221ms] [ERROR] Failed to load resource: net::ERR_FAILED @ http://localhost:8008/health:0
[ 1065221ms] [ERROR] Access to fetch at 'http://localhost:8008/status' from origin 'https://pravrudhi.vercel.app' has been blocked by CORS policy: Permission was denied for this request to access the `loopback` address space. @ https://pravrudhi.vercel.app/:0
[ 1065221ms] [ERROR] Failed to load resource: net::ERR_FAILED @ http://localhost:8008/status:0
[ 1068221ms] [ERROR] Access to fetch at 'http://localhost:8008/status' from origin 'https://pravrudhi.vercel.app' has been blocked by CORS policy: Permission was denied for this request to access the `loopback` address space. @ https://pravrudhi.vercel.app/:0
[ 1068222ms] [ERROR] Failed to load resource: net::ERR_FAILED @ http://localhost:8008/status:0
[ 1070221ms] [ERROR] Access to fetch at 'http://localhost:8008/health' from origin 'https://pravrudhi.vercel.app' has been blocked by CORS policy: Permission was denied for this request to access the `loopback` address space. @ https://pravrudhi.vercel.app/:0
[ 1070221ms] [ERROR] Failed to load resource: net::ERR_FAILED @ http://localhost:8008/health:0
[ 1071221ms] [ERROR] Access to fetch at 'http://localhost:8008/status' from origin 'https://pravrudhi.vercel.app' has been blocked by CORS policy: Permission was denied for this request to access the `loopback` address space. @ https://pravrudhi.vercel.app/:0
[ 1071221ms] [ERROR] Failed to load resource: net::ERR_FAILED @ http://localhost:8008/status:0
[ 1074221ms] [ERROR] Access to fetch at 'http://localhost:8008/status' from origin 'https://pravrudhi.vercel.app' has been blocked by CORS policy: Permission was denied for this request to access the `loopback` address space. @ https://pravrudhi.vercel.app/:0
[ 1074221ms] [ERROR] Failed to load resource: net::ERR_FAILED @ http://localhost:8008/status:0
[ 1075221ms] [ERROR] Access to fetch at 'http://localhost:8008/health' from origin 'https://pravrudhi.vercel.app' has been blocked by CORS policy: Permission was denied for this request to access the `loopback` address space. @ https://pravrudhi.vercel.app/:0
[ 1075221ms] [ERROR] Failed to load resource: net::ERR_FAILED @ http://localhost:8008/health:0
[ 1077221ms] [ERROR] Access to fetch at 'http://localhost:8008/status' from origin 'https://pravrudhi.vercel.app' has been blocked by CORS policy: Permission was denied for this request to access the `loopback` address space. @ https://pravrudhi.vercel.app/:0
[ 1077221ms] [ERROR] Failed to load resource: net::ERR_FAILED @ http://localhost:8008/status:0
[ 1080221ms] [ERROR] Access to fetch at 'http://localhost:8008/health' from origin 'https://pravrudhi.vercel.app' has been blocked by CORS policy: Permission was denied for this request to access the `loopback` address space. @ https://pravrudhi.vercel.app/:0
[ 1080221ms] [ERROR] Failed to load resource: net::ERR_FAILED @ http://localhost:8008/health:0
[ 1080221ms] [ERROR] Access to fetch at 'http://localhost:8008/status' from origin 'https://pravrudhi.vercel.app' has been blocked by CORS policy: Permission was denied for this request to access the `loopback` address space. @ https://pravrudhi.vercel.app/:0
[ 1080221ms] [ERROR] Failed to load resource: net::ERR_FAILED @ http://localhost:8008/status:0
[ 1083222ms] [ERROR] Access to fetch at 'http://localhost:8008/status' from origin 'https://pravrudhi.vercel.app' has been blocked by CORS policy: Permission was denied for this request to access the `loopback` address space. @ https://pravrudhi.vercel.app/:0
[ 1083222ms] [ERROR] Failed to load resource: net::ERR_FAILED @ http://localhost:8008/status:0
[ 1085221ms] [ERROR] Access to fetch at 'http://localhost:8008/health' from origin 'https://pravrudhi.vercel.app' has been blocked by CORS policy: Permission was denied for this request to access the `loopback` address space. @ https://pravrudhi.vercel.app/:0
[ 1085221ms] [ERROR] Failed to load resource: net::ERR_FAILED @ http://localhost:8008/health:0
[ 1086222ms] [ERROR] Access to fetch at 'http://localhost:8008/status' from origin 'https://pravrudhi.vercel.app' has been blocked by CORS policy: Permission was denied for this request to access the `loopback` address space. @ https://pravrudhi.vercel.app/:0
[ 1086222ms] [ERROR] Failed to load resource: net::ERR_FAILED @ http://localhost:8008/status:0
[ 1089222ms] [ERROR] Access to fetch at 'http://localhost:8008/status' from origin 'https://pravrudhi.vercel.app' has been blocked by CORS policy: Permission was denied for this request to access the `loopback` address space. @ https://pravrudhi.vercel.app/:0
[ 1089222ms] [ERROR] Failed to load resource: net::ERR_FAILED @ http://localhost:8008/status:0
[ 1090221ms] [ERROR] Access to fetch at 'http://localhost:8008/health' from origin 'https://pravrudhi.vercel.app' has been blocked by CORS policy: Permission was denied for this request to access the `loopback` address space. @ https://pravrudhi.vercel.app/:0
[ 1090221ms] [ERROR] Failed to load resource: net::ERR_FAILED @ http://localhost:8008/health:0
[ 1092222ms] [ERROR] Access to fetch at 'http://localhost:8008/status' from origin 'https://pravrudhi.vercel.app' has been blocked by CORS policy: Permission was denied for this request to access the `loopback` address space. @ https://pravrudhi.vercel.app/:0
[ 1092222ms] [ERROR] Failed to load resource: net::ERR_FAILED @ http://localhost:8008/status:0
[ 1095221ms] [ERROR] Access to fetch at 'http://localhost:8008/health' from origin 'https://pravrudhi.vercel.app' has been blocked by CORS policy: Permission was denied for this request to access the `loopback` address space. @ https://pravrudhi.vercel.app/:0
[ 1095221ms] [ERROR] Failed to load resource: net::ERR_FAILED @ http://localhost:8008/health:0
[ 1095221ms] [ERROR] Access to fetch at 'http://localhost:8008/status' from origin 'https://pravrudhi.vercel.app' has been blocked by CORS policy: Permission was denied for this request to access the `loopback` address space. @ https://pravrudhi.vercel.app/:0
[ 1095221ms] [ERROR] Failed to load resource: net::ERR_FAILED @ http://localhost:8008/status:0
[ 1098221ms] [ERROR] Access to fetch at 'http://localhost:8008/status' from origin 'https://pravrudhi.vercel.app' has been blocked by CORS policy: Permission was denied for this request to access the `loopback` address space. @ https://pravrudhi.vercel.app/:0
[ 1098222ms] [ERROR] Failed to load resource: net::ERR_FAILED @ http://localhost:8008/status:0
[ 1100221ms] [ERROR] Access to fetch at 'http://localhost:8008/health' from origin 'https://pravrudhi.vercel.app' has been blocked by CORS policy: Permission was denied for this request to access the `loopback` address space. @ https://pravrudhi.vercel.app/:0
[ 1100221ms] [ERROR] Failed to load resource: net::ERR_FAILED @ http://localhost:8008/health:0
[ 1101222ms] [ERROR] Access to fetch at 'http://localhost:8008/status' from origin 'https://pravrudhi.vercel.app' has been blocked by CORS policy: Permission was denied for this request to access the `loopback` address space. @ https://pravrudhi.vercel.app/:0
[ 1101222ms] [ERROR] Failed to load resource: net::ERR_FAILED @ http://localhost:8008/status:0
[ 1104222ms] [ERROR] Access to fetch at 'http://localhost:8008/status' from origin 'https://pravrudhi.vercel.app' has been blocked by CORS policy: Permission was denied for this request to access the `loopback` address space. @ https://pravrudhi.vercel.app/:0
[ 1104222ms] [ERROR] Failed to load resource: net::ERR_FAILED @ http://localhost:8008/status:0
[ 1105221ms] [ERROR] Access to fetch at 'http://localhost:8008/health' from origin 'https://pravrudhi.vercel.app' has been blocked by CORS policy: Permission was denied for this request to access the `loopback` address space. @ https://pravrudhi.vercel.app/:0
[ 1105221ms] [ERROR] Failed to load resource: net::ERR_FAILED @ http://localhost:8008/health:0
[ 1107222ms] [ERROR] Access to fetch at 'http://localhost:8008/status' from origin 'https://pravrudhi.vercel.app' has been blocked by CORS policy: Permission was denied for this request to access the `loopback` address space. @ https://pravrudhi.vercel.app/:0
[ 1107222ms] [ERROR] Failed to load resource: net::ERR_FAILED @ http://localhost:8008/status:0
[ 1110221ms] [ERROR] Access to fetch at 'http://localhost:8008/health' from origin 'https://pravrudhi.vercel.app' has been blocked by CORS policy: Permission was denied for this request to access the `loopback` address space. @ https://pravrudhi.vercel.app/:0
[ 1110221ms] [ERROR] Failed to load resource: net::ERR_FAILED @ http://localhost:8008/health:0
[ 1110221ms] [ERROR] Access to fetch at 'http://localhost:8008/status' from origin 'https://pravrudhi.vercel.app' has been blocked by CORS policy: Permission was denied for this request to access the `loopback` address space. @ https://pravrudhi.vercel.app/:0
[ 1110221ms] [ERROR] Failed to load resource: net::ERR_FAILED @ http://localhost:8008/status:0
[ 1113222ms] [ERROR] Access to fetch at 'http://localhost:8008/status' from origin 'https://pravrudhi.vercel.app' has been blocked by CORS policy: Permission was denied for this request to access the `loopback` address space. @ https://pravrudhi.vercel.app/:0
[ 1113222ms] [ERROR] Failed to load resource: net::ERR_FAILED @ http://localhost:8008/status:0
[ 1115221ms] [ERROR] Access to fetch at 'http://localhost:8008/health' from origin 'https://pravrudhi.vercel.app' has been blocked by CORS policy: Permission was denied for this request to access the `loopback` address space. @ https://pravrudhi.vercel.app/:0
[ 1115221ms] [ERROR] Failed to load resource: net::ERR_FAILED @ http://localhost:8008/health:0
[ 1116221ms] [ERROR] Access to fetch at 'http://localhost:8008/status' from origin 'https://pravrudhi.vercel.app' has been blocked by CORS policy: Permission was denied for this request to access the `loopback` address space. @ https://pravrudhi.vercel.app/:0
[ 1116221ms] [ERROR] Failed to load resource: net::ERR_FAILED @ http://localhost:8008/status:0
[ 1119222ms] [ERROR] Access to fetch at 'http://localhost:8008/status' from origin 'https://pravrudhi.vercel.app' has been blocked by CORS policy: Permission was denied for this request to access the `loopback` address space. @ https://pravrudhi.vercel.app/:0
[ 1119222ms] [ERROR] Failed to load resource: net::ERR_FAILED @ http://localhost:8008/status:0
[ 1120221ms] [ERROR] Access to fetch at 'http://localhost:8008/health' from origin 'https://pravrudhi.vercel.app' has been blocked by CORS policy: Permission was denied for this request to access the `loopback` address space. @ https://pravrudhi.vercel.app/:0
[ 1120221ms] [ERROR] Failed to load resource: net::ERR_FAILED @ http://localhost:8008/health:0
[ 1122221ms] [ERROR] Access to fetch at 'http://localhost:8008/status' from origin 'https://pravrudhi.vercel.app' has been blocked by CORS policy: Permission was denied for this request to access the `loopback` address space. @ https://pravrudhi.vercel.app/:0
[ 1122221ms] [ERROR] Failed to load resource: net::ERR_FAILED @ http://localhost:8008/status:0
[ 1125221ms] [ERROR] Access to fetch at 'http://localhost:8008/health' from origin 'https://pravrudhi.vercel.app' has been blocked by CORS policy: Permission was denied for this request to access the `loopback` address space. @ https://pravrudhi.vercel.app/:0
[ 1125221ms] [ERROR] Failed to load resource: net::ERR_FAILED @ http://localhost:8008/health:0
[ 1125222ms] [ERROR] Access to fetch at 'http://localhost:8008/status' from origin 'https://pravrudhi.vercel.app' has been blocked by CORS policy: Permission was denied for this request to access the `loopback` address space. @ https://pravrudhi.vercel.app/:0
[ 1125222ms] [ERROR] Failed to load resource: net::ERR_FAILED @ http://localhost:8008/status:0
[ 1128222ms] [ERROR] Access to fetch at 'http://localhost:8008/status' from origin 'https://pravrudhi.vercel.app' has been blocked by CORS policy: Permission was denied for this request to access the `loopback` address space. @ https://pravrudhi.vercel.app/:0
[ 1128222ms] [ERROR] Failed to load resource: net::ERR_FAILED @ http://localhost:8008/status:0
[ 1130221ms] [ERROR] Access to fetch at 'http://localhost:8008/health' from origin 'https://pravrudhi.vercel.app' has been blocked by CORS policy: Permission was denied for this request to access the `loopback` address space. @ https://pravrudhi.vercel.app/:0
[ 1130221ms] [ERROR] Failed to load resource: net::ERR_FAILED @ http://localhost:8008/health:0
[ 1131222ms] [ERROR] Access to fetch at 'http://localhost:8008/status' from origin 'https://pravrudhi.vercel.app' has been blocked by CORS policy: Permission was denied for this request to access the `loopback` address space. @ https://pravrudhi.vercel.app/:0
[ 1131222ms] [ERROR] Failed to load resource: net::ERR_FAILED @ http://localhost:8008/status:0
[ 1134222ms] [ERROR] Access to fetch at 'http://localhost:8008/status' from origin 'https://pravrudhi.vercel.app' has been blocked by CORS policy: Permission was denied for this request to access the `loopback` address space. @ https://pravrudhi.vercel.app/:0
[ 1134222ms] [ERROR] Failed to load resource: net::ERR_FAILED @ http://localhost:8008/status:0
[ 1135221ms] [ERROR] Access to fetch at 'http://localhost:8008/health' from origin 'https://pravrudhi.vercel.app' has been blocked by CORS policy: Permission was denied for this request to access the `loopback` address space. @ https://pravrudhi.vercel.app/:0
[ 1135221ms] [ERROR] Failed to load resource: net::ERR_FAILED @ http://localhost:8008/health:0
[ 1137221ms] [ERROR] Access to fetch at 'http://localhost:8008/status' from origin 'https://pravrudhi.vercel.app' has been blocked by CORS policy: Permission was denied for this request to access the `loopback` address space. @ https://pravrudhi.vercel.app/:0
[ 1137221ms] [ERROR] Failed to load resource: net::ERR_FAILED @ http://localhost:8008/status:0
[ 1140221ms] [ERROR] Access to fetch at 'http://localhost:8008/health' from origin 'https://pravrudhi.vercel.app' has been blocked by CORS policy: Permission was denied for this request to access the `loopback` address space. @ https://pravrudhi.vercel.app/:0
[ 1140221ms] [ERROR] Failed to load resource: net::ERR_FAILED @ http://localhost:8008/health:0
[ 1140221ms] [ERROR] Access to fetch at 'http://localhost:8008/status' from origin 'https://pravrudhi.vercel.app' has been blocked by CORS policy: Permission was denied for this request to access the `loopback` address space. @ https://pravrudhi.vercel.app/:0
[ 1140221ms] [ERROR] Failed to load resource: net::ERR_FAILED @ http://localhost:8008/status:0
[ 1143222ms] [ERROR] Access to fetch at 'http://localhost:8008/status' from origin 'https://pravrudhi.vercel.app' has been blocked by CORS policy: Permission was denied for this request to access the `loopback` address space. @ https://pravrudhi.vercel.app/:0
[ 1143222ms] [ERROR] Failed to load resource: net::ERR_FAILED @ http://localhost:8008/status:0
[ 1145221ms] [ERROR] Access to fetch at 'http://localhost:8008/health' from origin 'https://pravrudhi.vercel.app' has been blocked by CORS policy: Permission was denied for this request to access the `loopback` address space. @ https://pravrudhi.vercel.app/:0
[ 1145221ms] [ERROR] Failed to load resource: net::ERR_FAILED @ http://localhost:8008/health:0
[ 1146222ms] [ERROR] Access to fetch at 'http://localhost:8008/status' from origin 'https://pravrudhi.vercel.app' has been blocked by CORS policy: Permission was denied for this request to access the `loopback` address space. @ https://pravrudhi.vercel.app/:0
[ 1146222ms] [ERROR] Failed to load resource: net::ERR_FAILED @ http://localhost:8008/status:0
[ 1149222ms] [ERROR] Access to fetch at 'http://localhost:8008/status' from origin 'https://pravrudhi.vercel.app' has been blocked by CORS policy: Permission was denied for this request to access the `loopback` address space. @ https://pravrudhi.vercel.app/:0
[ 1149222ms] [ERROR] Failed to load resource: net::ERR_FAILED @ http://localhost:8008/status:0
[ 1150221ms] [ERROR] Access to fetch at 'http://localhost:8008/health' from origin 'https://pravrudhi.vercel.app' has been blocked by CORS policy: Permission was denied for this request to access the `loopback` address space. @ https://pravrudhi.vercel.app/:0
[ 1150221ms] [ERROR] Failed to load resource: net::ERR_FAILED @ http://localhost:8008/health:0
[ 1152221ms] [ERROR] Access to fetch at 'http://localhost:8008/status' from origin 'https://pravrudhi.vercel.app' has been blocked by CORS policy: Permission was denied for this request to access the `loopback` address space. @ https://pravrudhi.vercel.app/:0
[ 1152221ms] [ERROR] Failed to load resource: net::ERR_FAILED @ http://localhost:8008/status:0
[ 1155221ms] [ERROR] Access to fetch at 'http://localhost:8008/health' from origin 'https://pravrudhi.vercel.app' has been blocked by CORS policy: Permission was denied for this request to access the `loopback` address space. @ https://pravrudhi.vercel.app/:0
[ 1155221ms] [ERROR] Failed to load resource: net::ERR_FAILED @ http://localhost:8008/health:0
[ 1155221ms] [ERROR] Access to fetch at 'http://localhost:8008/status' from origin 'https://pravrudhi.vercel.app' has been blocked by CORS policy: Permission was denied for this request to access the `loopback` address space. @ https://pravrudhi.vercel.app/:0
[ 1155221ms] [ERROR] Failed to load resource: net::ERR_FAILED @ http://localhost:8008/status:0
[ 1158221ms] [ERROR] Access to fetch at 'http://localhost:8008/status' from origin 'https://pravrudhi.vercel.app' has been blocked by CORS policy: Permission was denied for this request to access the `loopback` address space. @ https://pravrudhi.vercel.app/:0
[ 1158221ms] [ERROR] Failed to load resource: net::ERR_FAILED @ http://localhost:8008/status:0
[ 1160221ms] [ERROR] Access to fetch at 'http://localhost:8008/health' from origin 'https://pravrudhi.vercel.app' has been blocked by CORS policy: Permission was denied for this request to access the `loopback` address space. @ https://pravrudhi.vercel.app/:0
[ 1160221ms] [ERROR] Failed to load resource: net::ERR_FAILED @ http://localhost:8008/health:0
[ 1161221ms] [ERROR] Access to fetch at 'http://localhost:8008/status' from origin 'https://pravrudhi.vercel.app' has been blocked by CORS policy: Permission was denied for this request to access the `loopback` address space. @ https://pravrudhi.vercel.app/:0
[ 1161221ms] [ERROR] Failed to load resource: net::ERR_FAILED @ http://localhost:8008/status:0
[ 1164221ms] [ERROR] Access to fetch at 'http://localhost:8008/status' from origin 'https://pravrudhi.vercel.app' has been blocked by CORS policy: Permission was denied for this request to access the `loopback` address space. @ https://pravrudhi.vercel.app/:0
[ 1164221ms] [ERROR] Failed to load resource: net::ERR_FAILED @ http://localhost:8008/status:0
[ 1165226ms] [ERROR] Access to fetch at 'http://localhost:8008/health' from origin 'https://pravrudhi.vercel.app' has been blocked by CORS policy: Permission was denied for this request to access the `loopback` address space. @ https://pravrudhi.vercel.app/:0
[ 1165226ms] [ERROR] Failed to load resource: net::ERR_FAILED @ http://localhost:8008/health:0
[ 1167222ms] [ERROR] Access to fetch at 'http://localhost:8008/status' from origin 'https://pravrudhi.vercel.app' has been blocked by CORS policy: Permission was denied for this request to access the `loopback` address space. @ https://pravrudhi.vercel.app/:0
[ 1167222ms] [ERROR] Failed to load resource: net::ERR_FAILED @ http://localhost:8008/status:0
[ 1170221ms] [ERROR] Access to fetch at 'http://localhost:8008/health' from origin 'https://pravrudhi.vercel.app' has been blocked by CORS policy: Permission was denied for this request to access the `loopback` address space. @ https://pravrudhi.vercel.app/:0
[ 1170221ms] [ERROR] Failed to load resource: net::ERR_FAILED @ http://localhost:8008/health:0
[ 1170222ms] [ERROR] Access to fetch at 'http://localhost:8008/status' from origin 'https://pravrudhi.vercel.app' has been blocked by CORS policy: Permission was denied for this request to access the `loopback` address space. @ https://pravrudhi.vercel.app/:0
[ 1170222ms] [ERROR] Failed to load resource: net::ERR_FAILED @ http://localhost:8008/status:0
[ 1173221ms] [ERROR] Access to fetch at 'http://localhost:8008/status' from origin 'https://pravrudhi.vercel.app' has been blocked by CORS policy: Permission was denied for this request to access the `loopback` address space. @ https://pravrudhi.vercel.app/:0
[ 1173221ms] [ERROR] Failed to load resource: net::ERR_FAILED @ http://localhost:8008/status:0
[ 1175221ms] [ERROR] Access to fetch at 'http://localhost:8008/health' from origin 'https://pravrudhi.vercel.app' has been blocked by CORS policy: Permission was denied for this request to access the `loopback` address space. @ https://pravrudhi.vercel.app/:0
[ 1175221ms] [ERROR] Failed to load resource: net::ERR_FAILED @ http://localhost:8008/health:0
[ 1176221ms] [ERROR] Access to fetch at 'http://localhost:8008/status' from origin 'https://pravrudhi.vercel.app' has been blocked by CORS policy: Permission was denied for this request to access the `loopback` address space. @ https://pravrudhi.vercel.app/:0
[ 1176222ms] [ERROR] Failed to load resource: net::ERR_FAILED @ http://localhost:8008/status:0
[ 1179222ms] [ERROR] Access to fetch at 'http://localhost:8008/status' from origin 'https://pravrudhi.vercel.app' has been blocked by CORS policy: Permission was denied for this request to access the `loopback` address space. @ https://pravrudhi.vercel.app/:0
[ 1179222ms] [ERROR] Failed to load resource: net::ERR_FAILED @ http://localhost:8008/status:0
[ 1180221ms] [ERROR] Access to fetch at 'http://localhost:8008/health' from origin 'https://pravrudhi.vercel.app' has been blocked by CORS policy: Permission was denied for this request to access the `loopback` address space. @ https://pravrudhi.vercel.app/:0
[ 1180221ms] [ERROR] Failed to load resource: net::ERR_FAILED @ http://localhost:8008/health:0
[ 1182222ms] [ERROR] Access to fetch at 'http://localhost:8008/status' from origin 'https://pravrudhi.vercel.app' has been blocked by CORS policy: Permission was denied for this request to access the `loopback` address space. @ https://pravrudhi.vercel.app/:0
[ 1182222ms] [ERROR] Failed to load resource: net::ERR_FAILED @ http://localhost:8008/status:0
[ 1185221ms] [ERROR] Access to fetch at 'http://localhost:8008/health' from origin 'https://pravrudhi.vercel.app' has been blocked by CORS policy: Permission was denied for this request to access the `loopback` address space. @ https://pravrudhi.vercel.app/:0
[ 1185221ms] [ERROR] Failed to load resource: net::ERR_FAILED @ http://localhost:8008/health:0
[ 1185221ms] [ERROR] Access to fetch at 'http://localhost:8008/status' from origin 'https://pravrudhi.vercel.app' has been blocked by CORS policy: Permission was denied for this request to access the `loopback` address space. @ https://pravrudhi.vercel.app/:0
[ 1185221ms] [ERROR] Failed to load resource: net::ERR_FAILED @ http://localhost:8008/status:0
[ 1188221ms] [ERROR] Access to fetch at 'http://localhost:8008/status' from origin 'https://pravrudhi.vercel.app' has been blocked by CORS policy: Permission was denied for this request to access the `loopback` address space. @ https://pravrudhi.vercel.app/:0
[ 1188221ms] [ERROR] Failed to load resource: net::ERR_FAILED @ http://localhost:8008/status:0
[ 1190221ms] [ERROR] Access to fetch at 'http://localhost:8008/health' from origin 'https://pravrudhi.vercel.app' has been blocked by CORS policy: Permission was denied for this request to access the `loopback` address space. @ https://pravrudhi.vercel.app/:0
[ 1190221ms] [ERROR] Failed to load resource: net::ERR_FAILED @ http://localhost:8008/health:0
[ 1191221ms] [ERROR] Access to fetch at 'http://localhost:8008/status' from origin 'https://pravrudhi.vercel.app' has been blocked by CORS policy: Permission was denied for this request to access the `loopback` address space. @ https://pravrudhi.vercel.app/:0
[ 1191222ms] [ERROR] Failed to load resource: net::ERR_FAILED @ http://localhost:8008/status:0
[ 1194222ms] [ERROR] Access to fetch at 'http://localhost:8008/status' from origin 'https://pravrudhi.vercel.app' has been blocked by CORS policy: Permission was denied for this request to access the `loopback` address space. @ https://pravrudhi.vercel.app/:0
[ 1194222ms] [ERROR] Failed to load resource: net::ERR_FAILED @ http://localhost:8008/status:0
[ 1195221ms] [ERROR] Access to fetch at 'http://localhost:8008/health' from origin 'https://pravrudhi.vercel.app' has been blocked by CORS policy: Permission was denied for this request to access the `loopback` address space. @ https://pravrudhi.vercel.app/:0
[ 1195221ms] [ERROR] Failed to load resource: net::ERR_FAILED @ http://localhost:8008/health:0
[ 1197221ms] [ERROR] Access to fetch at 'http://localhost:8008/status' from origin 'https://pravrudhi.vercel.app' has been blocked by CORS policy: Permission was denied for this request to access the `loopback` address space. @ https://pravrudhi.vercel.app/:0
[ 1197222ms] [ERROR] Failed to load resource: net::ERR_FAILED @ http://localhost:8008/status:0
[ 1200221ms] [ERROR] Access to fetch at 'http://localhost:8008/health' from origin 'https://pravrudhi.vercel.app' has been blocked by CORS policy: Permission was denied for this request to access the `loopback` address space. @ https://pravrudhi.vercel.app/:0
[ 1200221ms] [ERROR] Failed to load resource: net::ERR_FAILED @ http://localhost:8008/health:0
[ 1200221ms] [ERROR] Access to fetch at 'http://localhost:8008/status' from origin 'https://pravrudhi.vercel.app' has been blocked by CORS policy: Permission was denied for this request to access the `loopback` address space. @ https://pravrudhi.vercel.app/:0
[ 1200221ms] [ERROR] Failed to load resource: net::ERR_FAILED @ http://localhost:8008/status:0
[ 1203222ms] [ERROR] Access to fetch at 'http://localhost:8008/status' from origin 'https://pravrudhi.vercel.app' has been blocked by CORS policy: Permission was denied for this request to access the `loopback` address space. @ https://pravrudhi.vercel.app/:0
[ 1203222ms] [ERROR] Failed to load resource: net::ERR_FAILED @ http://localhost:8008/status:0
[ 1205221ms] [ERROR] Access to fetch at 'http://localhost:8008/health' from origin 'https://pravrudhi.vercel.app' has been blocked by CORS policy: Permission was denied for this request to access the `loopback` address space. @ https://pravrudhi.vercel.app/:0
[ 1205221ms] [ERROR] Failed to load resource: net::ERR_FAILED @ http://localhost:8008/health:0
[ 1206222ms] [ERROR] Access to fetch at 'http://localhost:8008/status' from origin 'https://pravrudhi.vercel.app' has been blocked by CORS policy: Permission was denied for this request to access the `loopback` address space. @ https://pravrudhi.vercel.app/:0
[ 1206222ms] [ERROR] Failed to load resource: net::ERR_FAILED @ http://localhost:8008/status:0
[ 1209222ms] [ERROR] Access to fetch at 'http://localhost:8008/status' from origin 'https://pravrudhi.vercel.app' has been blocked by CORS policy: Permission was denied for this request to access the `loopback` address space. @ https://pravrudhi.vercel.app/:0
[ 1209222ms] [ERROR] Failed to load resource: net::ERR_FAILED @ http://localhost:8008/status:0
[ 1210221ms] [ERROR] Access to fetch at 'http://localhost:8008/health' from origin 'https://pravrudhi.vercel.app' has been blocked by CORS policy: Permission was denied for this request to access the `loopback` address space. @ https://pravrudhi.vercel.app/:0
[ 1210221ms] [ERROR] Failed to load resource: net::ERR_FAILED @ http://localhost:8008/health:0
[ 1212221ms] [ERROR] Access to fetch at 'http://localhost:8008/status' from origin 'https://pravrudhi.vercel.app' has been blocked by CORS policy: Permission was denied for this request to access the `loopback` address space. @ https://pravrudhi.vercel.app/:0
[ 1212221ms] [ERROR] Failed to load resource: net::ERR_FAILED @ http://localhost:8008/status:0
[ 1215221ms] [ERROR] Access to fetch at 'http://localhost:8008/health' from origin 'https://pravrudhi.vercel.app' has been blocked by CORS policy: Permission was denied for this request to access the `loopback` address space. @ https://pravrudhi.vercel.app/:0
[ 1215221ms] [ERROR] Failed to load resource: net::ERR_FAILED @ http://localhost:8008/health:0
[ 1215222ms] [ERROR] Access to fetch at 'http://localhost:8008/status' from origin 'https://pravrudhi.vercel.app' has been blocked by CORS policy: Permission was denied for this request to access the `loopback` address space. @ https://pravrudhi.vercel.app/:0
[ 1215222ms] [ERROR] Failed to load resource: net::ERR_FAILED @ http://localhost:8008/status:0
[ 1218222ms] [ERROR] Access to fetch at 'http://localhost:8008/status' from origin 'https://pravrudhi.vercel.app' has been blocked by CORS policy: Permission was denied for this request to access the `loopback` address space. @ https://pravrudhi.vercel.app/:0
[ 1218222ms] [ERROR] Failed to load resource: net::ERR_FAILED @ http://localhost:8008/status:0
[ 1220221ms] [ERROR] Access to fetch at 'http://localhost:8008/health' from origin 'https://pravrudhi.vercel.app' has been blocked by CORS policy: Permission was denied for this request to access the `loopback` address space. @ https://pravrudhi.vercel.app/:0
[ 1220221ms] [ERROR] Failed to load resource: net::ERR_FAILED @ http://localhost:8008/health:0
[ 1221221ms] [ERROR] Access to fetch at 'http://localhost:8008/status' from origin 'https://pravrudhi.vercel.app' has been blocked by CORS policy: Permission was denied for this request to access the `loopback` address space. @ https://pravrudhi.vercel.app/:0
[ 1221222ms] [ERROR] Failed to load resource: net::ERR_FAILED @ http://localhost:8008/status:0
[ 1224222ms] [ERROR] Access to fetch at 'http://localhost:8008/status' from origin 'https://pravrudhi.vercel.app' has been blocked by CORS policy: Permission was denied for this request to access the `loopback` address space. @ https://pravrudhi.vercel.app/:0
[ 1224222ms] [ERROR] Failed to load resource: net::ERR_FAILED @ http://localhost:8008/status:0
[ 1225221ms] [ERROR] Access to fetch at 'http://localhost:8008/health' from origin 'https://pravrudhi.vercel.app' has been blocked by CORS policy: Permission was denied for this request to access the `loopback` address space. @ https://pravrudhi.vercel.app/:0
[ 1225221ms] [ERROR] Failed to load resource: net::ERR_FAILED @ http://localhost:8008/health:0
[ 1227222ms] [ERROR] Access to fetch at 'http://localhost:8008/status' from origin 'https://pravrudhi.vercel.app' has been blocked by CORS policy: Permission was denied for this request to access the `loopback` address space. @ https://pravrudhi.vercel.app/:0
[ 1227222ms] [ERROR] Failed to load resource: net::ERR_FAILED @ http://localhost:8008/status:0
[ 1230221ms] [ERROR] Access to fetch at 'http://localhost:8008/health' from origin 'https://pravrudhi.vercel.app' has been blocked by CORS policy: Permission was denied for this request to access the `loopback` address space. @ https://pravrudhi.vercel.app/:0
[ 1230221ms] [ERROR] Failed to load resource: net::ERR_FAILED @ http://localhost:8008/health:0
[ 1230221ms] [ERROR] Access to fetch at 'http://localhost:8008/status' from origin 'https://pravrudhi.vercel.app' has been blocked by CORS policy: Permission was denied for this request to access the `loopback` address space. @ https://pravrudhi.vercel.app/:0
[ 1230221ms] [ERROR] Failed to load resource: net::ERR_FAILED @ http://localhost:8008/status:0
[ 1233222ms] [ERROR] Access to fetch at 'http://localhost:8008/status' from origin 'https://pravrudhi.vercel.app' has been blocked by CORS policy: Permission was denied for this request to access the `loopback` address space. @ https://pravrudhi.vercel.app/:0
[ 1233222ms] [ERROR] Failed to load resource: net::ERR_FAILED @ http://localhost:8008/status:0
[ 1235221ms] [ERROR] Access to fetch at 'http://localhost:8008/health' from origin 'https://pravrudhi.vercel.app' has been blocked by CORS policy: Permission was denied for this request to access the `loopback` address space. @ https://pravrudhi.vercel.app/:0
[ 1235221ms] [ERROR] Failed to load resource: net::ERR_FAILED @ http://localhost:8008/health:0
[ 1236222ms] [ERROR] Access to fetch at 'http://localhost:8008/status' from origin 'https://pravrudhi.vercel.app' has been blocked by CORS policy: Permission was denied for this request to access the `loopback` address space. @ https://pravrudhi.vercel.app/:0
[ 1236222ms] [ERROR] Failed to load resource: net::ERR_FAILED @ http://localhost:8008/status:0
[ 1239221ms] [ERROR] Access to fetch at 'http://localhost:8008/status' from origin 'https://pravrudhi.vercel.app' has been blocked by CORS policy: Permission was denied for this request to access the `loopback` address space. @ https://pravrudhi.vercel.app/:0
[ 1239222ms] [ERROR] Failed to load resource: net::ERR_FAILED @ http://localhost:8008/status:0
[ 1240221ms] [ERROR] Access to fetch at 'http://localhost:8008/health' from origin 'https://pravrudhi.vercel.app' has been blocked by CORS policy: Permission was denied for this request to access the `loopback` address space. @ https://pravrudhi.vercel.app/:0
[ 1240221ms] [ERROR] Failed to load resource: net::ERR_FAILED @ http://localhost:8008/health:0
[ 1242221ms] [ERROR] Access to fetch at 'http://localhost:8008/status' from origin 'https://pravrudhi.vercel.app' has been blocked by CORS policy: Permission was denied for this request to access the `loopback` address space. @ https://pravrudhi.vercel.app/:0
[ 1242222ms] [ERROR] Failed to load resource: net::ERR_FAILED @ http://localhost:8008/status:0
[ 1245221ms] [ERROR] Access to fetch at 'http://localhost:8008/health' from origin 'https://pravrudhi.vercel.app' has been blocked by CORS policy: Permission was denied for this request to access the `loopback` address space. @ https://pravrudhi.vercel.app/:0
[ 1245221ms] [ERROR] Failed to load resource: net::ERR_FAILED @ http://localhost:8008/health:0
[ 1245222ms] [ERROR] Access to fetch at 'http://localhost:8008/status' from origin 'https://pravrudhi.vercel.app' has been blocked by CORS policy: Permission was denied for this request to access the `loopback` address space. @ https://pravrudhi.vercel.app/:0
[ 1245222ms] [ERROR] Failed to load resource: net::ERR_FAILED @ http://localhost:8008/status:0
[ 1248221ms] [ERROR] Access to fetch at 'http://localhost:8008/status' from origin 'https://pravrudhi.vercel.app' has been blocked by CORS policy: Permission was denied for this request to access the `loopback` address space. @ https://pravrudhi.vercel.app/:0
[ 1248222ms] [ERROR] Failed to load resource: net::ERR_FAILED @ http://localhost:8008/status:0
[ 1250221ms] [ERROR] Access to fetch at 'http://localhost:8008/health' from origin 'https://pravrudhi.vercel.app' has been blocked by CORS policy: Permission was denied for this request to access the `loopback` address space. @ https://pravrudhi.vercel.app/:0
[ 1250221ms] [ERROR] Failed to load resource: net::ERR_FAILED @ http://localhost:8008/health:0
[ 1251221ms] [ERROR] Access to fetch at 'http://localhost:8008/status' from origin 'https://pravrudhi.vercel.app' has been blocked by CORS policy: Permission was denied for this request to access the `loopback` address space. @ https://pravrudhi.vercel.app/:0
[ 1251222ms] [ERROR] Failed to load resource: net::ERR_FAILED @ http://localhost:8008/status:0
[ 1254222ms] [ERROR] Access to fetch at 'http://localhost:8008/status' from origin 'https://pravrudhi.vercel.app' has been blocked by CORS policy: Permission was denied for this request to access the `loopback` address space. @ https://pravrudhi.vercel.app/:0
[ 1254222ms] [ERROR] Failed to load resource: net::ERR_FAILED @ http://localhost:8008/status:0
[ 1255221ms] [ERROR] Access to fetch at 'http://localhost:8008/health' from origin 'https://pravrudhi.vercel.app' has been blocked by CORS policy: Permission was denied for this request to access the `loopback` address space. @ https://pravrudhi.vercel.app/:0
[ 1255221ms] [ERROR] Failed to load resource: net::ERR_FAILED @ http://localhost:8008/health:0
[ 1257222ms] [ERROR] Access to fetch at 'http://localhost:8008/status' from origin 'https://pravrudhi.vercel.app' has been blocked by CORS policy: Permission was denied for this request to access the `loopback` address space. @ https://pravrudhi.vercel.app/:0
[ 1257222ms] [ERROR] Failed to load resource: net::ERR_FAILED @ http://localhost:8008/status:0
[ 1260221ms] [ERROR] Access to fetch at 'http://localhost:8008/health' from origin 'https://pravrudhi.vercel.app' has been blocked by CORS policy: Permission was denied for this request to access the `loopback` address space. @ https://pravrudhi.vercel.app/:0
[ 1260221ms] [ERROR] Failed to load resource: net::ERR_FAILED @ http://localhost:8008/health:0
[ 1260222ms] [ERROR] Access to fetch at 'http://localhost:8008/status' from origin 'https://pravrudhi.vercel.app' has been blocked by CORS policy: Permission was denied for this request to access the `loopback` address space. @ https://pravrudhi.vercel.app/:0
[ 1260222ms] [ERROR] Failed to load resource: net::ERR_FAILED @ http://localhost:8008/status:0
[ 1263222ms] [ERROR] Access to fetch at 'http://localhost:8008/status' from origin 'https://pravrudhi.vercel.app' has been blocked by CORS policy: Permission was denied for this request to access the `loopback` address space. @ https://pravrudhi.vercel.app/:0
[ 1263222ms] [ERROR] Failed to load resource: net::ERR_FAILED @ http://localhost:8008/status:0
[ 1265221ms] [ERROR] Access to fetch at 'http://localhost:8008/health' from origin 'https://pravrudhi.vercel.app' has been blocked by CORS policy: Permission was denied for this request to access the `loopback` address space. @ https://pravrudhi.vercel.app/:0
[ 1265221ms] [ERROR] Failed to load resource: net::ERR_FAILED @ http://localhost:8008/health:0
[ 1266221ms] [ERROR] Access to fetch at 'http://localhost:8008/status' from origin 'https://pravrudhi.vercel.app' has been blocked by CORS policy: Permission was denied for this request to access the `loopback` address space. @ https://pravrudhi.vercel.app/:0
[ 1266222ms] [ERROR] Failed to load resource: net::ERR_FAILED @ http://localhost:8008/status:0
[ 1269222ms] [ERROR] Access to fetch at 'http://localhost:8008/status' from origin 'https://pravrudhi.vercel.app' has been blocked by CORS policy: Permission was denied for this request to access the `loopback` address space. @ https://pravrudhi.vercel.app/:0
[ 1269222ms] [ERROR] Failed to load resource: net::ERR_FAILED @ http://localhost:8008/status:0
[ 1270221ms] [ERROR] Access to fetch at 'http://localhost:8008/health' from origin 'https://pravrudhi.vercel.app' has been blocked by CORS policy: Permission was denied for this request to access the `loopback` address space. @ https://pravrudhi.vercel.app/:0
[ 1270221ms] [ERROR] Failed to load resource: net::ERR_FAILED @ http://localhost:8008/health:0
[ 1272222ms] [ERROR] Access to fetch at 'http://localhost:8008/status' from origin 'https://pravrudhi.vercel.app' has been blocked by CORS policy: Permission was denied for this request to access the `loopback` address space. @ https://pravrudhi.vercel.app/:0
[ 1272222ms] [ERROR] Failed to load resource: net::ERR_FAILED @ http://localhost:8008/status:0
[ 1275221ms] [ERROR] Access to fetch at 'http://localhost:8008/health' from origin 'https://pravrudhi.vercel.app' has been blocked by CORS policy: Permission was denied for this request to access the `loopback` address space. @ https://pravrudhi.vercel.app/:0
[ 1275221ms] [ERROR] Failed to load resource: net::ERR_FAILED @ http://localhost:8008/health:0
[ 1275222ms] [ERROR] Access to fetch at 'http://localhost:8008/status' from origin 'https://pravrudhi.vercel.app' has been blocked by CORS policy: Permission was denied for this request to access the `loopback` address space. @ https://pravrudhi.vercel.app/:0
[ 1275222ms] [ERROR] Failed to load resource: net::ERR_FAILED @ http://localhost:8008/status:0
[ 1278221ms] [ERROR] Access to fetch at 'http://localhost:8008/status' from origin 'https://pravrudhi.vercel.app' has been blocked by CORS policy: Permission was denied for this request to access the `loopback` address space. @ https://pravrudhi.vercel.app/:0
[ 1278222ms] [ERROR] Failed to load resource: net::ERR_FAILED @ http://localhost:8008/status:0
[ 1280221ms] [ERROR] Access to fetch at 'http://localhost:8008/health' from origin 'https://pravrudhi.vercel.app' has been blocked by CORS policy: Permission was denied for this request to access the `loopback` address space. @ https://pravrudhi.vercel.app/:0
[ 1280221ms] [ERROR] Failed to load resource: net::ERR_FAILED @ http://localhost:8008/health:0
[ 1281222ms] [ERROR] Access to fetch at 'http://localhost:8008/status' from origin 'https://pravrudhi.vercel.app' has been blocked by CORS policy: Permission was denied for this request to access the `loopback` address space. @ https://pravrudhi.vercel.app/:0
[ 1281222ms] [ERROR] Failed to load resource: net::ERR_FAILED @ http://localhost:8008/status:0
[ 1284221ms] [ERROR] Access to fetch at 'http://localhost:8008/status' from origin 'https://pravrudhi.vercel.app' has been blocked by CORS policy: Permission was denied for this request to access the `loopback` address space. @ https://pravrudhi.vercel.app/:0
[ 1284221ms] [ERROR] Failed to load resource: net::ERR_FAILED @ http://localhost:8008/status:0
[ 1285221ms] [ERROR] Access to fetch at 'http://localhost:8008/health' from origin 'https://pravrudhi.vercel.app' has been blocked by CORS policy: Permission was denied for this request to access the `loopback` address space. @ https://pravrudhi.vercel.app/:0
[ 1285221ms] [ERROR] Failed to load resource: net::ERR_FAILED @ http://localhost:8008/health:0
[ 1287222ms] [ERROR] Access to fetch at 'http://localhost:8008/status' from origin 'https://pravrudhi.vercel.app' has been blocked by CORS policy: Permission was denied for this request to access the `loopback` address space. @ https://pravrudhi.vercel.app/:0
[ 1287222ms] [ERROR] Failed to load resource: net::ERR_FAILED @ http://localhost:8008/status:0
[ 1290221ms] [ERROR] Access to fetch at 'http://localhost:8008/health' from origin 'https://pravrudhi.vercel.app' has been blocked by CORS policy: Permission was denied for this request to access the `loopback` address space. @ https://pravrudhi.vercel.app/:0
[ 1290221ms] [ERROR] Failed to load resource: net::ERR_FAILED @ http://localhost:8008/health:0
[ 1290221ms] [ERROR] Access to fetch at 'http://localhost:8008/status' from origin 'https://pravrudhi.vercel.app' has been blocked by CORS policy: Permission was denied for this request to access the `loopback` address space. @ https://pravrudhi.vercel.app/:0
[ 1290221ms] [ERROR] Failed to load resource: net::ERR_FAILED @ http://localhost:8008/status:0
[ 1293221ms] [ERROR] Access to fetch at 'http://localhost:8008/status' from origin 'https://pravrudhi.vercel.app' has been blocked by CORS policy: Permission was denied for this request to access the `loopback` address space. @ https://pravrudhi.vercel.app/:0
[ 1293221ms] [ERROR] Failed to load resource: net::ERR_FAILED @ http://localhost:8008/status:0
[ 1295221ms] [ERROR] Access to fetch at 'http://localhost:8008/health' from origin 'https://pravrudhi.vercel.app' has been blocked by CORS policy: Permission was denied for this request to access the `loopback` address space. @ https://pravrudhi.vercel.app/:0
[ 1295221ms] [ERROR] Failed to load resource: net::ERR_FAILED @ http://localhost:8008/health:0
[ 1296221ms] [ERROR] Access to fetch at 'http://localhost:8008/status' from origin 'https://pravrudhi.vercel.app' has been blocked by CORS policy: Permission was denied for this request to access the `loopback` address space. @ https://pravrudhi.vercel.app/:0
[ 1296221ms] [ERROR] Failed to load resource: net::ERR_FAILED @ http://localhost:8008/status:0
[ 1299221ms] [ERROR] Access to fetch at 'http://localhost:8008/status' from origin 'https://pravrudhi.vercel.app' has been blocked by CORS policy: Permission was denied for this request to access the `loopback` address space. @ https://pravrudhi.vercel.app/:0
[ 1299221ms] [ERROR] Failed to load resource: net::ERR_FAILED @ http://localhost:8008/status:0
[ 1300221ms] [ERROR] Access to fetch at 'http://localhost:8008/health' from origin 'https://pravrudhi.vercel.app' has been blocked by CORS policy: Permission was denied for this request to access the `loopback` address space. @ https://pravrudhi.vercel.app/:0
[ 1300221ms] [ERROR] Failed to load resource: net::ERR_FAILED @ http://localhost:8008/health:0
[ 1302222ms] [ERROR] Access to fetch at 'http://localhost:8008/status' from origin 'https://pravrudhi.vercel.app' has been blocked by CORS policy: Permission was denied for this request to access the `loopback` address space. @ https://pravrudhi.vercel.app/:0
[ 1302222ms] [ERROR] Failed to load resource: net::ERR_FAILED @ http://localhost:8008/status:0
[ 1305221ms] [ERROR] Access to fetch at 'http://localhost:8008/health' from origin 'https://pravrudhi.vercel.app' has been blocked by CORS policy: Permission was denied for this request to access the `loopback` address space. @ https://pravrudhi.vercel.app/:0
[ 1305221ms] [ERROR] Failed to load resource: net::ERR_FAILED @ http://localhost:8008/health:0
[ 1305222ms] [ERROR] Access to fetch at 'http://localhost:8008/status' from origin 'https://pravrudhi.vercel.app' has been blocked by CORS policy: Permission was denied for this request to access the `loopback` address space. @ https://pravrudhi.vercel.app/:0
[ 1305222ms] [ERROR] Failed to load resource: net::ERR_FAILED @ http://localhost:8008/status:0
[ 1308221ms] [ERROR] Access to fetch at 'http://localhost:8008/status' from origin 'https://pravrudhi.vercel.app' has been blocked by CORS policy: Permission was denied for this request to access the `loopback` address space. @ https://pravrudhi.vercel.app/:0
[ 1308221ms] [ERROR] Failed to load resource: net::ERR_FAILED @ http://localhost:8008/status:0
[ 1310221ms] [ERROR] Access to fetch at 'http://localhost:8008/health' from origin 'https://pravrudhi.vercel.app' has been blocked by CORS policy: Permission was denied for this request to access the `loopback` address space. @ https://pravrudhi.vercel.app/:0
[ 1310221ms] [ERROR] Failed to load resource: net::ERR_FAILED @ http://localhost:8008/health:0
[ 1311222ms] [ERROR] Access to fetch at 'http://localhost:8008/status' from origin 'https://pravrudhi.vercel.app' has been blocked by CORS policy: Permission was denied for this request to access the `loopback` address space. @ https://pravrudhi.vercel.app/:0
[ 1311222ms] [ERROR] Failed to load resource: net::ERR_FAILED @ http://localhost:8008/status:0
[ 1314222ms] [ERROR] Access to fetch at 'http://localhost:8008/status' from origin 'https://pravrudhi.vercel.app' has been blocked by CORS policy: Permission was denied for this request to access the `loopback` address space. @ https://pravrudhi.vercel.app/:0
[ 1314222ms] [ERROR] Failed to load resource: net::ERR_FAILED @ http://localhost:8008/status:0
[ 1315221ms] [ERROR] Access to fetch at 'http://localhost:8008/health' from origin 'https://pravrudhi.vercel.app' has been blocked by CORS policy: Permission was denied for this request to access the `loopback` address space. @ https://pravrudhi.vercel.app/:0
[ 1315221ms] [ERROR] Failed to load resource: net::ERR_FAILED @ http://localhost:8008/health:0
[ 1317222ms] [ERROR] Access to fetch at 'http://localhost:8008/status' from origin 'https://pravrudhi.vercel.app' has been blocked by CORS policy: Permission was denied for this request to access the `loopback` address space. @ https://pravrudhi.vercel.app/:0
[ 1317222ms] [ERROR] Failed to load resource: net::ERR_FAILED @ http://localhost:8008/status:0
[ 1320221ms] [ERROR] Access to fetch at 'http://localhost:8008/health' from origin 'https://pravrudhi.vercel.app' has been blocked by CORS policy: Permission was denied for this request to access the `loopback` address space. @ https://pravrudhi.vercel.app/:0
[ 1320221ms] [ERROR] Failed to load resource: net::ERR_FAILED @ http://localhost:8008/health:0
[ 1320221ms] [ERROR] Access to fetch at 'http://localhost:8008/status' from origin 'https://pravrudhi.vercel.app' has been blocked by CORS policy: Permission was denied for this request to access the `loopback` address space. @ https://pravrudhi.vercel.app/:0
[ 1320221ms] [ERROR] Failed to load resource: net::ERR_FAILED @ http://localhost:8008/status:0
[ 1323222ms] [ERROR] Access to fetch at 'http://localhost:8008/status' from origin 'https://pravrudhi.vercel.app' has been blocked by CORS policy: Permission was denied for this request to access the `loopback` address space. @ https://pravrudhi.vercel.app/:0
[ 1323222ms] [ERROR] Failed to load resource: net::ERR_FAILED @ http://localhost:8008/status:0
[ 1325221ms] [ERROR] Access to fetch at 'http://localhost:8008/health' from origin 'https://pravrudhi.vercel.app' has been blocked by CORS policy: Permission was denied for this request to access the `loopback` address space. @ https://pravrudhi.vercel.app/:0
[ 1325221ms] [ERROR] Failed to load resource: net::ERR_FAILED @ http://localhost:8008/health:0
[ 1326222ms] [ERROR] Access to fetch at 'http://localhost:8008/status' from origin 'https://pravrudhi.vercel.app' has been blocked by CORS policy: Permission was denied for this request to access the `loopback` address space. @ https://pravrudhi.vercel.app/:0
[ 1326222ms] [ERROR] Failed to load resource: net::ERR_FAILED @ http://localhost:8008/status:0
[ 1329221ms] [ERROR] Access to fetch at 'http://localhost:8008/status' from origin 'https://pravrudhi.vercel.app' has been blocked by CORS policy: Permission was denied for this request to access the `loopback` address space. @ https://pravrudhi.vercel.app/:0
[ 1329221ms] [ERROR] Failed to load resource: net::ERR_FAILED @ http://localhost:8008/status:0
[ 1330221ms] [ERROR] Access to fetch at 'http://localhost:8008/health' from origin 'https://pravrudhi.vercel.app' has been blocked by CORS policy: Permission was denied for this request to access the `loopback` address space. @ https://pravrudhi.vercel.app/:0
[ 1330221ms] [ERROR] Failed to load resource: net::ERR_FAILED @ http://localhost:8008/health:0
[ 1332222ms] [ERROR] Access to fetch at 'http://localhost:8008/status' from origin 'https://pravrudhi.vercel.app' has been blocked by CORS policy: Permission was denied for this request to access the `loopback` address space. @ https://pravrudhi.vercel.app/:0
[ 1332222ms] [ERROR] Failed to load resource: net::ERR_FAILED @ http://localhost:8008/status:0
[ 1335221ms] [ERROR] Access to fetch at 'http://localhost:8008/health' from origin 'https://pravrudhi.vercel.app' has been blocked by CORS policy: Permission was denied for this request to access the `loopback` address space. @ https://pravrudhi.vercel.app/:0
[ 1335221ms] [ERROR] Failed to load resource: net::ERR_FAILED @ http://localhost:8008/health:0
[ 1335221ms] [ERROR] Access to fetch at 'http://localhost:8008/status' from origin 'https://pravrudhi.vercel.app' has been blocked by CORS policy: Permission was denied for this request to access the `loopback` address space. @ https://pravrudhi.vercel.app/:0
[ 1335221ms] [ERROR] Failed to load resource: net::ERR_FAILED @ http://localhost:8008/status:0
[ 1338221ms] [ERROR] Access to fetch at 'http://localhost:8008/status' from origin 'https://pravrudhi.vercel.app' has been blocked by CORS policy: Permission was denied for this request to access the `loopback` address space. @ https://pravrudhi.vercel.app/:0
[ 1338221ms] [ERROR] Failed to load resource: net::ERR_FAILED @ http://localhost:8008/status:0
[ 1340221ms] [ERROR] Access to fetch at 'http://localhost:8008/health' from origin 'https://pravrudhi.vercel.app' has been blocked by CORS policy: Permission was denied for this request to access the `loopback` address space. @ https://pravrudhi.vercel.app/:0
[ 1340221ms] [ERROR] Failed to load resource: net::ERR_FAILED @ http://localhost:8008/health:0
[ 1341221ms] [ERROR] Access to fetch at 'http://localhost:8008/status' from origin 'https://pravrudhi.vercel.app' has been blocked by CORS policy: Permission was denied for this request to access the `loopback` address space. @ https://pravrudhi.vercel.app/:0
[ 1341221ms] [ERROR] Failed to load resource: net::ERR_FAILED @ http://localhost:8008/status:0
[ 1344221ms] [ERROR] Access to fetch at 'http://localhost:8008/status' from origin 'https://pravrudhi.vercel.app' has been blocked by CORS policy: Permission was denied for this request to access the `loopback` address space. @ https://pravrudhi.vercel.app/:0
[ 1344221ms] [ERROR] Failed to load resource: net::ERR_FAILED @ http://localhost:8008/status:0
[ 1345221ms] [ERROR] Access to fetch at 'http://localhost:8008/health' from origin 'https://pravrudhi.vercel.app' has been blocked by CORS policy: Permission was denied for this request to access the `loopback` address space. @ https://pravrudhi.vercel.app/:0
[ 1345221ms] [ERROR] Failed to load resource: net::ERR_FAILED @ http://localhost:8008/health:0
[ 1347221ms] [ERROR] Access to fetch at 'http://localhost:8008/status' from origin 'https://pravrudhi.vercel.app' has been blocked by CORS policy: Permission was denied for this request to access the `loopback` address space. @ https://pravrudhi.vercel.app/:0
[ 1347222ms] [ERROR] Failed to load resource: net::ERR_FAILED @ http://localhost:8008/status:0
[ 1350221ms] [ERROR] Access to fetch at 'http://localhost:8008/health' from origin 'https://pravrudhi.vercel.app' has been blocked by CORS policy: Permission was denied for this request to access the `loopback` address space. @ https://pravrudhi.vercel.app/:0
[ 1350221ms] [ERROR] Failed to load resource: net::ERR_FAILED @ http://localhost:8008/health:0
[ 1350221ms] [ERROR] Access to fetch at 'http://localhost:8008/status' from origin 'https://pravrudhi.vercel.app' has been blocked by CORS policy: Permission was denied for this request to access the `loopback` address space. @ https://pravrudhi.vercel.app/:0
[ 1350221ms] [ERROR] Failed to load resource: net::ERR_FAILED @ http://localhost:8008/status:0
[ 1353222ms] [ERROR] Access to fetch at 'http://localhost:8008/status' from origin 'https://pravrudhi.vercel.app' has been blocked by CORS policy: Permission was denied for this request to access the `loopback` address space. @ https://pravrudhi.vercel.app/:0
[ 1353222ms] [ERROR] Failed to load resource: net::ERR_FAILED @ http://localhost:8008/status:0
[ 1355221ms] [ERROR] Access to fetch at 'http://localhost:8008/health' from origin 'https://pravrudhi.vercel.app' has been blocked by CORS policy: Permission was denied for this request to access the `loopback` address space. @ https://pravrudhi.vercel.app/:0
[ 1355221ms] [ERROR] Failed to load resource: net::ERR_FAILED @ http://localhost:8008/health:0
[ 1356221ms] [ERROR] Access to fetch at 'http://localhost:8008/status' from origin 'https://pravrudhi.vercel.app' has been blocked by CORS policy: Permission was denied for this request to access the `loopback` address space. @ https://pravrudhi.vercel.app/:0
[ 1356221ms] [ERROR] Failed to load resource: net::ERR_FAILED @ http://localhost:8008/status:0
[ 1359221ms] [ERROR] Access to fetch at 'http://localhost:8008/status' from origin 'https://pravrudhi.vercel.app' has been blocked by CORS policy: Permission was denied for this request to access the `loopback` address space. @ https://pravrudhi.vercel.app/:0
[ 1359221ms] [ERROR] Failed to load resource: net::ERR_FAILED @ http://localhost:8008/status:0
[ 1360221ms] [ERROR] Access to fetch at 'http://localhost:8008/health' from origin 'https://pravrudhi.vercel.app' has been blocked by CORS policy: Permission was denied for this request to access the `loopback` address space. @ https://pravrudhi.vercel.app/:0
[ 1360221ms] [ERROR] Failed to load resource: net::ERR_FAILED @ http://localhost:8008/health:0
[ 1362222ms] [ERROR] Access to fetch at 'http://localhost:8008/status' from origin 'https://pravrudhi.vercel.app' has been blocked by CORS policy: Permission was denied for this request to access the `loopback` address space. @ https://pravrudhi.vercel.app/:0
[ 1362222ms] [ERROR] Failed to load resource: net::ERR_FAILED @ http://localhost:8008/status:0
[ 1365221ms] [ERROR] Access to fetch at 'http://localhost:8008/health' from origin 'https://pravrudhi.vercel.app' has been blocked by CORS policy: Permission was denied for this request to access the `loopback` address space. @ https://pravrudhi.vercel.app/:0
[ 1365221ms] [ERROR] Failed to load resource: net::ERR_FAILED @ http://localhost:8008/health:0
[ 1365221ms] [ERROR] Access to fetch at 'http://localhost:8008/status' from origin 'https://pravrudhi.vercel.app' has been blocked by CORS policy: Permission was denied for this request to access the `loopback` address space. @ https://pravrudhi.vercel.app/:0
[ 1365221ms] [ERROR] Failed to load resource: net::ERR_FAILED @ http://localhost:8008/status:0
[ 1368222ms] [ERROR] Access to fetch at 'http://localhost:8008/status' from origin 'https://pravrudhi.vercel.app' has been blocked by CORS policy: Permission was denied for this request to access the `loopback` address space. @ https://pravrudhi.vercel.app/:0
[ 1368222ms] [ERROR] Failed to load resource: net::ERR_FAILED @ http://localhost:8008/status:0
[ 1370221ms] [ERROR] Access to fetch at 'http://localhost:8008/health' from origin 'https://pravrudhi.vercel.app' has been blocked by CORS policy: Permission was denied for this request to access the `loopback` address space. @ https://pravrudhi.vercel.app/:0
[ 1370221ms] [ERROR] Failed to load resource: net::ERR_FAILED @ http://localhost:8008/health:0
[ 1371221ms] [ERROR] Access to fetch at 'http://localhost:8008/status' from origin 'https://pravrudhi.vercel.app' has been blocked by CORS policy: Permission was denied for this request to access the `loopback` address space. @ https://pravrudhi.vercel.app/:0
[ 1371221ms] [ERROR] Failed to load resource: net::ERR_FAILED @ http://localhost:8008/status:0
[ 1374221ms] [ERROR] Access to fetch at 'http://localhost:8008/status' from origin 'https://pravrudhi.vercel.app' has been blocked by CORS policy: Permission was denied for this request to access the `loopback` address space. @ https://pravrudhi.vercel.app/:0
[ 1374222ms] [ERROR] Failed to load resource: net::ERR_FAILED @ http://localhost:8008/status:0
[ 1375221ms] [ERROR] Access to fetch at 'http://localhost:8008/health' from origin 'https://pravrudhi.vercel.app' has been blocked by CORS policy: Permission was denied for this request to access the `loopback` address space. @ https://pravrudhi.vercel.app/:0
[ 1375221ms] [ERROR] Failed to load resource: net::ERR_FAILED @ http://localhost:8008/health:0
[ 1377221ms] [ERROR] Access to fetch at 'http://localhost:8008/status' from origin 'https://pravrudhi.vercel.app' has been blocked by CORS policy: Permission was denied for this request to access the `loopback` address space. @ https://pravrudhi.vercel.app/:0
[ 1377221ms] [ERROR] Failed to load resource: net::ERR_FAILED @ http://localhost:8008/status:0
[ 1380221ms] [ERROR] Access to fetch at 'http://localhost:8008/health' from origin 'https://pravrudhi.vercel.app' has been blocked by CORS policy: Permission was denied for this request to access the `loopback` address space. @ https://pravrudhi.vercel.app/:0
[ 1380221ms] [ERROR] Failed to load resource: net::ERR_FAILED @ http://localhost:8008/health:0
[ 1380221ms] [ERROR] Access to fetch at 'http://localhost:8008/status' from origin 'https://pravrudhi.vercel.app' has been blocked by CORS policy: Permission was denied for this request to access the `loopback` address space. @ https://pravrudhi.vercel.app/:0
[ 1380221ms] [ERROR] Failed to load resource: net::ERR_FAILED @ http://localhost:8008/status:0
[ 1383222ms] [ERROR] Access to fetch at 'http://localhost:8008/status' from origin 'https://pravrudhi.vercel.app' has been blocked by CORS policy: Permission was denied for this request to access the `loopback` address space. @ https://pravrudhi.vercel.app/:0
[ 1383222ms] [ERROR] Failed to load resource: net::ERR_FAILED @ http://localhost:8008/status:0
[ 1385221ms] [ERROR] Access to fetch at 'http://localhost:8008/health' from origin 'https://pravrudhi.vercel.app' has been blocked by CORS policy: Permission was denied for this request to access the `loopback` address space. @ https://pravrudhi.vercel.app/:0
[ 1385221ms] [ERROR] Failed to load resource: net::ERR_FAILED @ http://localhost:8008/health:0
[ 1386221ms] [ERROR] Access to fetch at 'http://localhost:8008/status' from origin 'https://pravrudhi.vercel.app' has been blocked by CORS policy: Permission was denied for this request to access the `loopback` address space. @ https://pravrudhi.vercel.app/:0
[ 1386221ms] [ERROR] Failed to load resource: net::ERR_FAILED @ http://localhost:8008/status:0
[ 1389221ms] [ERROR] Access to fetch at 'http://localhost:8008/status' from origin 'https://pravrudhi.vercel.app' has been blocked by CORS policy: Permission was denied for this request to access the `loopback` address space. @ https://pravrudhi.vercel.app/:0
[ 1389221ms] [ERROR] Failed to load resource: net::ERR_FAILED @ http://localhost:8008/status:0
[ 1390221ms] [ERROR] Access to fetch at 'http://localhost:8008/health' from origin 'https://pravrudhi.vercel.app' has been blocked by CORS policy: Permission was denied for this request to access the `loopback` address space. @ https://pravrudhi.vercel.app/:0
[ 1390221ms] [ERROR] Failed to load resource: net::ERR_FAILED @ http://localhost:8008/health:0
[ 1392221ms] [ERROR] Access to fetch at 'http://localhost:8008/status' from origin 'https://pravrudhi.vercel.app' has been blocked by CORS policy: Permission was denied for this request to access the `loopback` address space. @ https://pravrudhi.vercel.app/:0
[ 1392221ms] [ERROR] Failed to load resource: net::ERR_FAILED @ http://localhost:8008/status:0
[ 1395221ms] [ERROR] Access to fetch at 'http://localhost:8008/health' from origin 'https://pravrudhi.vercel.app' has been blocked by CORS policy: Permission was denied for this request to access the `loopback` address space. @ https://pravrudhi.vercel.app/:0
[ 1395221ms] [ERROR] Failed to load resource: net::ERR_FAILED @ http://localhost:8008/health:0
[ 1395221ms] [ERROR] Access to fetch at 'http://localhost:8008/status' from origin 'https://pravrudhi.vercel.app' has been blocked by CORS policy: Permission was denied for this request to access the `loopback` address space. @ https://pravrudhi.vercel.app/:0
[ 1395221ms] [ERROR] Failed to load resource: net::ERR_FAILED @ http://localhost:8008/status:0
[ 1398222ms] [ERROR] Access to fetch at 'http://localhost:8008/status' from origin 'https://pravrudhi.vercel.app' has been blocked by CORS policy: Permission was denied for this request to access the `loopback` address space. @ https://pravrudhi.vercel.app/:0
[ 1398222ms] [ERROR] Failed to load resource: net::ERR_FAILED @ http://localhost:8008/status:0
[ 1400221ms] [ERROR] Access to fetch at 'http://localhost:8008/health' from origin 'https://pravrudhi.vercel.app' has been blocked by CORS policy: Permission was denied for this request to access the `loopback` address space. @ https://pravrudhi.vercel.app/:0
[ 1400221ms] [ERROR] Failed to load resource: net::ERR_FAILED @ http://localhost:8008/health:0
[ 1401222ms] [ERROR] Access to fetch at 'http://localhost:8008/status' from origin 'https://pravrudhi.vercel.app' has been blocked by CORS policy: Permission was denied for this request to access the `loopback` address space. @ https://pravrudhi.vercel.app/:0
[ 1401222ms] [ERROR] Failed to load resource: net::ERR_FAILED @ http://localhost:8008/status:0
[ 1404221ms] [ERROR] Access to fetch at 'http://localhost:8008/status' from origin 'https://pravrudhi.vercel.app' has been blocked by CORS policy: Permission was denied for this request to access the `loopback` address space. @ https://pravrudhi.vercel.app/:0
[ 1404221ms] [ERROR] Failed to load resource: net::ERR_FAILED @ http://localhost:8008/status:0
[ 1405221ms] [ERROR] Access to fetch at 'http://localhost:8008/health' from origin 'https://pravrudhi.vercel.app' has been blocked by CORS policy: Permission was denied for this request to access the `loopback` address space. @ https://pravrudhi.vercel.app/:0
[ 1405221ms] [ERROR] Failed to load resource: net::ERR_FAILED @ http://localhost:8008/health:0
[ 1407221ms] [ERROR] Access to fetch at 'http://localhost:8008/status' from origin 'https://pravrudhi.vercel.app' has been blocked by CORS policy: Permission was denied for this request to access the `loopback` address space. @ https://pravrudhi.vercel.app/:0
[ 1407221ms] [ERROR] Failed to load resource: net::ERR_FAILED @ http://localhost:8008/status:0
[ 1410221ms] [ERROR] Access to fetch at 'http://localhost:8008/health' from origin 'https://pravrudhi.vercel.app' has been blocked by CORS policy: Permission was denied for this request to access the `loopback` address space. @ https://pravrudhi.vercel.app/:0
[ 1410221ms] [ERROR] Failed to load resource: net::ERR_FAILED @ http://localhost:8008/health:0
[ 1410221ms] [ERROR] Access to fetch at 'http://localhost:8008/status' from origin 'https://pravrudhi.vercel.app' has been blocked by CORS policy: Permission was denied for this request to access the `loopback` address space. @ https://pravrudhi.vercel.app/:0
[ 1410221ms] [ERROR] Failed to load resource: net::ERR_FAILED @ http://localhost:8008/status:0
[ 1413222ms] [ERROR] Access to fetch at 'http://localhost:8008/status' from origin 'https://pravrudhi.vercel.app' has been blocked by CORS policy: Permission was denied for this request to access the `loopback` address space. @ https://pravrudhi.vercel.app/:0
[ 1413222ms] [ERROR] Failed to load resource: net::ERR_FAILED @ http://localhost:8008/status:0
[ 1415221ms] [ERROR] Access to fetch at 'http://localhost:8008/health' from origin 'https://pravrudhi.vercel.app' has been blocked by CORS policy: Permission was denied for this request to access the `loopback` address space. @ https://pravrudhi.vercel.app/:0
[ 1415221ms] [ERROR] Failed to load resource: net::ERR_FAILED @ http://localhost:8008/health:0
[ 1416221ms] [ERROR] Access to fetch at 'http://localhost:8008/status' from origin 'https://pravrudhi.vercel.app' has been blocked by CORS policy: Permission was denied for this request to access the `loopback` address space. @ https://pravrudhi.vercel.app/:0
[ 1416221ms] [ERROR] Failed to load resource: net::ERR_FAILED @ http://localhost:8008/status:0
[ 1419222ms] [ERROR] Access to fetch at 'http://localhost:8008/status' from origin 'https://pravrudhi.vercel.app' has been blocked by CORS policy: Permission was denied for this request to access the `loopback` address space. @ https://pravrudhi.vercel.app/:0
[ 1419222ms] [ERROR] Failed to load resource: net::ERR_FAILED @ http://localhost:8008/status:0
[ 1420221ms] [ERROR] Access to fetch at 'http://localhost:8008/health' from origin 'https://pravrudhi.vercel.app' has been blocked by CORS policy: Permission was denied for this request to access the `loopback` address space. @ https://pravrudhi.vercel.app/:0
[ 1420221ms] [ERROR] Failed to load resource: net::ERR_FAILED @ http://localhost:8008/health:0
[ 1422222ms] [ERROR] Access to fetch at 'http://localhost:8008/status' from origin 'https://pravrudhi.vercel.app' has been blocked by CORS policy: Permission was denied for this request to access the `loopback` address space. @ https://pravrudhi.vercel.app/:0
[ 1422222ms] [ERROR] Failed to load resource: net::ERR_FAILED @ http://localhost:8008/status:0
[ 1425221ms] [ERROR] Access to fetch at 'http://localhost:8008/health' from origin 'https://pravrudhi.vercel.app' has been blocked by CORS policy: Permission was denied for this request to access the `loopback` address space. @ https://pravrudhi.vercel.app/:0
[ 1425221ms] [ERROR] Failed to load resource: net::ERR_FAILED @ http://localhost:8008/health:0
[ 1425221ms] [ERROR] Access to fetch at 'http://localhost:8008/status' from origin 'https://pravrudhi.vercel.app' has been blocked by CORS policy: Permission was denied for this request to access the `loopback` address space. @ https://pravrudhi.vercel.app/:0
[ 1425221ms] [ERROR] Failed to load resource: net::ERR_FAILED @ http://localhost:8008/status:0
[ 1428221ms] [ERROR] Access to fetch at 'http://localhost:8008/status' from origin 'https://pravrudhi.vercel.app' has been blocked by CORS policy: Permission was denied for this request to access the `loopback` address space. @ https://pravrudhi.vercel.app/:0
[ 1428221ms] [ERROR] Failed to load resource: net::ERR_FAILED @ http://localhost:8008/status:0
[ 1430221ms] [ERROR] Access to fetch at 'http://localhost:8008/health' from origin 'https://pravrudhi.vercel.app' has been blocked by CORS policy: Permission was denied for this request to access the `loopback` address space. @ https://pravrudhi.vercel.app/:0
[ 1430221ms] [ERROR] Failed to load resource: net::ERR_FAILED @ http://localhost:8008/health:0
[ 1431221ms] [ERROR] Access to fetch at 'http://localhost:8008/status' from origin 'https://pravrudhi.vercel.app' has been blocked by CORS policy: Permission was denied for this request to access the `loopback` address space. @ https://pravrudhi.vercel.app/:0
[ 1431222ms] [ERROR] Failed to load resource: net::ERR_FAILED @ http://localhost:8008/status:0
[ 1434222ms] [ERROR] Access to fetch at 'http://localhost:8008/status' from origin 'https://pravrudhi.vercel.app' has been blocked by CORS policy: Permission was denied for this request to access the `loopback` address space. @ https://pravrudhi.vercel.app/:0
[ 1434222ms] [ERROR] Failed to load resource: net::ERR_FAILED @ http://localhost:8008/status:0
[ 1435221ms] [ERROR] Access to fetch at 'http://localhost:8008/health' from origin 'https://pravrudhi.vercel.app' has been blocked by CORS policy: Permission was denied for this request to access the `loopback` address space. @ https://pravrudhi.vercel.app/:0
[ 1435221ms] [ERROR] Failed to load resource: net::ERR_FAILED @ http://localhost:8008/health:0
[ 1437222ms] [ERROR] Access to fetch at 'http://localhost:8008/status' from origin 'https://pravrudhi.vercel.app' has been blocked by CORS policy: Permission was denied for this request to access the `loopback` address space. @ https://pravrudhi.vercel.app/:0
[ 1437222ms] [ERROR] Failed to load resource: net::ERR_FAILED @ http://localhost:8008/status:0
[ 1440221ms] [ERROR] Access to fetch at 'http://localhost:8008/health' from origin 'https://pravrudhi.vercel.app' has been blocked by CORS policy: Permission was denied for this request to access the `loopback` address space. @ https://pravrudhi.vercel.app/:0
[ 1440221ms] [ERROR] Failed to load resource: net::ERR_FAILED @ http://localhost:8008/health:0
[ 1440221ms] [ERROR] Access to fetch at 'http://localhost:8008/status' from origin 'https://pravrudhi.vercel.app' has been blocked by CORS policy: Permission was denied for this request to access the `loopback` address space. @ https://pravrudhi.vercel.app/:0
[ 1440221ms] [ERROR] Failed to load resource: net::ERR_FAILED @ http://localhost:8008/status:0
[ 1443221ms] [ERROR] Access to fetch at 'http://localhost:8008/status' from origin 'https://pravrudhi.vercel.app' has been blocked by CORS policy: Permission was denied for this request to access the `loopback` address space. @ https://pravrudhi.vercel.app/:0
[ 1443221ms] [ERROR] Failed to load resource: net::ERR_FAILED @ http://localhost:8008/status:0
[ 1445221ms] [ERROR] Access to fetch at 'http://localhost:8008/health' from origin 'https://pravrudhi.vercel.app' has been blocked by CORS policy: Permission was denied for this request to access the `loopback` address space. @ https://pravrudhi.vercel.app/:0
[ 1445221ms] [ERROR] Failed to load resource: net::ERR_FAILED @ http://localhost:8008/health:0
[ 1446222ms] [ERROR] Access to fetch at 'http://localhost:8008/status' from origin 'https://pravrudhi.vercel.app' has been blocked by CORS policy: Permission was denied for this request to access the `loopback` address space. @ https://pravrudhi.vercel.app/:0
[ 1446222ms] [ERROR] Failed to load resource: net::ERR_FAILED @ http://localhost:8008/status:0
[ 1449222ms] [ERROR] Access to fetch at 'http://localhost:8008/status' from origin 'https://pravrudhi.vercel.app' has been blocked by CORS policy: Permission was denied for this request to access the `loopback` address space. @ https://pravrudhi.vercel.app/:0
[ 1449222ms] [ERROR] Failed to load resource: net::ERR_FAILED @ http://localhost:8008/status:0
[ 1450221ms] [ERROR] Access to fetch at 'http://localhost:8008/health' from origin 'https://pravrudhi.vercel.app' has been blocked by CORS policy: Permission was denied for this request to access the `loopback` address space. @ https://pravrudhi.vercel.app/:0
[ 1450221ms] [ERROR] Failed to load resource: net::ERR_FAILED @ http://localhost:8008/health:0
[ 1452222ms] [ERROR] Access to fetch at 'http://localhost:8008/status' from origin 'https://pravrudhi.vercel.app' has been blocked by CORS policy: Permission was denied for this request to access the `loopback` address space. @ https://pravrudhi.vercel.app/:0
[ 1452222ms] [ERROR] Failed to load resource: net::ERR_FAILED @ http://localhost:8008/status:0
[ 1455221ms] [ERROR] Access to fetch at 'http://localhost:8008/health' from origin 'https://pravrudhi.vercel.app' has been blocked by CORS policy: Permission was denied for this request to access the `loopback` address space. @ https://pravrudhi.vercel.app/:0
[ 1455221ms] [ERROR] Failed to load resource: net::ERR_FAILED @ http://localhost:8008/health:0
[ 1455221ms] [ERROR] Access to fetch at 'http://localhost:8008/status' from origin 'https://pravrudhi.vercel.app' has been blocked by CORS policy: Permission was denied for this request to access the `loopback` address space. @ https://pravrudhi.vercel.app/:0
[ 1455221ms] [ERROR] Failed to load resource: net::ERR_FAILED @ http://localhost:8008/status:0
[ 1458221ms] [ERROR] Access to fetch at 'http://localhost:8008/status' from origin 'https://pravrudhi.vercel.app' has been blocked by CORS policy: Permission was denied for this request to access the `loopback` address space. @ https://pravrudhi.vercel.app/:0
[ 1458221ms] [ERROR] Failed to load resource: net::ERR_FAILED @ http://localhost:8008/status:0
[ 1460221ms] [ERROR] Access to fetch at 'http://localhost:8008/health' from origin 'https://pravrudhi.vercel.app' has been blocked by CORS policy: Permission was denied for this request to access the `loopback` address space. @ https://pravrudhi.vercel.app/:0
[ 1460221ms] [ERROR] Failed to load resource: net::ERR_FAILED @ http://localhost:8008/health:0
[ 1461221ms] [ERROR] Access to fetch at 'http://localhost:8008/status' from origin 'https://pravrudhi.vercel.app' has been blocked by CORS policy: Permission was denied for this request to access the `loopback` address space. @ https://pravrudhi.vercel.app/:0
[ 1461222ms] [ERROR] Failed to load resource: net::ERR_FAILED @ http://localhost:8008/status:0
[ 1464222ms] [ERROR] Access to fetch at 'http://localhost:8008/status' from origin 'https://pravrudhi.vercel.app' has been blocked by CORS policy: Permission was denied for this request to access the `loopback` address space. @ https://pravrudhi.vercel.app/:0
[ 1464222ms] [ERROR] Failed to load resource: net::ERR_FAILED @ http://localhost:8008/status:0
[ 1465221ms] [ERROR] Access to fetch at 'http://localhost:8008/health' from origin 'https://pravrudhi.vercel.app' has been blocked by CORS policy: Permission was denied for this request to access the `loopback` address space. @ https://pravrudhi.vercel.app/:0
[ 1465221ms] [ERROR] Failed to load resource: net::ERR_FAILED @ http://localhost:8008/health:0
[ 1467222ms] [ERROR] Access to fetch at 'http://localhost:8008/status' from origin 'https://pravrudhi.vercel.app' has been blocked by CORS policy: Permission was denied for this request to access the `loopback` address space. @ https://pravrudhi.vercel.app/:0
[ 1467222ms] [ERROR] Failed to load resource: net::ERR_FAILED @ http://localhost:8008/status:0
[ 1470221ms] [ERROR] Access to fetch at 'http://localhost:8008/health' from origin 'https://pravrudhi.vercel.app' has been blocked by CORS policy: Permission was denied for this request to access the `loopback` address space. @ https://pravrudhi.vercel.app/:0
[ 1470222ms] [ERROR] Failed to load resource: net::ERR_FAILED @ http://localhost:8008/health:0
[ 1470222ms] [ERROR] Access to fetch at 'http://localhost:8008/status' from origin 'https://pravrudhi.vercel.app' has been blocked by CORS policy: Permission was denied for this request to access the `loopback` address space. @ https://pravrudhi.vercel.app/:0
[ 1470222ms] [ERROR] Failed to load resource: net::ERR_FAILED @ http://localhost:8008/status:0
[ 1473221ms] [ERROR] Access to fetch at 'http://localhost:8008/status' from origin 'https://pravrudhi.vercel.app' has been blocked by CORS policy: Permission was denied for this request to access the `loopback` address space. @ https://pravrudhi.vercel.app/:0
[ 1473222ms] [ERROR] Failed to load resource: net::ERR_FAILED @ http://localhost:8008/status:0
[ 1475221ms] [ERROR] Access to fetch at 'http://localhost:8008/health' from origin 'https://pravrudhi.vercel.app' has been blocked by CORS policy: Permission was denied for this request to access the `loopback` address space. @ https://pravrudhi.vercel.app/:0
[ 1475221ms] [ERROR] Failed to load resource: net::ERR_FAILED @ http://localhost:8008/health:0
[ 1476222ms] [ERROR] Access to fetch at 'http://localhost:8008/status' from origin 'https://pravrudhi.vercel.app' has been blocked by CORS policy: Permission was denied for this request to access the `loopback` address space. @ https://pravrudhi.vercel.app/:0
[ 1476222ms] [ERROR] Failed to load resource: net::ERR_FAILED @ http://localhost:8008/status:0
[ 1479222ms] [ERROR] Access to fetch at 'http://localhost:8008/status' from origin 'https://pravrudhi.vercel.app' has been blocked by CORS policy: Permission was denied for this request to access the `loopback` address space. @ https://pravrudhi.vercel.app/:0
[ 1479222ms] [ERROR] Failed to load resource: net::ERR_FAILED @ http://localhost:8008/status:0
[ 1480221ms] [ERROR] Access to fetch at 'http://localhost:8008/health' from origin 'https://pravrudhi.vercel.app' has been blocked by CORS policy: Permission was denied for this request to access the `loopback` address space. @ https://pravrudhi.vercel.app/:0
[ 1480221ms] [ERROR] Failed to load resource: net::ERR_FAILED @ http://localhost:8008/health:0
[ 1482222ms] [ERROR] Access to fetch at 'http://localhost:8008/status' from origin 'https://pravrudhi.vercel.app' has been blocked by CORS policy: Permission was denied for this request to access the `loopback` address space. @ https://pravrudhi.vercel.app/:0
[ 1482222ms] [ERROR] Failed to load resource: net::ERR_FAILED @ http://localhost:8008/status:0
[ 1485221ms] [ERROR] Access to fetch at 'http://localhost:8008/health' from origin 'https://pravrudhi.vercel.app' has been blocked by CORS policy: Permission was denied for this request to access the `loopback` address space. @ https://pravrudhi.vercel.app/:0
[ 1485221ms] [ERROR] Failed to load resource: net::ERR_FAILED @ http://localhost:8008/health:0
[ 1485222ms] [ERROR] Access to fetch at 'http://localhost:8008/status' from origin 'https://pravrudhi.vercel.app' has been blocked by CORS policy: Permission was denied for this request to access the `loopback` address space. @ https://pravrudhi.vercel.app/:0
[ 1485222ms] [ERROR] Failed to load resource: net::ERR_FAILED @ http://localhost:8008/status:0
[ 1488222ms] [ERROR] Access to fetch at 'http://localhost:8008/status' from origin 'https://pravrudhi.vercel.app' has been blocked by CORS policy: Permission was denied for this request to access the `loopback` address space. @ https://pravrudhi.vercel.app/:0
[ 1488222ms] [ERROR] Failed to load resource: net::ERR_FAILED @ http://localhost:8008/status:0
[ 1490221ms] [ERROR] Access to fetch at 'http://localhost:8008/health' from origin 'https://pravrudhi.vercel.app' has been blocked by CORS policy: Permission was denied for this request to access the `loopback` address space. @ https://pravrudhi.vercel.app/:0
[ 1490221ms] [ERROR] Failed to load resource: net::ERR_FAILED @ http://localhost:8008/health:0
[ 1491221ms] [ERROR] Access to fetch at 'http://localhost:8008/status' from origin 'https://pravrudhi.vercel.app' has been blocked by CORS policy: Permission was denied for this request to access the `loopback` address space. @ https://pravrudhi.vercel.app/:0
[ 1491222ms] [ERROR] Failed to load resource: net::ERR_FAILED @ http://localhost:8008/status:0
[ 1494222ms] [ERROR] Access to fetch at 'http://localhost:8008/status' from origin 'https://pravrudhi.vercel.app' has been blocked by CORS policy: Permission was denied for this request to access the `loopback` address space. @ https://pravrudhi.vercel.app/:0
[ 1494222ms] [ERROR] Failed to load resource: net::ERR_FAILED @ http://localhost:8008/status:0
[ 1495221ms] [ERROR] Access to fetch at 'http://localhost:8008/health' from origin 'https://pravrudhi.vercel.app' has been blocked by CORS policy: Permission was denied for this request to access the `loopback` address space. @ https://pravrudhi.vercel.app/:0
[ 1495221ms] [ERROR] Failed to load resource: net::ERR_FAILED @ http://localhost:8008/health:0
[ 1497222ms] [ERROR] Access to fetch at 'http://localhost:8008/status' from origin 'https://pravrudhi.vercel.app' has been blocked by CORS policy: Permission was denied for this request to access the `loopback` address space. @ https://pravrudhi.vercel.app/:0
[ 1497222ms] [ERROR] Failed to load resource: net::ERR_FAILED @ http://localhost:8008/status:0
[ 1500221ms] [ERROR] Access to fetch at 'http://localhost:8008/health' from origin 'https://pravrudhi.vercel.app' has been blocked by CORS policy: Permission was denied for this request to access the `loopback` address space. @ https://pravrudhi.vercel.app/:0
[ 1500221ms] [ERROR] Failed to load resource: net::ERR_FAILED @ http://localhost:8008/health:0
[ 1500221ms] [ERROR] Access to fetch at 'http://localhost:8008/status' from origin 'https://pravrudhi.vercel.app' has been blocked by CORS policy: Permission was denied for this request to access the `loopback` address space. @ https://pravrudhi.vercel.app/:0
[ 1500222ms] [ERROR] Failed to load resource: net::ERR_FAILED @ http://localhost:8008/status:0
[ 1503222ms] [ERROR] Access to fetch at 'http://localhost:8008/status' from origin 'https://pravrudhi.vercel.app' has been blocked by CORS policy: Permission was denied for this request to access the `loopback` address space. @ https://pravrudhi.vercel.app/:0
[ 1503222ms] [ERROR] Failed to load resource: net::ERR_FAILED @ http://localhost:8008/status:0
[ 1505221ms] [ERROR] Access to fetch at 'http://localhost:8008/health' from origin 'https://pravrudhi.vercel.app' has been blocked by CORS policy: Permission was denied for this request to access the `loopback` address space. @ https://pravrudhi.vercel.app/:0
[ 1505221ms] [ERROR] Failed to load resource: net::ERR_FAILED @ http://localhost:8008/health:0
[ 1506222ms] [ERROR] Access to fetch at 'http://localhost:8008/status' from origin 'https://pravrudhi.vercel.app' has been blocked by CORS policy: Permission was denied for this request to access the `loopback` address space. @ https://pravrudhi.vercel.app/:0
[ 1506222ms] [ERROR] Failed to load resource: net::ERR_FAILED @ http://localhost:8008/status:0
[ 1509221ms] [ERROR] Access to fetch at 'http://localhost:8008/status' from origin 'https://pravrudhi.vercel.app' has been blocked by CORS policy: Permission was denied for this request to access the `loopback` address space. @ https://pravrudhi.vercel.app/:0
[ 1509222ms] [ERROR] Failed to load resource: net::ERR_FAILED @ http://localhost:8008/status:0
[ 1510221ms] [ERROR] Access to fetch at 'http://localhost:8008/health' from origin 'https://pravrudhi.vercel.app' has been blocked by CORS policy: Permission was denied for this request to access the `loopback` address space. @ https://pravrudhi.vercel.app/:0
[ 1510221ms] [ERROR] Failed to load resource: net::ERR_FAILED @ http://localhost:8008/health:0
[ 1512221ms] [ERROR] Access to fetch at 'http://localhost:8008/status' from origin 'https://pravrudhi.vercel.app' has been blocked by CORS policy: Permission was denied for this request to access the `loopback` address space. @ https://pravrudhi.vercel.app/:0
[ 1512222ms] [ERROR] Failed to load resource: net::ERR_FAILED @ http://localhost:8008/status:0
[ 1515221ms] [ERROR] Access to fetch at 'http://localhost:8008/health' from origin 'https://pravrudhi.vercel.app' has been blocked by CORS policy: Permission was denied for this request to access the `loopback` address space. @ https://pravrudhi.vercel.app/:0
[ 1515221ms] [ERROR] Failed to load resource: net::ERR_FAILED @ http://localhost:8008/health:0
[ 1515222ms] [ERROR] Access to fetch at 'http://localhost:8008/status' from origin 'https://pravrudhi.vercel.app' has been blocked by CORS policy: Permission was denied for this request to access the `loopback` address space. @ https://pravrudhi.vercel.app/:0
[ 1515222ms] [ERROR] Failed to load resource: net::ERR_FAILED @ http://localhost:8008/status:0
[ 1518222ms] [ERROR] Access to fetch at 'http://localhost:8008/status' from origin 'https://pravrudhi.vercel.app' has been blocked by CORS policy: Permission was denied for this request to access the `loopback` address space. @ https://pravrudhi.vercel.app/:0
[ 1518222ms] [ERROR] Failed to load resource: net::ERR_FAILED @ http://localhost:8008/status:0
[ 1520221ms] [ERROR] Access to fetch at 'http://localhost:8008/health' from origin 'https://pravrudhi.vercel.app' has been blocked by CORS policy: Permission was denied for this request to access the `loopback` address space. @ https://pravrudhi.vercel.app/:0
[ 1520221ms] [ERROR] Failed to load resource: net::ERR_FAILED @ http://localhost:8008/health:0
[ 1521222ms] [ERROR] Access to fetch at 'http://localhost:8008/status' from origin 'https://pravrudhi.vercel.app' has been blocked by CORS policy: Permission was denied for this request to access the `loopback` address space. @ https://pravrudhi.vercel.app/:0
[ 1521222ms] [ERROR] Failed to load resource: net::ERR_FAILED @ http://localhost:8008/status:0
[ 1524222ms] [ERROR] Access to fetch at 'http://localhost:8008/status' from origin 'https://pravrudhi.vercel.app' has been blocked by CORS policy: Permission was denied for this request to access the `loopback` address space. @ https://pravrudhi.vercel.app/:0
[ 1524222ms] [ERROR] Failed to load resource: net::ERR_FAILED @ http://localhost:8008/status:0
[ 1525221ms] [ERROR] Access to fetch at 'http://localhost:8008/health' from origin 'https://pravrudhi.vercel.app' has been blocked by CORS policy: Permission was denied for this request to access the `loopback` address space. @ https://pravrudhi.vercel.app/:0
[ 1525221ms] [ERROR] Failed to load resource: net::ERR_FAILED @ http://localhost:8008/health:0
[ 1527221ms] [ERROR] Access to fetch at 'http://localhost:8008/status' from origin 'https://pravrudhi.vercel.app' has been blocked by CORS policy: Permission was denied for this request to access the `loopback` address space. @ https://pravrudhi.vercel.app/:0
[ 1527222ms] [ERROR] Failed to load resource: net::ERR_FAILED @ http://localhost:8008/status:0
[ 1530221ms] [ERROR] Access to fetch at 'http://localhost:8008/health' from origin 'https://pravrudhi.vercel.app' has been blocked by CORS policy: Permission was denied for this request to access the `loopback` address space. @ https://pravrudhi.vercel.app/:0
[ 1530221ms] [ERROR] Failed to load resource: net::ERR_FAILED @ http://localhost:8008/health:0
[ 1530221ms] [ERROR] Access to fetch at 'http://localhost:8008/status' from origin 'https://pravrudhi.vercel.app' has been blocked by CORS policy: Permission was denied for this request to access the `loopback` address space. @ https://pravrudhi.vercel.app/:0
[ 1530221ms] [ERROR] Failed to load resource: net::ERR_FAILED @ http://localhost:8008/status:0
[ 1533221ms] [ERROR] Access to fetch at 'http://localhost:8008/status' from origin 'https://pravrudhi.vercel.app' has been blocked by CORS policy: Permission was denied for this request to access the `loopback` address space. @ https://pravrudhi.vercel.app/:0
[ 1533222ms] [ERROR] Failed to load resource: net::ERR_FAILED @ http://localhost:8008/status:0
[ 1535221ms] [ERROR] Access to fetch at 'http://localhost:8008/health' from origin 'https://pravrudhi.vercel.app' has been blocked by CORS policy: Permission was denied for this request to access the `loopback` address space. @ https://pravrudhi.vercel.app/:0
[ 1535221ms] [ERROR] Failed to load resource: net::ERR_FAILED @ http://localhost:8008/health:0
[ 1536221ms] [ERROR] Access to fetch at 'http://localhost:8008/status' from origin 'https://pravrudhi.vercel.app' has been blocked by CORS policy: Permission was denied for this request to access the `loopback` address space. @ https://pravrudhi.vercel.app/:0
[ 1536222ms] [ERROR] Failed to load resource: net::ERR_FAILED @ http://localhost:8008/status:0
[ 1539222ms] [ERROR] Access to fetch at 'http://localhost:8008/status' from origin 'https://pravrudhi.vercel.app' has been blocked by CORS policy: Permission was denied for this request to access the `loopback` address space. @ https://pravrudhi.vercel.app/:0
[ 1539222ms] [ERROR] Failed to load resource: net::ERR_FAILED @ http://localhost:8008/status:0
[ 1540221ms] [ERROR] Access to fetch at 'http://localhost:8008/health' from origin 'https://pravrudhi.vercel.app' has been blocked by CORS policy: Permission was denied for this request to access the `loopback` address space. @ https://pravrudhi.vercel.app/:0
[ 1540221ms] [ERROR] Failed to load resource: net::ERR_FAILED @ http://localhost:8008/health:0
[ 1542222ms] [ERROR] Access to fetch at 'http://localhost:8008/status' from origin 'https://pravrudhi.vercel.app' has been blocked by CORS policy: Permission was denied for this request to access the `loopback` address space. @ https://pravrudhi.vercel.app/:0
[ 1542222ms] [ERROR] Failed to load resource: net::ERR_FAILED @ http://localhost:8008/status:0
[ 1545221ms] [ERROR] Access to fetch at 'http://localhost:8008/health' from origin 'https://pravrudhi.vercel.app' has been blocked by CORS policy: Permission was denied for this request to access the `loopback` address space. @ https://pravrudhi.vercel.app/:0
[ 1545221ms] [ERROR] Failed to load resource: net::ERR_FAILED @ http://localhost:8008/health:0
[ 1545221ms] [ERROR] Access to fetch at 'http://localhost:8008/status' from origin 'https://pravrudhi.vercel.app' has been blocked by CORS policy: Permission was denied for this request to access the `loopback` address space. @ https://pravrudhi.vercel.app/:0
[ 1545221ms] [ERROR] Failed to load resource: net::ERR_FAILED @ http://localhost:8008/status:0
[ 1548222ms] [ERROR] Access to fetch at 'http://localhost:8008/status' from origin 'https://pravrudhi.vercel.app' has been blocked by CORS policy: Permission was denied for this request to access the `loopback` address space. @ https://pravrudhi.vercel.app/:0
[ 1548222ms] [ERROR] Failed to load resource: net::ERR_FAILED @ http://localhost:8008/status:0
[ 1550221ms] [ERROR] Access to fetch at 'http://localhost:8008/health' from origin 'https://pravrudhi.vercel.app' has been blocked by CORS policy: Permission was denied for this request to access the `loopback` address space. @ https://pravrudhi.vercel.app/:0
[ 1550221ms] [ERROR] Failed to load resource: net::ERR_FAILED @ http://localhost:8008/health:0
[ 1551222ms] [ERROR] Access to fetch at 'http://localhost:8008/status' from origin 'https://pravrudhi.vercel.app' has been blocked by CORS policy: Permission was denied for this request to access the `loopback` address space. @ https://pravrudhi.vercel.app/:0
[ 1551222ms] [ERROR] Failed to load resource: net::ERR_FAILED @ http://localhost:8008/status:0
[ 1554222ms] [ERROR] Access to fetch at 'http://localhost:8008/status' from origin 'https://pravrudhi.vercel.app' has been blocked by CORS policy: Permission was denied for this request to access the `loopback` address space. @ https://pravrudhi.vercel.app/:0
[ 1554222ms] [ERROR] Failed to load resource: net::ERR_FAILED @ http://localhost:8008/status:0
[ 1555221ms] [ERROR] Access to fetch at 'http://localhost:8008/health' from origin 'https://pravrudhi.vercel.app' has been blocked by CORS policy: Permission was denied for this request to access the `loopback` address space. @ https://pravrudhi.vercel.app/:0
[ 1555221ms] [ERROR] Failed to load resource: net::ERR_FAILED @ http://localhost:8008/health:0
[ 1557222ms] [ERROR] Access to fetch at 'http://localhost:8008/status' from origin 'https://pravrudhi.vercel.app' has been blocked by CORS policy: Permission was denied for this request to access the `loopback` address space. @ https://pravrudhi.vercel.app/:0
[ 1557222ms] [ERROR] Failed to load resource: net::ERR_FAILED @ http://localhost:8008/status:0
[ 1560221ms] [ERROR] Access to fetch at 'http://localhost:8008/health' from origin 'https://pravrudhi.vercel.app' has been blocked by CORS policy: Permission was denied for this request to access the `loopback` address space. @ https://pravrudhi.vercel.app/:0
[ 1560221ms] [ERROR] Failed to load resource: net::ERR_FAILED @ http://localhost:8008/health:0
[ 1560221ms] [ERROR] Access to fetch at 'http://localhost:8008/status' from origin 'https://pravrudhi.vercel.app' has been blocked by CORS policy: Permission was denied for this request to access the `loopback` address space. @ https://pravrudhi.vercel.app/:0
[ 1560222ms] [ERROR] Failed to load resource: net::ERR_FAILED @ http://localhost:8008/status:0
[ 1563222ms] [ERROR] Access to fetch at 'http://localhost:8008/status' from origin 'https://pravrudhi.vercel.app' has been blocked by CORS policy: Permission was denied for this request to access the `loopback` address space. @ https://pravrudhi.vercel.app/:0
[ 1563222ms] [ERROR] Failed to load resource: net::ERR_FAILED @ http://localhost:8008/status:0
[ 1565221ms] [ERROR] Access to fetch at 'http://localhost:8008/health' from origin 'https://pravrudhi.vercel.app' has been blocked by CORS policy: Permission was denied for this request to access the `loopback` address space. @ https://pravrudhi.vercel.app/:0
[ 1565221ms] [ERROR] Failed to load resource: net::ERR_FAILED @ http://localhost:8008/health:0
[ 1566222ms] [ERROR] Access to fetch at 'http://localhost:8008/status' from origin 'https://pravrudhi.vercel.app' has been blocked by CORS policy: Permission was denied for this request to access the `loopback` address space. @ https://pravrudhi.vercel.app/:0
[ 1566222ms] [ERROR] Failed to load resource: net::ERR_FAILED @ http://localhost:8008/status:0
[ 1569222ms] [ERROR] Access to fetch at 'http://localhost:8008/status' from origin 'https://pravrudhi.vercel.app' has been blocked by CORS policy: Permission was denied for this request to access the `loopback` address space. @ https://pravrudhi.vercel.app/:0
[ 1569222ms] [ERROR] Failed to load resource: net::ERR_FAILED @ http://localhost:8008/status:0
[ 1570221ms] [ERROR] Access to fetch at 'http://localhost:8008/health' from origin 'https://pravrudhi.vercel.app' has been blocked by CORS policy: Permission was denied for this request to access the `loopback` address space. @ https://pravrudhi.vercel.app/:0
[ 1570221ms] [ERROR] Failed to load resource: net::ERR_FAILED @ http://localhost:8008/health:0
[ 1572222ms] [ERROR] Access to fetch at 'http://localhost:8008/status' from origin 'https://pravrudhi.vercel.app' has been blocked by CORS policy: Permission was denied for this request to access the `loopback` address space. @ https://pravrudhi.vercel.app/:0
[ 1572222ms] [ERROR] Failed to load resource: net::ERR_FAILED @ http://localhost:8008/status:0
[ 1575221ms] [ERROR] Access to fetch at 'http://localhost:8008/health' from origin 'https://pravrudhi.vercel.app' has been blocked by CORS policy: Permission was denied for this request to access the `loopback` address space. @ https://pravrudhi.vercel.app/:0
[ 1575221ms] [ERROR] Failed to load resource: net::ERR_FAILED @ http://localhost:8008/health:0
[ 1575222ms] [ERROR] Access to fetch at 'http://localhost:8008/status' from origin 'https://pravrudhi.vercel.app' has been blocked by CORS policy: Permission was denied for this request to access the `loopback` address space. @ https://pravrudhi.vercel.app/:0
[ 1575222ms] [ERROR] Failed to load resource: net::ERR_FAILED @ http://localhost:8008/status:0
[ 1578222ms] [ERROR] Access to fetch at 'http://localhost:8008/status' from origin 'https://pravrudhi.vercel.app' has been blocked by CORS policy: Permission was denied for this request to access the `loopback` address space. @ https://pravrudhi.vercel.app/:0
[ 1578222ms] [ERROR] Failed to load resource: net::ERR_FAILED @ http://localhost:8008/status:0
[ 1580221ms] [ERROR] Access to fetch at 'http://localhost:8008/health' from origin 'https://pravrudhi.vercel.app' has been blocked by CORS policy: Permission was denied for this request to access the `loopback` address space. @ https://pravrudhi.vercel.app/:0
[ 1580221ms] [ERROR] Failed to load resource: net::ERR_FAILED @ http://localhost:8008/health:0
[ 1581221ms] [ERROR] Access to fetch at 'http://localhost:8008/status' from origin 'https://pravrudhi.vercel.app' has been blocked by CORS policy: Permission was denied for this request to access the `loopback` address space. @ https://pravrudhi.vercel.app/:0
[ 1581221ms] [ERROR] Failed to load resource: net::ERR_FAILED @ http://localhost:8008/status:0
[ 1584221ms] [ERROR] Access to fetch at 'http://localhost:8008/status' from origin 'https://pravrudhi.vercel.app' has been blocked by CORS policy: Permission was denied for this request to access the `loopback` address space. @ https://pravrudhi.vercel.app/:0
[ 1584222ms] [ERROR] Failed to load resource: net::ERR_FAILED @ http://localhost:8008/status:0
[ 1585221ms] [ERROR] Access to fetch at 'http://localhost:8008/health' from origin 'https://pravrudhi.vercel.app' has been blocked by CORS policy: Permission was denied for this request to access the `loopback` address space. @ https://pravrudhi.vercel.app/:0
[ 1585221ms] [ERROR] Failed to load resource: net::ERR_FAILED @ http://localhost:8008/health:0
[ 1587222ms] [ERROR] Access to fetch at 'http://localhost:8008/status' from origin 'https://pravrudhi.vercel.app' has been blocked by CORS policy: Permission was denied for this request to access the `loopback` address space. @ https://pravrudhi.vercel.app/:0
[ 1587222ms] [ERROR] Failed to load resource: net::ERR_FAILED @ http://localhost:8008/status:0
[ 1590221ms] [ERROR] Access to fetch at 'http://localhost:8008/health' from origin 'https://pravrudhi.vercel.app' has been blocked by CORS policy: Permission was denied for this request to access the `loopback` address space. @ https://pravrudhi.vercel.app/:0
[ 1590221ms] [ERROR] Failed to load resource: net::ERR_FAILED @ http://localhost:8008/health:0
[ 1590222ms] [ERROR] Access to fetch at 'http://localhost:8008/status' from origin 'https://pravrudhi.vercel.app' has been blocked by CORS policy: Permission was denied for this request to access the `loopback` address space. @ https://pravrudhi.vercel.app/:0
[ 1590222ms] [ERROR] Failed to load resource: net::ERR_FAILED @ http://localhost:8008/status:0
[ 1593222ms] [ERROR] Access to fetch at 'http://localhost:8008/status' from origin 'https://pravrudhi.vercel.app' has been blocked by CORS policy: Permission was denied for this request to access the `loopback` address space. @ https://pravrudhi.vercel.app/:0
[ 1593222ms] [ERROR] Failed to load resource: net::ERR_FAILED @ http://localhost:8008/status:0
[ 1595221ms] [ERROR] Access to fetch at 'http://localhost:8008/health' from origin 'https://pravrudhi.vercel.app' has been blocked by CORS policy: Permission was denied for this request to access the `loopback` address space. @ https://pravrudhi.vercel.app/:0
[ 1595221ms] [ERROR] Failed to load resource: net::ERR_FAILED @ http://localhost:8008/health:0
[ 1596222ms] [ERROR] Access to fetch at 'http://localhost:8008/status' from origin 'https://pravrudhi.vercel.app' has been blocked by CORS policy: Permission was denied for this request to access the `loopback` address space. @ https://pravrudhi.vercel.app/:0
[ 1596222ms] [ERROR] Failed to load resource: net::ERR_FAILED @ http://localhost:8008/status:0
[ 1599222ms] [ERROR] Access to fetch at 'http://localhost:8008/status' from origin 'https://pravrudhi.vercel.app' has been blocked by CORS policy: Permission was denied for this request to access the `loopback` address space. @ https://pravrudhi.vercel.app/:0
[ 1599222ms] [ERROR] Failed to load resource: net::ERR_FAILED @ http://localhost:8008/status:0
[ 1600221ms] [ERROR] Access to fetch at 'http://localhost:8008/health' from origin 'https://pravrudhi.vercel.app' has been blocked by CORS policy: Permission was denied for this request to access the `loopback` address space. @ https://pravrudhi.vercel.app/:0
[ 1600221ms] [ERROR] Failed to load resource: net::ERR_FAILED @ http://localhost:8008/health:0
[ 1602222ms] [ERROR] Access to fetch at 'http://localhost:8008/status' from origin 'https://pravrudhi.vercel.app' has been blocked by CORS policy: Permission was denied for this request to access the `loopback` address space. @ https://pravrudhi.vercel.app/:0
[ 1602222ms] [ERROR] Failed to load resource: net::ERR_FAILED @ http://localhost:8008/status:0
[ 1605221ms] [ERROR] Access to fetch at 'http://localhost:8008/health' from origin 'https://pravrudhi.vercel.app' has been blocked by CORS policy: Permission was denied for this request to access the `loopback` address space. @ https://pravrudhi.vercel.app/:0
[ 1605221ms] [ERROR] Failed to load resource: net::ERR_FAILED @ http://localhost:8008/health:0
[ 1605221ms] [ERROR] Access to fetch at 'http://localhost:8008/status' from origin 'https://pravrudhi.vercel.app' has been blocked by CORS policy: Permission was denied for this request to access the `loopback` address space. @ https://pravrudhi.vercel.app/:0
[ 1605221ms] [ERROR] Failed to load resource: net::ERR_FAILED @ http://localhost:8008/status:0
[ 1608222ms] [ERROR] Access to fetch at 'http://localhost:8008/status' from origin 'https://pravrudhi.vercel.app' has been blocked by CORS policy: Permission was denied for this request to access the `loopback` address space. @ https://pravrudhi.vercel.app/:0
[ 1608222ms] [ERROR] Failed to load resource: net::ERR_FAILED @ http://localhost:8008/status:0
[ 1610221ms] [ERROR] Access to fetch at 'http://localhost:8008/health' from origin 'https://pravrudhi.vercel.app' has been blocked by CORS policy: Permission was denied for this request to access the `loopback` address space. @ https://pravrudhi.vercel.app/:0
[ 1610221ms] [ERROR] Failed to load resource: net::ERR_FAILED @ http://localhost:8008/health:0
[ 1611221ms] [ERROR] Access to fetch at 'http://localhost:8008/status' from origin 'https://pravrudhi.vercel.app' has been blocked by CORS policy: Permission was denied for this request to access the `loopback` address space. @ https://pravrudhi.vercel.app/:0
[ 1611222ms] [ERROR] Failed to load resource: net::ERR_FAILED @ http://localhost:8008/status:0
[ 1614222ms] [ERROR] Access to fetch at 'http://localhost:8008/status' from origin 'https://pravrudhi.vercel.app' has been blocked by CORS policy: Permission was denied for this request to access the `loopback` address space. @ https://pravrudhi.vercel.app/:0
[ 1614222ms] [ERROR] Failed to load resource: net::ERR_FAILED @ http://localhost:8008/status:0
[ 1615221ms] [ERROR] Access to fetch at 'http://localhost:8008/health' from origin 'https://pravrudhi.vercel.app' has been blocked by CORS policy: Permission was denied for this request to access the `loopback` address space. @ https://pravrudhi.vercel.app/:0
[ 1615221ms] [ERROR] Failed to load resource: net::ERR_FAILED @ http://localhost:8008/health:0
[ 1617221ms] [ERROR] Access to fetch at 'http://localhost:8008/status' from origin 'https://pravrudhi.vercel.app' has been blocked by CORS policy: Permission was denied for this request to access the `loopback` address space. @ https://pravrudhi.vercel.app/:0
[ 1617222ms] [ERROR] Failed to load resource: net::ERR_FAILED @ http://localhost:8008/status:0
[ 1620221ms] [ERROR] Access to fetch at 'http://localhost:8008/health' from origin 'https://pravrudhi.vercel.app' has been blocked by CORS policy: Permission was denied for this request to access the `loopback` address space. @ https://pravrudhi.vercel.app/:0
[ 1620221ms] [ERROR] Failed to load resource: net::ERR_FAILED @ http://localhost:8008/health:0
[ 1620221ms] [ERROR] Access to fetch at 'http://localhost:8008/status' from origin 'https://pravrudhi.vercel.app' has been blocked by CORS policy: Permission was denied for this request to access the `loopback` address space. @ https://pravrudhi.vercel.app/:0
[ 1620221ms] [ERROR] Failed to load resource: net::ERR_FAILED @ http://localhost:8008/status:0
[ 1623222ms] [ERROR] Access to fetch at 'http://localhost:8008/status' from origin 'https://pravrudhi.vercel.app' has been blocked by CORS policy: Permission was denied for this request to access the `loopback` address space. @ https://pravrudhi.vercel.app/:0
[ 1623222ms] [ERROR] Failed to load resource: net::ERR_FAILED @ http://localhost:8008/status:0
[ 1625221ms] [ERROR] Access to fetch at 'http://localhost:8008/health' from origin 'https://pravrudhi.vercel.app' has been blocked by CORS policy: Permission was denied for this request to access the `loopback` address space. @ https://pravrudhi.vercel.app/:0
[ 1625221ms] [ERROR] Failed to load resource: net::ERR_FAILED @ http://localhost:8008/health:0
[ 1626222ms] [ERROR] Access to fetch at 'http://localhost:8008/status' from origin 'https://pravrudhi.vercel.app' has been blocked by CORS policy: Permission was denied for this request to access the `loopback` address space. @ https://pravrudhi.vercel.app/:0
[ 1626222ms] [ERROR] Failed to load resource: net::ERR_FAILED @ http://localhost:8008/status:0
[ 1629222ms] [ERROR] Access to fetch at 'http://localhost:8008/status' from origin 'https://pravrudhi.vercel.app' has been blocked by CORS policy: Permission was denied for this request to access the `loopback` address space. @ https://pravrudhi.vercel.app/:0
[ 1629222ms] [ERROR] Failed to load resource: net::ERR_FAILED @ http://localhost:8008/status:0
[ 1630221ms] [ERROR] Access to fetch at 'http://localhost:8008/health' from origin 'https://pravrudhi.vercel.app' has been blocked by CORS policy: Permission was denied for this request to access the `loopback` address space. @ https://pravrudhi.vercel.app/:0
[ 1630221ms] [ERROR] Failed to load resource: net::ERR_FAILED @ http://localhost:8008/health:0
[ 1632222ms] [ERROR] Access to fetch at 'http://localhost:8008/status' from origin 'https://pravrudhi.vercel.app' has been blocked by CORS policy: Permission was denied for this request to access the `loopback` address space. @ https://pravrudhi.vercel.app/:0
[ 1632222ms] [ERROR] Failed to load resource: net::ERR_FAILED @ http://localhost:8008/status:0
[ 1635221ms] [ERROR] Access to fetch at 'http://localhost:8008/health' from origin 'https://pravrudhi.vercel.app' has been blocked by CORS policy: Permission was denied for this request to access the `loopback` address space. @ https://pravrudhi.vercel.app/:0
[ 1635221ms] [ERROR] Failed to load resource: net::ERR_FAILED @ http://localhost:8008/health:0
[ 1635222ms] [ERROR] Access to fetch at 'http://localhost:8008/status' from origin 'https://pravrudhi.vercel.app' has been blocked by CORS policy: Permission was denied for this request to access the `loopback` address space. @ https://pravrudhi.vercel.app/:0
[ 1635222ms] [ERROR] Failed to load resource: net::ERR_FAILED @ http://localhost:8008/status:0
[ 1638222ms] [ERROR] Access to fetch at 'http://localhost:8008/status' from origin 'https://pravrudhi.vercel.app' has been blocked by CORS policy: Permission was denied for this request to access the `loopback` address space. @ https://pravrudhi.vercel.app/:0
[ 1638222ms] [ERROR] Failed to load resource: net::ERR_FAILED @ http://localhost:8008/status:0
[ 1640221ms] [ERROR] Access to fetch at 'http://localhost:8008/health' from origin 'https://pravrudhi.vercel.app' has been blocked by CORS policy: Permission was denied for this request to access the `loopback` address space. @ https://pravrudhi.vercel.app/:0
[ 1640221ms] [ERROR] Failed to load resource: net::ERR_FAILED @ http://localhost:8008/health:0
[ 1641221ms] [ERROR] Access to fetch at 'http://localhost:8008/status' from origin 'https://pravrudhi.vercel.app' has been blocked by CORS policy: Permission was denied for this request to access the `loopback` address space. @ https://pravrudhi.vercel.app/:0
[ 1641221ms] [ERROR] Failed to load resource: net::ERR_FAILED @ http://localhost:8008/status:0
[ 1644222ms] [ERROR] Access to fetch at 'http://localhost:8008/status' from origin 'https://pravrudhi.vercel.app' has been blocked by CORS policy: Permission was denied for this request to access the `loopback` address space. @ https://pravrudhi.vercel.app/:0
[ 1644222ms] [ERROR] Failed to load resource: net::ERR_FAILED @ http://localhost:8008/status:0
[ 1645221ms] [ERROR] Access to fetch at 'http://localhost:8008/health' from origin 'https://pravrudhi.vercel.app' has been blocked by CORS policy: Permission was denied for this request to access the `loopback` address space. @ https://pravrudhi.vercel.app/:0
[ 1645221ms] [ERROR] Failed to load resource: net::ERR_FAILED @ http://localhost:8008/health:0
[ 1647221ms] [ERROR] Access to fetch at 'http://localhost:8008/status' from origin 'https://pravrudhi.vercel.app' has been blocked by CORS policy: Permission was denied for this request to access the `loopback` address space. @ https://pravrudhi.vercel.app/:0
[ 1647221ms] [ERROR] Failed to load resource: net::ERR_FAILED @ http://localhost:8008/status:0
[ 1650221ms] [ERROR] Access to fetch at 'http://localhost:8008/health' from origin 'https://pravrudhi.vercel.app' has been blocked by CORS policy: Permission was denied for this request to access the `loopback` address space. @ https://pravrudhi.vercel.app/:0
[ 1650221ms] [ERROR] Failed to load resource: net::ERR_FAILED @ http://localhost:8008/health:0
[ 1650221ms] [ERROR] Access to fetch at 'http://localhost:8008/status' from origin 'https://pravrudhi.vercel.app' has been blocked by CORS policy: Permission was denied for this request to access the `loopback` address space. @ https://pravrudhi.vercel.app/:0
[ 1650221ms] [ERROR] Failed to load resource: net::ERR_FAILED @ http://localhost:8008/status:0
[ 1653221ms] [ERROR] Access to fetch at 'http://localhost:8008/status' from origin 'https://pravrudhi.vercel.app' has been blocked by CORS policy: Permission was denied for this request to access the `loopback` address space. @ https://pravrudhi.vercel.app/:0
[ 1653221ms] [ERROR] Failed to load resource: net::ERR_FAILED @ http://localhost:8008/status:0
[ 1655221ms] [ERROR] Access to fetch at 'http://localhost:8008/health' from origin 'https://pravrudhi.vercel.app' has been blocked by CORS policy: Permission was denied for this request to access the `loopback` address space. @ https://pravrudhi.vercel.app/:0
[ 1655221ms] [ERROR] Failed to load resource: net::ERR_FAILED @ http://localhost:8008/health:0
[ 1656221ms] [ERROR] Access to fetch at 'http://localhost:8008/status' from origin 'https://pravrudhi.vercel.app' has been blocked by CORS policy: Permission was denied for this request to access the `loopback` address space. @ https://pravrudhi.vercel.app/:0
[ 1656221ms] [ERROR] Failed to load resource: net::ERR_FAILED @ http://localhost:8008/status:0
[ 1659221ms] [ERROR] Access to fetch at 'http://localhost:8008/status' from origin 'https://pravrudhi.vercel.app' has been blocked by CORS policy: Permission was denied for this request to access the `loopback` address space. @ https://pravrudhi.vercel.app/:0
[ 1659222ms] [ERROR] Failed to load resource: net::ERR_FAILED @ http://localhost:8008/status:0
[ 1660221ms] [ERROR] Access to fetch at 'http://localhost:8008/health' from origin 'https://pravrudhi.vercel.app' has been blocked by CORS policy: Permission was denied for this request to access the `loopback` address space. @ https://pravrudhi.vercel.app/:0
[ 1660221ms] [ERROR] Failed to load resource: net::ERR_FAILED @ http://localhost:8008/health:0
[ 1662222ms] [ERROR] Access to fetch at 'http://localhost:8008/status' from origin 'https://pravrudhi.vercel.app' has been blocked by CORS policy: Permission was denied for this request to access the `loopback` address space. @ https://pravrudhi.vercel.app/:0
[ 1662222ms] [ERROR] Failed to load resource: net::ERR_FAILED @ http://localhost:8008/status:0
[ 1665221ms] [ERROR] Access to fetch at 'http://localhost:8008/health' from origin 'https://pravrudhi.vercel.app' has been blocked by CORS policy: Permission was denied for this request to access the `loopback` address space. @ https://pravrudhi.vercel.app/:0
[ 1665221ms] [ERROR] Failed to load resource: net::ERR_FAILED @ http://localhost:8008/health:0
[ 1665221ms] [ERROR] Access to fetch at 'http://localhost:8008/status' from origin 'https://pravrudhi.vercel.app' has been blocked by CORS policy: Permission was denied for this request to access the `loopback` address space. @ https://pravrudhi.vercel.app/:0
[ 1665221ms] [ERROR] Failed to load resource: net::ERR_FAILED @ http://localhost:8008/status:0
[ 1668222ms] [ERROR] Access to fetch at 'http://localhost:8008/status' from origin 'https://pravrudhi.vercel.app' has been blocked by CORS policy: Permission was denied for this request to access the `loopback` address space. @ https://pravrudhi.vercel.app/:0
[ 1668222ms] [ERROR] Failed to load resource: net::ERR_FAILED @ http://localhost:8008/status:0
[ 1670221ms] [ERROR] Access to fetch at 'http://localhost:8008/health' from origin 'https://pravrudhi.vercel.app' has been blocked by CORS policy: Permission was denied for this request to access the `loopback` address space. @ https://pravrudhi.vercel.app/:0
[ 1670221ms] [ERROR] Failed to load resource: net::ERR_FAILED @ http://localhost:8008/health:0
[ 1671222ms] [ERROR] Access to fetch at 'http://localhost:8008/status' from origin 'https://pravrudhi.vercel.app' has been blocked by CORS policy: Permission was denied for this request to access the `loopback` address space. @ https://pravrudhi.vercel.app/:0
[ 1671222ms] [ERROR] Failed to load resource: net::ERR_FAILED @ http://localhost:8008/status:0
[ 1674221ms] [ERROR] Access to fetch at 'http://localhost:8008/status' from origin 'https://pravrudhi.vercel.app' has been blocked by CORS policy: Permission was denied for this request to access the `loopback` address space. @ https://pravrudhi.vercel.app/:0
[ 1674222ms] [ERROR] Failed to load resource: net::ERR_FAILED @ http://localhost:8008/status:0
[ 1675221ms] [ERROR] Access to fetch at 'http://localhost:8008/health' from origin 'https://pravrudhi.vercel.app' has been blocked by CORS policy: Permission was denied for this request to access the `loopback` address space. @ https://pravrudhi.vercel.app/:0
[ 1675221ms] [ERROR] Failed to load resource: net::ERR_FAILED @ http://localhost:8008/health:0
[ 1677221ms] [ERROR] Access to fetch at 'http://localhost:8008/status' from origin 'https://pravrudhi.vercel.app' has been blocked by CORS policy: Permission was denied for this request to access the `loopback` address space. @ https://pravrudhi.vercel.app/:0
[ 1677221ms] [ERROR] Failed to load resource: net::ERR_FAILED @ http://localhost:8008/status:0
[ 1680221ms] [ERROR] Access to fetch at 'http://localhost:8008/health' from origin 'https://pravrudhi.vercel.app' has been blocked by CORS policy: Permission was denied for this request to access the `loopback` address space. @ https://pravrudhi.vercel.app/:0
[ 1680221ms] [ERROR] Failed to load resource: net::ERR_FAILED @ http://localhost:8008/health:0
[ 1680221ms] [ERROR] Access to fetch at 'http://localhost:8008/status' from origin 'https://pravrudhi.vercel.app' has been blocked by CORS policy: Permission was denied for this request to access the `loopback` address space. @ https://pravrudhi.vercel.app/:0
[ 1680221ms] [ERROR] Failed to load resource: net::ERR_FAILED @ http://localhost:8008/status:0
[ 1683222ms] [ERROR] Access to fetch at 'http://localhost:8008/status' from origin 'https://pravrudhi.vercel.app' has been blocked by CORS policy: Permission was denied for this request to access the `loopback` address space. @ https://pravrudhi.vercel.app/:0
[ 1683222ms] [ERROR] Failed to load resource: net::ERR_FAILED @ http://localhost:8008/status:0
[ 1685221ms] [ERROR] Access to fetch at 'http://localhost:8008/health' from origin 'https://pravrudhi.vercel.app' has been blocked by CORS policy: Permission was denied for this request to access the `loopback` address space. @ https://pravrudhi.vercel.app/:0
[ 1685221ms] [ERROR] Failed to load resource: net::ERR_FAILED @ http://localhost:8008/health:0
[ 1686221ms] [ERROR] Access to fetch at 'http://localhost:8008/status' from origin 'https://pravrudhi.vercel.app' has been blocked by CORS policy: Permission was denied for this request to access the `loopback` address space. @ https://pravrudhi.vercel.app/:0
[ 1686222ms] [ERROR] Failed to load resource: net::ERR_FAILED @ http://localhost:8008/status:0
[ 1689222ms] [ERROR] Access to fetch at 'http://localhost:8008/status' from origin 'https://pravrudhi.vercel.app' has been blocked by CORS policy: Permission was denied for this request to access the `loopback` address space. @ https://pravrudhi.vercel.app/:0
[ 1689222ms] [ERROR] Failed to load resource: net::ERR_FAILED @ http://localhost:8008/status:0
[ 1690221ms] [ERROR] Access to fetch at 'http://localhost:8008/health' from origin 'https://pravrudhi.vercel.app' has been blocked by CORS policy: Permission was denied for this request to access the `loopback` address space. @ https://pravrudhi.vercel.app/:0
[ 1690221ms] [ERROR] Failed to load resource: net::ERR_FAILED @ http://localhost:8008/health:0
[ 1692221ms] [ERROR] Access to fetch at 'http://localhost:8008/status' from origin 'https://pravrudhi.vercel.app' has been blocked by CORS policy: Permission was denied for this request to access the `loopback` address space. @ https://pravrudhi.vercel.app/:0
[ 1692221ms] [ERROR] Failed to load resource: net::ERR_FAILED @ http://localhost:8008/status:0
[ 1695221ms] [ERROR] Access to fetch at 'http://localhost:8008/health' from origin 'https://pravrudhi.vercel.app' has been blocked by CORS policy: Permission was denied for this request to access the `loopback` address space. @ https://pravrudhi.vercel.app/:0
[ 1695221ms] [ERROR] Failed to load resource: net::ERR_FAILED @ http://localhost:8008/health:0
[ 1695221ms] [ERROR] Access to fetch at 'http://localhost:8008/status' from origin 'https://pravrudhi.vercel.app' has been blocked by CORS policy: Permission was denied for this request to access the `loopback` address space. @ https://pravrudhi.vercel.app/:0
[ 1695221ms] [ERROR] Failed to load resource: net::ERR_FAILED @ http://localhost:8008/status:0
[ 1698221ms] [ERROR] Access to fetch at 'http://localhost:8008/status' from origin 'https://pravrudhi.vercel.app' has been blocked by CORS policy: Permission was denied for this request to access the `loopback` address space. @ https://pravrudhi.vercel.app/:0
[ 1698221ms] [ERROR] Failed to load resource: net::ERR_FAILED @ http://localhost:8008/status:0
[ 1700221ms] [ERROR] Access to fetch at 'http://localhost:8008/health' from origin 'https://pravrudhi.vercel.app' has been blocked by CORS policy: Permission was denied for this request to access the `loopback` address space. @ https://pravrudhi.vercel.app/:0
[ 1700221ms] [ERROR] Failed to load resource: net::ERR_FAILED @ http://localhost:8008/health:0
[ 1701221ms] [ERROR] Access to fetch at 'http://localhost:8008/status' from origin 'https://pravrudhi.vercel.app' has been blocked by CORS policy: Permission was denied for this request to access the `loopback` address space. @ https://pravrudhi.vercel.app/:0
[ 1701222ms] [ERROR] Failed to load resource: net::ERR_FAILED @ http://localhost:8008/status:0
[ 1704221ms] [ERROR] Access to fetch at 'http://localhost:8008/status' from origin 'https://pravrudhi.vercel.app' has been blocked by CORS policy: Permission was denied for this request to access the `loopback` address space. @ https://pravrudhi.vercel.app/:0
[ 1704222ms] [ERROR] Failed to load resource: net::ERR_FAILED @ http://localhost:8008/status:0
[ 1705221ms] [ERROR] Access to fetch at 'http://localhost:8008/health' from origin 'https://pravrudhi.vercel.app' has been blocked by CORS policy: Permission was denied for this request to access the `loopback` address space. @ https://pravrudhi.vercel.app/:0
[ 1705221ms] [ERROR] Failed to load resource: net::ERR_FAILED @ http://localhost:8008/health:0
[ 1707222ms] [ERROR] Access to fetch at 'http://localhost:8008/status' from origin 'https://pravrudhi.vercel.app' has been blocked by CORS policy: Permission was denied for this request to access the `loopback` address space. @ https://pravrudhi.vercel.app/:0
[ 1707222ms] [ERROR] Failed to load resource: net::ERR_FAILED @ http://localhost:8008/status:0
[ 1710221ms] [ERROR] Access to fetch at 'http://localhost:8008/health' from origin 'https://pravrudhi.vercel.app' has been blocked by CORS policy: Permission was denied for this request to access the `loopback` address space. @ https://pravrudhi.vercel.app/:0
[ 1710221ms] [ERROR] Failed to load resource: net::ERR_FAILED @ http://localhost:8008/health:0
[ 1710221ms] [ERROR] Access to fetch at 'http://localhost:8008/status' from origin 'https://pravrudhi.vercel.app' has been blocked by CORS policy: Permission was denied for this request to access the `loopback` address space. @ https://pravrudhi.vercel.app/:0
[ 1710222ms] [ERROR] Failed to load resource: net::ERR_FAILED @ http://localhost:8008/status:0
[ 1713222ms] [ERROR] Access to fetch at 'http://localhost:8008/status' from origin 'https://pravrudhi.vercel.app' has been blocked by CORS policy: Permission was denied for this request to access the `loopback` address space. @ https://pravrudhi.vercel.app/:0
[ 1713222ms] [ERROR] Failed to load resource: net::ERR_FAILED @ http://localhost:8008/status:0
[ 1715221ms] [ERROR] Access to fetch at 'http://localhost:8008/health' from origin 'https://pravrudhi.vercel.app' has been blocked by CORS policy: Permission was denied for this request to access the `loopback` address space. @ https://pravrudhi.vercel.app/:0
[ 1715221ms] [ERROR] Failed to load resource: net::ERR_FAILED @ http://localhost:8008/health:0
[ 1716222ms] [ERROR] Access to fetch at 'http://localhost:8008/status' from origin 'https://pravrudhi.vercel.app' has been blocked by CORS policy: Permission was denied for this request to access the `loopback` address space. @ https://pravrudhi.vercel.app/:0
[ 1716222ms] [ERROR] Failed to load resource: net::ERR_FAILED @ http://localhost:8008/status:0
[ 1719221ms] [ERROR] Access to fetch at 'http://localhost:8008/status' from origin 'https://pravrudhi.vercel.app' has been blocked by CORS policy: Permission was denied for this request to access the `loopback` address space. @ https://pravrudhi.vercel.app/:0
[ 1719221ms] [ERROR] Failed to load resource: net::ERR_FAILED @ http://localhost:8008/status:0
[ 1720221ms] [ERROR] Access to fetch at 'http://localhost:8008/health' from origin 'https://pravrudhi.vercel.app' has been blocked by CORS policy: Permission was denied for this request to access the `loopback` address space. @ https://pravrudhi.vercel.app/:0
[ 1720221ms] [ERROR] Failed to load resource: net::ERR_FAILED @ http://localhost:8008/health:0
[ 1722222ms] [ERROR] Access to fetch at 'http://localhost:8008/status' from origin 'https://pravrudhi.vercel.app' has been blocked by CORS policy: Permission was denied for this request to access the `loopback` address space. @ https://pravrudhi.vercel.app/:0
[ 1722222ms] [ERROR] Failed to load resource: net::ERR_FAILED @ http://localhost:8008/status:0
[ 1725221ms] [ERROR] Access to fetch at 'http://localhost:8008/health' from origin 'https://pravrudhi.vercel.app' has been blocked by CORS policy: Permission was denied for this request to access the `loopback` address space. @ https://pravrudhi.vercel.app/:0
[ 1725221ms] [ERROR] Failed to load resource: net::ERR_FAILED @ http://localhost:8008/health:0
[ 1725221ms] [ERROR] Access to fetch at 'http://localhost:8008/status' from origin 'https://pravrudhi.vercel.app' has been blocked by CORS policy: Permission was denied for this request to access the `loopback` address space. @ https://pravrudhi.vercel.app/:0
[ 1725221ms] [ERROR] Failed to load resource: net::ERR_FAILED @ http://localhost:8008/status:0
[ 1728221ms] [ERROR] Access to fetch at 'http://localhost:8008/status' from origin 'https://pravrudhi.vercel.app' has been blocked by CORS policy: Permission was denied for this request to access the `loopback` address space. @ https://pravrudhi.vercel.app/:0
[ 1728221ms] [ERROR] Failed to load resource: net::ERR_FAILED @ http://localhost:8008/status:0
[ 1730221ms] [ERROR] Access to fetch at 'http://localhost:8008/health' from origin 'https://pravrudhi.vercel.app' has been blocked by CORS policy: Permission was denied for this request to access the `loopback` address space. @ https://pravrudhi.vercel.app/:0
[ 1730221ms] [ERROR] Failed to load resource: net::ERR_FAILED @ http://localhost:8008/health:0
[ 1731222ms] [ERROR] Access to fetch at 'http://localhost:8008/status' from origin 'https://pravrudhi.vercel.app' has been blocked by CORS policy: Permission was denied for this request to access the `loopback` address space. @ https://pravrudhi.vercel.app/:0
[ 1731222ms] [ERROR] Failed to load resource: net::ERR_FAILED @ http://localhost:8008/status:0
[ 1734222ms] [ERROR] Access to fetch at 'http://localhost:8008/status' from origin 'https://pravrudhi.vercel.app' has been blocked by CORS policy: Permission was denied for this request to access the `loopback` address space. @ https://pravrudhi.vercel.app/:0
[ 1734222ms] [ERROR] Failed to load resource: net::ERR_FAILED @ http://localhost:8008/status:0
[ 1735221ms] [ERROR] Access to fetch at 'http://localhost:8008/health' from origin 'https://pravrudhi.vercel.app' has been blocked by CORS policy: Permission was denied for this request to access the `loopback` address space. @ https://pravrudhi.vercel.app/:0
[ 1735221ms] [ERROR] Failed to load resource: net::ERR_FAILED @ http://localhost:8008/health:0
[ 1737221ms] [ERROR] Access to fetch at 'http://localhost:8008/status' from origin 'https://pravrudhi.vercel.app' has been blocked by CORS policy: Permission was denied for this request to access the `loopback` address space. @ https://pravrudhi.vercel.app/:0
[ 1737222ms] [ERROR] Failed to load resource: net::ERR_FAILED @ http://localhost:8008/status:0
[ 1740221ms] [ERROR] Access to fetch at 'http://localhost:8008/health' from origin 'https://pravrudhi.vercel.app' has been blocked by CORS policy: Permission was denied for this request to access the `loopback` address space. @ https://pravrudhi.vercel.app/:0
[ 1740221ms] [ERROR] Failed to load resource: net::ERR_FAILED @ http://localhost:8008/health:0
[ 1740222ms] [ERROR] Access to fetch at 'http://localhost:8008/status' from origin 'https://pravrudhi.vercel.app' has been blocked by CORS policy: Permission was denied for this request to access the `loopback` address space. @ https://pravrudhi.vercel.app/:0
[ 1740222ms] [ERROR] Failed to load resource: net::ERR_FAILED @ http://localhost:8008/status:0
[ 1743222ms] [ERROR] Access to fetch at 'http://localhost:8008/status' from origin 'https://pravrudhi.vercel.app' has been blocked by CORS policy: Permission was denied for this request to access the `loopback` address space. @ https://pravrudhi.vercel.app/:0
[ 1743222ms] [ERROR] Failed to load resource: net::ERR_FAILED @ http://localhost:8008/status:0
[ 1745221ms] [ERROR] Access to fetch at 'http://localhost:8008/health' from origin 'https://pravrudhi.vercel.app' has been blocked by CORS policy: Permission was denied for this request to access the `loopback` address space. @ https://pravrudhi.vercel.app/:0
[ 1745221ms] [ERROR] Failed to load resource: net::ERR_FAILED @ http://localhost:8008/health:0
[ 1746221ms] [ERROR] Access to fetch at 'http://localhost:8008/status' from origin 'https://pravrudhi.vercel.app' has been blocked by CORS policy: Permission was denied for this request to access the `loopback` address space. @ https://pravrudhi.vercel.app/:0
[ 1746221ms] [ERROR] Failed to load resource: net::ERR_FAILED @ http://localhost:8008/status:0
[ 1749221ms] [ERROR] Access to fetch at 'http://localhost:8008/status' from origin 'https://pravrudhi.vercel.app' has been blocked by CORS policy: Permission was denied for this request to access the `loopback` address space. @ https://pravrudhi.vercel.app/:0
[ 1749222ms] [ERROR] Failed to load resource: net::ERR_FAILED @ http://localhost:8008/status:0
[ 1750221ms] [ERROR] Access to fetch at 'http://localhost:8008/health' from origin 'https://pravrudhi.vercel.app' has been blocked by CORS policy: Permission was denied for this request to access the `loopback` address space. @ https://pravrudhi.vercel.app/:0
[ 1750221ms] [ERROR] Failed to load resource: net::ERR_FAILED @ http://localhost:8008/health:0
[ 1752221ms] [ERROR] Access to fetch at 'http://localhost:8008/status' from origin 'https://pravrudhi.vercel.app' has been blocked by CORS policy: Permission was denied for this request to access the `loopback` address space. @ https://pravrudhi.vercel.app/:0
[ 1752221ms] [ERROR] Failed to load resource: net::ERR_FAILED @ http://localhost:8008/status:0
[ 1755221ms] [ERROR] Access to fetch at 'http://localhost:8008/health' from origin 'https://pravrudhi.vercel.app' has been blocked by CORS policy: Permission was denied for this request to access the `loopback` address space. @ https://pravrudhi.vercel.app/:0
[ 1755221ms] [ERROR] Failed to load resource: net::ERR_FAILED @ http://localhost:8008/health:0
[ 1755221ms] [ERROR] Access to fetch at 'http://localhost:8008/status' from origin 'https://pravrudhi.vercel.app' has been blocked by CORS policy: Permission was denied for this request to access the `loopback` address space. @ https://pravrudhi.vercel.app/:0
[ 1755221ms] [ERROR] Failed to load resource: net::ERR_FAILED @ http://localhost:8008/status:0
[ 1758221ms] [ERROR] Access to fetch at 'http://localhost:8008/status' from origin 'https://pravrudhi.vercel.app' has been blocked by CORS policy: Permission was denied for this request to access the `loopback` address space. @ https://pravrudhi.vercel.app/:0
[ 1758221ms] [ERROR] Failed to load resource: net::ERR_FAILED @ http://localhost:8008/status:0
[ 1760221ms] [ERROR] Access to fetch at 'http://localhost:8008/health' from origin 'https://pravrudhi.vercel.app' has been blocked by CORS policy: Permission was denied for this request to access the `loopback` address space. @ https://pravrudhi.vercel.app/:0
[ 1760221ms] [ERROR] Failed to load resource: net::ERR_FAILED @ http://localhost:8008/health:0
[ 1761221ms] [ERROR] Access to fetch at 'http://localhost:8008/status' from origin 'https://pravrudhi.vercel.app' has been blocked by CORS policy: Permission was denied for this request to access the `loopback` address space. @ https://pravrudhi.vercel.app/:0
[ 1761221ms] [ERROR] Failed to load resource: net::ERR_FAILED @ http://localhost:8008/status:0
[ 1764221ms] [ERROR] Access to fetch at 'http://localhost:8008/status' from origin 'https://pravrudhi.vercel.app' has been blocked by CORS policy: Permission was denied for this request to access the `loopback` address space. @ https://pravrudhi.vercel.app/:0
[ 1764221ms] [ERROR] Failed to load resource: net::ERR_FAILED @ http://localhost:8008/status:0
[ 1765221ms] [ERROR] Access to fetch at 'http://localhost:8008/health' from origin 'https://pravrudhi.vercel.app' has been blocked by CORS policy: Permission was denied for this request to access the `loopback` address space. @ https://pravrudhi.vercel.app/:0
[ 1765221ms] [ERROR] Failed to load resource: net::ERR_FAILED @ http://localhost:8008/health:0
[ 1767221ms] [ERROR] Access to fetch at 'http://localhost:8008/status' from origin 'https://pravrudhi.vercel.app' has been blocked by CORS policy: Permission was denied for this request to access the `loopback` address space. @ https://pravrudhi.vercel.app/:0
[ 1767222ms] [ERROR] Failed to load resource: net::ERR_FAILED @ http://localhost:8008/status:0
[ 1770221ms] [ERROR] Access to fetch at 'http://localhost:8008/health' from origin 'https://pravrudhi.vercel.app' has been blocked by CORS policy: Permission was denied for this request to access the `loopback` address space. @ https://pravrudhi.vercel.app/:0
[ 1770222ms] [ERROR] Failed to load resource: net::ERR_FAILED @ http://localhost:8008/health:0
[ 1770222ms] [ERROR] Access to fetch at 'http://localhost:8008/status' from origin 'https://pravrudhi.vercel.app' has been blocked by CORS policy: Permission was denied for this request to access the `loopback` address space. @ https://pravrudhi.vercel.app/:0
[ 1770222ms] [ERROR] Failed to load resource: net::ERR_FAILED @ http://localhost:8008/status:0
[ 1773221ms] [ERROR] Access to fetch at 'http://localhost:8008/status' from origin 'https://pravrudhi.vercel.app' has been blocked by CORS policy: Permission was denied for this request to access the `loopback` address space. @ https://pravrudhi.vercel.app/:0
[ 1773221ms] [ERROR] Failed to load resource: net::ERR_FAILED @ http://localhost:8008/status:0
[ 1775221ms] [ERROR] Access to fetch at 'http://localhost:8008/health' from origin 'https://pravrudhi.vercel.app' has been blocked by CORS policy: Permission was denied for this request to access the `loopback` address space. @ https://pravrudhi.vercel.app/:0
[ 1775221ms] [ERROR] Failed to load resource: net::ERR_FAILED @ http://localhost:8008/health:0
[ 1776221ms] [ERROR] Access to fetch at 'http://localhost:8008/status' from origin 'https://pravrudhi.vercel.app' has been blocked by CORS policy: Permission was denied for this request to access the `loopback` address space. @ https://pravrudhi.vercel.app/:0
[ 1776222ms] [ERROR] Failed to load resource: net::ERR_FAILED @ http://localhost:8008/status:0
[ 1779221ms] [ERROR] Access to fetch at 'http://localhost:8008/status' from origin 'https://pravrudhi.vercel.app' has been blocked by CORS policy: Permission was denied for this request to access the `loopback` address space. @ https://pravrudhi.vercel.app/:0
[ 1779222ms] [ERROR] Failed to load resource: net::ERR_FAILED @ http://localhost:8008/status:0
[ 1780221ms] [ERROR] Access to fetch at 'http://localhost:8008/health' from origin 'https://pravrudhi.vercel.app' has been blocked by CORS policy: Permission was denied for this request to access the `loopback` address space. @ https://pravrudhi.vercel.app/:0
[ 1780221ms] [ERROR] Failed to load resource: net::ERR_FAILED @ http://localhost:8008/health:0
[ 1782222ms] [ERROR] Access to fetch at 'http://localhost:8008/status' from origin 'https://pravrudhi.vercel.app' has been blocked by CORS policy: Permission was denied for this request to access the `loopback` address space. @ https://pravrudhi.vercel.app/:0
[ 1782222ms] [ERROR] Failed to load resource: net::ERR_FAILED @ http://localhost:8008/status:0
[ 1785222ms] [ERROR] Access to fetch at 'http://localhost:8008/health' from origin 'https://pravrudhi.vercel.app' has been blocked by CORS policy: Permission was denied for this request to access the `loopback` address space. @ https://pravrudhi.vercel.app/:0
[ 1785222ms] [ERROR] Failed to load resource: net::ERR_FAILED @ http://localhost:8008/health:0
[ 1785222ms] [ERROR] Access to fetch at 'http://localhost:8008/status' from origin 'https://pravrudhi.vercel.app' has been blocked by CORS policy: Permission was denied for this request to access the `loopback` address space. @ https://pravrudhi.vercel.app/:0
[ 1785222ms] [ERROR] Failed to load resource: net::ERR_FAILED @ http://localhost:8008/status:0
[ 1788222ms] [ERROR] Access to fetch at 'http://localhost:8008/status' from origin 'https://pravrudhi.vercel.app' has been blocked by CORS policy: Permission was denied for this request to access the `loopback` address space. @ https://pravrudhi.vercel.app/:0
[ 1788222ms] [ERROR] Failed to load resource: net::ERR_FAILED @ http://localhost:8008/status:0
[ 1790221ms] [ERROR] Access to fetch at 'http://localhost:8008/health' from origin 'https://pravrudhi.vercel.app' has been blocked by CORS policy: Permission was denied for this request to access the `loopback` address space. @ https://pravrudhi.vercel.app/:0
[ 1790221ms] [ERROR] Failed to load resource: net::ERR_FAILED @ http://localhost:8008/health:0
[ 1791221ms] [ERROR] Access to fetch at 'http://localhost:8008/status' from origin 'https://pravrudhi.vercel.app' has been blocked by CORS policy: Permission was denied for this request to access the `loopback` address space. @ https://pravrudhi.vercel.app/:0
[ 1791222ms] [ERROR] Failed to load resource: net::ERR_FAILED @ http://localhost:8008/status:0
[ 1794221ms] [ERROR] Access to fetch at 'http://localhost:8008/status' from origin 'https://pravrudhi.vercel.app' has been blocked by CORS policy: Permission was denied for this request to access the `loopback` address space. @ https://pravrudhi.vercel.app/:0
[ 1794221ms] [ERROR] Failed to load resource: net::ERR_FAILED @ http://localhost:8008/status:0
[ 1795221ms] [ERROR] Access to fetch at 'http://localhost:8008/health' from origin 'https://pravrudhi.vercel.app' has been blocked by CORS policy: Permission was denied for this request to access the `loopback` address space. @ https://pravrudhi.vercel.app/:0
[ 1795221ms] [ERROR] Failed to load resource: net::ERR_FAILED @ http://localhost:8008/health:0
[ 1797222ms] [ERROR] Access to fetch at 'http://localhost:8008/status' from origin 'https://pravrudhi.vercel.app' has been blocked by CORS policy: Permission was denied for this request to access the `loopback` address space. @ https://pravrudhi.vercel.app/:0
[ 1797222ms] [ERROR] Failed to load resource: net::ERR_FAILED @ http://localhost:8008/status:0
[ 1800221ms] [ERROR] Access to fetch at 'http://localhost:8008/health' from origin 'https://pravrudhi.vercel.app' has been blocked by CORS policy: Permission was denied for this request to access the `loopback` address space. @ https://pravrudhi.vercel.app/:0
[ 1800221ms] [ERROR] Failed to load resource: net::ERR_FAILED @ http://localhost:8008/health:0
[ 1800221ms] [ERROR] Access to fetch at 'http://localhost:8008/status' from origin 'https://pravrudhi.vercel.app' has been blocked by CORS policy: Permission was denied for this request to access the `loopback` address space. @ https://pravrudhi.vercel.app/:0
[ 1800221ms] [ERROR] Failed to load resource: net::ERR_FAILED @ http://localhost:8008/status:0
[ 1803222ms] [ERROR] Access to fetch at 'http://localhost:8008/status' from origin 'https://pravrudhi.vercel.app' has been blocked by CORS policy: Permission was denied for this request to access the `loopback` address space. @ https://pravrudhi.vercel.app/:0
[ 1803222ms] [ERROR] Failed to load resource: net::ERR_FAILED @ http://localhost:8008/status:0
[ 1805221ms] [ERROR] Access to fetch at 'http://localhost:8008/health' from origin 'https://pravrudhi.vercel.app' has been blocked by CORS policy: Permission was denied for this request to access the `loopback` address space. @ https://pravrudhi.vercel.app/:0
[ 1805221ms] [ERROR] Failed to load resource: net::ERR_FAILED @ http://localhost:8008/health:0
[ 1806221ms] [ERROR] Access to fetch at 'http://localhost:8008/status' from origin 'https://pravrudhi.vercel.app' has been blocked by CORS policy: Permission was denied for this request to access the `loopback` address space. @ https://pravrudhi.vercel.app/:0
[ 1806222ms] [ERROR] Failed to load resource: net::ERR_FAILED @ http://localhost:8008/status:0
[ 1809221ms] [ERROR] Access to fetch at 'http://localhost:8008/status' from origin 'https://pravrudhi.vercel.app' has been blocked by CORS policy: Permission was denied for this request to access the `loopback` address space. @ https://pravrudhi.vercel.app/:0
[ 1809222ms] [ERROR] Failed to load resource: net::ERR_FAILED @ http://localhost:8008/status:0
[ 1810221ms] [ERROR] Access to fetch at 'http://localhost:8008/health' from origin 'https://pravrudhi.vercel.app' has been blocked by CORS policy: Permission was denied for this request to access the `loopback` address space. @ https://pravrudhi.vercel.app/:0
[ 1810221ms] [ERROR] Failed to load resource: net::ERR_FAILED @ http://localhost:8008/health:0
[ 1812222ms] [ERROR] Access to fetch at 'http://localhost:8008/status' from origin 'https://pravrudhi.vercel.app' has been blocked by CORS policy: Permission was denied for this request to access the `loopback` address space. @ https://pravrudhi.vercel.app/:0
[ 1812222ms] [ERROR] Failed to load resource: net::ERR_FAILED @ http://localhost:8008/status:0
[ 1815221ms] [ERROR] Access to fetch at 'http://localhost:8008/health' from origin 'https://pravrudhi.vercel.app' has been blocked by CORS policy: Permission was denied for this request to access the `loopback` address space. @ https://pravrudhi.vercel.app/:0
[ 1815221ms] [ERROR] Failed to load resource: net::ERR_FAILED @ http://localhost:8008/health:0
[ 1815221ms] [ERROR] Access to fetch at 'http://localhost:8008/status' from origin 'https://pravrudhi.vercel.app' has been blocked by CORS policy: Permission was denied for this request to access the `loopback` address space. @ https://pravrudhi.vercel.app/:0
[ 1815222ms] [ERROR] Failed to load resource: net::ERR_FAILED @ http://localhost:8008/status:0
[ 1818221ms] [ERROR] Access to fetch at 'http://localhost:8008/status' from origin 'https://pravrudhi.vercel.app' has been blocked by CORS policy: Permission was denied for this request to access the `loopback` address space. @ https://pravrudhi.vercel.app/:0
[ 1818221ms] [ERROR] Failed to load resource: net::ERR_FAILED @ http://localhost:8008/status:0
[ 1820221ms] [ERROR] Access to fetch at 'http://localhost:8008/health' from origin 'https://pravrudhi.vercel.app' has been blocked by CORS policy: Permission was denied for this request to access the `loopback` address space. @ https://pravrudhi.vercel.app/:0
[ 1820221ms] [ERROR] Failed to load resource: net::ERR_FAILED @ http://localhost:8008/health:0
[ 1821221ms] [ERROR] Access to fetch at 'http://localhost:8008/status' from origin 'https://pravrudhi.vercel.app' has been blocked by CORS policy: Permission was denied for this request to access the `loopback` address space. @ https://pravrudhi.vercel.app/:0
[ 1821221ms] [ERROR] Failed to load resource: net::ERR_FAILED @ http://localhost:8008/status:0
[ 1824221ms] [ERROR] Access to fetch at 'http://localhost:8008/status' from origin 'https://pravrudhi.vercel.app' has been blocked by CORS policy: Permission was denied for this request to access the `loopback` address space. @ https://pravrudhi.vercel.app/:0
[ 1824221ms] [ERROR] Failed to load resource: net::ERR_FAILED @ http://localhost:8008/status:0
[ 1825221ms] [ERROR] Access to fetch at 'http://localhost:8008/health' from origin 'https://pravrudhi.vercel.app' has been blocked by CORS policy: Permission was denied for this request to access the `loopback` address space. @ https://pravrudhi.vercel.app/:0
[ 1825221ms] [ERROR] Failed to load resource: net::ERR_FAILED @ http://localhost:8008/health:0
[ 1827222ms] [ERROR] Access to fetch at 'http://localhost:8008/status' from origin 'https://pravrudhi.vercel.app' has been blocked by CORS policy: Permission was denied for this request to access the `loopback` address space. @ https://pravrudhi.vercel.app/:0
[ 1827222ms] [ERROR] Failed to load resource: net::ERR_FAILED @ http://localhost:8008/status:0
[ 1830221ms] [ERROR] Access to fetch at 'http://localhost:8008/health' from origin 'https://pravrudhi.vercel.app' has been blocked by CORS policy: Permission was denied for this request to access the `loopback` address space. @ https://pravrudhi.vercel.app/:0
[ 1830221ms] [ERROR] Failed to load resource: net::ERR_FAILED @ http://localhost:8008/health:0
[ 1830221ms] [ERROR] Access to fetch at 'http://localhost:8008/status' from origin 'https://pravrudhi.vercel.app' has been blocked by CORS policy: Permission was denied for this request to access the `loopback` address space. @ https://pravrudhi.vercel.app/:0
[ 1830221ms] [ERROR] Failed to load resource: net::ERR_FAILED @ http://localhost:8008/status:0
[ 1833222ms] [ERROR] Access to fetch at 'http://localhost:8008/status' from origin 'https://pravrudhi.vercel.app' has been blocked by CORS policy: Permission was denied for this request to access the `loopback` address space. @ https://pravrudhi.vercel.app/:0
[ 1833222ms] [ERROR] Failed to load resource: net::ERR_FAILED @ http://localhost:8008/status:0
[ 1835221ms] [ERROR] Access to fetch at 'http://localhost:8008/health' from origin 'https://pravrudhi.vercel.app' has been blocked by CORS policy: Permission was denied for this request to access the `loopback` address space. @ https://pravrudhi.vercel.app/:0
[ 1835221ms] [ERROR] Failed to load resource: net::ERR_FAILED @ http://localhost:8008/health:0
[ 1836221ms] [ERROR] Access to fetch at 'http://localhost:8008/status' from origin 'https://pravrudhi.vercel.app' has been blocked by CORS policy: Permission was denied for this request to access the `loopback` address space. @ https://pravrudhi.vercel.app/:0
[ 1836221ms] [ERROR] Failed to load resource: net::ERR_FAILED @ http://localhost:8008/status:0
[ 1839222ms] [ERROR] Access to fetch at 'http://localhost:8008/status' from origin 'https://pravrudhi.vercel.app' has been blocked by CORS policy: Permission was denied for this request to access the `loopback` address space. @ https://pravrudhi.vercel.app/:0
[ 1839222ms] [ERROR] Failed to load resource: net::ERR_FAILED @ http://localhost:8008/status:0
[ 1840221ms] [ERROR] Access to fetch at 'http://localhost:8008/health' from origin 'https://pravrudhi.vercel.app' has been blocked by CORS policy: Permission was denied for this request to access the `loopback` address space. @ https://pravrudhi.vercel.app/:0
[ 1840221ms] [ERROR] Failed to load resource: net::ERR_FAILED @ http://localhost:8008/health:0
[ 1842222ms] [ERROR] Access to fetch at 'http://localhost:8008/status' from origin 'https://pravrudhi.vercel.app' has been blocked by CORS policy: Permission was denied for this request to access the `loopback` address space. @ https://pravrudhi.vercel.app/:0
[ 1842222ms] [ERROR] Failed to load resource: net::ERR_FAILED @ http://localhost:8008/status:0
[ 1845221ms] [ERROR] Access to fetch at 'http://localhost:8008/health' from origin 'https://pravrudhi.vercel.app' has been blocked by CORS policy: Permission was denied for this request to access the `loopback` address space. @ https://pravrudhi.vercel.app/:0
[ 1845221ms] [ERROR] Failed to load resource: net::ERR_FAILED @ http://localhost:8008/health:0
[ 1845221ms] [ERROR] Access to fetch at 'http://localhost:8008/status' from origin 'https://pravrudhi.vercel.app' has been blocked by CORS policy: Permission was denied for this request to access the `loopback` address space. @ https://pravrudhi.vercel.app/:0
[ 1845221ms] [ERROR] Failed to load resource: net::ERR_FAILED @ http://localhost:8008/status:0
[ 1848221ms] [ERROR] Access to fetch at 'http://localhost:8008/status' from origin 'https://pravrudhi.vercel.app' has been blocked by CORS policy: Permission was denied for this request to access the `loopback` address space. @ https://pravrudhi.vercel.app/:0
[ 1848221ms] [ERROR] Failed to load resource: net::ERR_FAILED @ http://localhost:8008/status:0
[ 1850221ms] [ERROR] Access to fetch at 'http://localhost:8008/health' from origin 'https://pravrudhi.vercel.app' has been blocked by CORS policy: Permission was denied for this request to access the `loopback` address space. @ https://pravrudhi.vercel.app/:0
[ 1850221ms] [ERROR] Failed to load resource: net::ERR_FAILED @ http://localhost:8008/health:0
[ 1851221ms] [ERROR] Access to fetch at 'http://localhost:8008/status' from origin 'https://pravrudhi.vercel.app' has been blocked by CORS policy: Permission was denied for this request to access the `loopback` address space. @ https://pravrudhi.vercel.app/:0
[ 1851222ms] [ERROR] Failed to load resource: net::ERR_FAILED @ http://localhost:8008/status:0
[ 1854221ms] [ERROR] Access to fetch at 'http://localhost:8008/status' from origin 'https://pravrudhi.vercel.app' has been blocked by CORS policy: Permission was denied for this request to access the `loopback` address space. @ https://pravrudhi.vercel.app/:0
[ 1854221ms] [ERROR] Failed to load resource: net::ERR_FAILED @ http://localhost:8008/status:0
[ 1855221ms] [ERROR] Access to fetch at 'http://localhost:8008/health' from origin 'https://pravrudhi.vercel.app' has been blocked by CORS policy: Permission was denied for this request to access the `loopback` address space. @ https://pravrudhi.vercel.app/:0
[ 1855221ms] [ERROR] Failed to load resource: net::ERR_FAILED @ http://localhost:8008/health:0
[ 1857222ms] [ERROR] Access to fetch at 'http://localhost:8008/status' from origin 'https://pravrudhi.vercel.app' has been blocked by CORS policy: Permission was denied for this request to access the `loopback` address space. @ https://pravrudhi.vercel.app/:0
[ 1857222ms] [ERROR] Failed to load resource: net::ERR_FAILED @ http://localhost:8008/status:0
[ 1860221ms] [ERROR] Access to fetch at 'http://localhost:8008/health' from origin 'https://pravrudhi.vercel.app' has been blocked by CORS policy: Permission was denied for this request to access the `loopback` address space. @ https://pravrudhi.vercel.app/:0
[ 1860222ms] [ERROR] Failed to load resource: net::ERR_FAILED @ http://localhost:8008/health:0
[ 1860222ms] [ERROR] Access to fetch at 'http://localhost:8008/status' from origin 'https://pravrudhi.vercel.app' has been blocked by CORS policy: Permission was denied for this request to access the `loopback` address space. @ https://pravrudhi.vercel.app/:0
[ 1860222ms] [ERROR] Failed to load resource: net::ERR_FAILED @ http://localhost:8008/status:0
[ 1863222ms] [ERROR] Access to fetch at 'http://localhost:8008/status' from origin 'https://pravrudhi.vercel.app' has been blocked by CORS policy: Permission was denied for this request to access the `loopback` address space. @ https://pravrudhi.vercel.app/:0
[ 1863222ms] [ERROR] Failed to load resource: net::ERR_FAILED @ http://localhost:8008/status:0
[ 1865221ms] [ERROR] Access to fetch at 'http://localhost:8008/health' from origin 'https://pravrudhi.vercel.app' has been blocked by CORS policy: Permission was denied for this request to access the `loopback` address space. @ https://pravrudhi.vercel.app/:0
[ 1865222ms] [ERROR] Failed to load resource: net::ERR_FAILED @ http://localhost:8008/health:0
[ 1866222ms] [ERROR] Access to fetch at 'http://localhost:8008/status' from origin 'https://pravrudhi.vercel.app' has been blocked by CORS policy: Permission was denied for this request to access the `loopback` address space. @ https://pravrudhi.vercel.app/:0
[ 1866222ms] [ERROR] Failed to load resource: net::ERR_FAILED @ http://localhost:8008/status:0
[ 1869222ms] [ERROR] Access to fetch at 'http://localhost:8008/status' from origin 'https://pravrudhi.vercel.app' has been blocked by CORS policy: Permission was denied for this request to access the `loopback` address space. @ https://pravrudhi.vercel.app/:0
[ 1869222ms] [ERROR] Failed to load resource: net::ERR_FAILED @ http://localhost:8008/status:0
[ 1870221ms] [ERROR] Access to fetch at 'http://localhost:8008/health' from origin 'https://pravrudhi.vercel.app' has been blocked by CORS policy: Permission was denied for this request to access the `loopback` address space. @ https://pravrudhi.vercel.app/:0
[ 1870221ms] [ERROR] Failed to load resource: net::ERR_FAILED @ http://localhost:8008/health:0
[ 1872222ms] [ERROR] Access to fetch at 'http://localhost:8008/status' from origin 'https://pravrudhi.vercel.app' has been blocked by CORS policy: Permission was denied for this request to access the `loopback` address space. @ https://pravrudhi.vercel.app/:0
[ 1872222ms] [ERROR] Failed to load resource: net::ERR_FAILED @ http://localhost:8008/status:0
[ 1875221ms] [ERROR] Access to fetch at 'http://localhost:8008/health' from origin 'https://pravrudhi.vercel.app' has been blocked by CORS policy: Permission was denied for this request to access the `loopback` address space. @ https://pravrudhi.vercel.app/:0
[ 1875222ms] [ERROR] Failed to load resource: net::ERR_FAILED @ http://localhost:8008/health:0
[ 1875222ms] [ERROR] Access to fetch at 'http://localhost:8008/status' from origin 'https://pravrudhi.vercel.app' has been blocked by CORS policy: Permission was denied for this request to access the `loopback` address space. @ https://pravrudhi.vercel.app/:0
[ 1875222ms] [ERROR] Failed to load resource: net::ERR_FAILED @ http://localhost:8008/status:0
[ 1878222ms] [ERROR] Access to fetch at 'http://localhost:8008/status' from origin 'https://pravrudhi.vercel.app' has been blocked by CORS policy: Permission was denied for this request to access the `loopback` address space. @ https://pravrudhi.vercel.app/:0
[ 1878222ms] [ERROR] Failed to load resource: net::ERR_FAILED @ http://localhost:8008/status:0
[ 1880221ms] [ERROR] Access to fetch at 'http://localhost:8008/health' from origin 'https://pravrudhi.vercel.app' has been blocked by CORS policy: Permission was denied for this request to access the `loopback` address space. @ https://pravrudhi.vercel.app/:0
[ 1880221ms] [ERROR] Failed to load resource: net::ERR_FAILED @ http://localhost:8008/health:0
[ 1881221ms] [ERROR] Access to fetch at 'http://localhost:8008/status' from origin 'https://pravrudhi.vercel.app' has been blocked by CORS policy: Permission was denied for this request to access the `loopback` address space. @ https://pravrudhi.vercel.app/:0
[ 1881221ms] [ERROR] Failed to load resource: net::ERR_FAILED @ http://localhost:8008/status:0
[ 1884221ms] [ERROR] Access to fetch at 'http://localhost:8008/status' from origin 'https://pravrudhi.vercel.app' has been blocked by CORS policy: Permission was denied for this request to access the `loopback` address space. @ https://pravrudhi.vercel.app/:0
[ 1884222ms] [ERROR] Failed to load resource: net::ERR_FAILED @ http://localhost:8008/status:0
[ 1885221ms] [ERROR] Access to fetch at 'http://localhost:8008/health' from origin 'https://pravrudhi.vercel.app' has been blocked by CORS policy: Permission was denied for this request to access the `loopback` address space. @ https://pravrudhi.vercel.app/:0
[ 1885221ms] [ERROR] Failed to load resource: net::ERR_FAILED @ http://localhost:8008/health:0
[ 1887221ms] [ERROR] Access to fetch at 'http://localhost:8008/status' from origin 'https://pravrudhi.vercel.app' has been blocked by CORS policy: Permission was denied for this request to access the `loopback` address space. @ https://pravrudhi.vercel.app/:0
[ 1887221ms] [ERROR] Failed to load resource: net::ERR_FAILED @ http://localhost:8008/status:0
[ 1890221ms] [ERROR] Access to fetch at 'http://localhost:8008/health' from origin 'https://pravrudhi.vercel.app' has been blocked by CORS policy: Permission was denied for this request to access the `loopback` address space. @ https://pravrudhi.vercel.app/:0
[ 1890221ms] [ERROR] Failed to load resource: net::ERR_FAILED @ http://localhost:8008/health:0
[ 1890221ms] [ERROR] Access to fetch at 'http://localhost:8008/status' from origin 'https://pravrudhi.vercel.app' has been blocked by CORS policy: Permission was denied for this request to access the `loopback` address space. @ https://pravrudhi.vercel.app/:0
[ 1890221ms] [ERROR] Failed to load resource: net::ERR_FAILED @ http://localhost:8008/status:0
[ 1893222ms] [ERROR] Access to fetch at 'http://localhost:8008/status' from origin 'https://pravrudhi.vercel.app' has been blocked by CORS policy: Permission was denied for this request to access the `loopback` address space. @ https://pravrudhi.vercel.app/:0
[ 1893222ms] [ERROR] Failed to load resource: net::ERR_FAILED @ http://localhost:8008/status:0
[ 1895221ms] [ERROR] Access to fetch at 'http://localhost:8008/health' from origin 'https://pravrudhi.vercel.app' has been blocked by CORS policy: Permission was denied for this request to access the `loopback` address space. @ https://pravrudhi.vercel.app/:0
[ 1895221ms] [ERROR] Failed to load resource: net::ERR_FAILED @ http://localhost:8008/health:0
[ 1896222ms] [ERROR] Access to fetch at 'http://localhost:8008/status' from origin 'https://pravrudhi.vercel.app' has been blocked by CORS policy: Permission was denied for this request to access the `loopback` address space. @ https://pravrudhi.vercel.app/:0
[ 1896222ms] [ERROR] Failed to load resource: net::ERR_FAILED @ http://localhost:8008/status:0
[ 1899221ms] [ERROR] Access to fetch at 'http://localhost:8008/status' from origin 'https://pravrudhi.vercel.app' has been blocked by CORS policy: Permission was denied for this request to access the `loopback` address space. @ https://pravrudhi.vercel.app/:0
[ 1899221ms] [ERROR] Failed to load resource: net::ERR_FAILED @ http://localhost:8008/status:0
[ 1900221ms] [ERROR] Access to fetch at 'http://localhost:8008/health' from origin 'https://pravrudhi.vercel.app' has been blocked by CORS policy: Permission was denied for this request to access the `loopback` address space. @ https://pravrudhi.vercel.app/:0
[ 1900221ms] [ERROR] Failed to load resource: net::ERR_FAILED @ http://localhost:8008/health:0
[ 1902222ms] [ERROR] Access to fetch at 'http://localhost:8008/status' from origin 'https://pravrudhi.vercel.app' has been blocked by CORS policy: Permission was denied for this request to access the `loopback` address space. @ https://pravrudhi.vercel.app/:0
[ 1902222ms] [ERROR] Failed to load resource: net::ERR_FAILED @ http://localhost:8008/status:0
[ 1905221ms] [ERROR] Access to fetch at 'http://localhost:8008/health' from origin 'https://pravrudhi.vercel.app' has been blocked by CORS policy: Permission was denied for this request to access the `loopback` address space. @ https://pravrudhi.vercel.app/:0
[ 1905221ms] [ERROR] Failed to load resource: net::ERR_FAILED @ http://localhost:8008/health:0
[ 1905221ms] [ERROR] Access to fetch at 'http://localhost:8008/status' from origin 'https://pravrudhi.vercel.app' has been blocked by CORS policy: Permission was denied for this request to access the `loopback` address space. @ https://pravrudhi.vercel.app/:0
[ 1905221ms] [ERROR] Failed to load resource: net::ERR_FAILED @ http://localhost:8008/status:0
[ 1908222ms] [ERROR] Access to fetch at 'http://localhost:8008/status' from origin 'https://pravrudhi.vercel.app' has been blocked by CORS policy: Permission was denied for this request to access the `loopback` address space. @ https://pravrudhi.vercel.app/:0
[ 1908222ms] [ERROR] Failed to load resource: net::ERR_FAILED @ http://localhost:8008/status:0
[ 1910221ms] [ERROR] Access to fetch at 'http://localhost:8008/health' from origin 'https://pravrudhi.vercel.app' has been blocked by CORS policy: Permission was denied for this request to access the `loopback` address space. @ https://pravrudhi.vercel.app/:0
[ 1910221ms] [ERROR] Failed to load resource: net::ERR_FAILED @ http://localhost:8008/health:0
[ 1911221ms] [ERROR] Access to fetch at 'http://localhost:8008/status' from origin 'https://pravrudhi.vercel.app' has been blocked by CORS policy: Permission was denied for this request to access the `loopback` address space. @ https://pravrudhi.vercel.app/:0
[ 1911222ms] [ERROR] Failed to load resource: net::ERR_FAILED @ http://localhost:8008/status:0
[ 1914221ms] [ERROR] Access to fetch at 'http://localhost:8008/status' from origin 'https://pravrudhi.vercel.app' has been blocked by CORS policy: Permission was denied for this request to access the `loopback` address space. @ https://pravrudhi.vercel.app/:0
[ 1914222ms] [ERROR] Failed to load resource: net::ERR_FAILED @ http://localhost:8008/status:0
[ 1915221ms] [ERROR] Access to fetch at 'http://localhost:8008/health' from origin 'https://pravrudhi.vercel.app' has been blocked by CORS policy: Permission was denied for this request to access the `loopback` address space. @ https://pravrudhi.vercel.app/:0
[ 1915221ms] [ERROR] Failed to load resource: net::ERR_FAILED @ http://localhost:8008/health:0
[ 1917221ms] [ERROR] Access to fetch at 'http://localhost:8008/status' from origin 'https://pravrudhi.vercel.app' has been blocked by CORS policy: Permission was denied for this request to access the `loopback` address space. @ https://pravrudhi.vercel.app/:0
[ 1917222ms] [ERROR] Failed to load resource: net::ERR_FAILED @ http://localhost:8008/status:0
[ 1920221ms] [ERROR] Access to fetch at 'http://localhost:8008/health' from origin 'https://pravrudhi.vercel.app' has been blocked by CORS policy: Permission was denied for this request to access the `loopback` address space. @ https://pravrudhi.vercel.app/:0
[ 1920221ms] [ERROR] Failed to load resource: net::ERR_FAILED @ http://localhost:8008/health:0
[ 1920221ms] [ERROR] Access to fetch at 'http://localhost:8008/status' from origin 'https://pravrudhi.vercel.app' has been blocked by CORS policy: Permission was denied for this request to access the `loopback` address space. @ https://pravrudhi.vercel.app/:0
[ 1920221ms] [ERROR] Failed to load resource: net::ERR_FAILED @ http://localhost:8008/status:0
[ 1923222ms] [ERROR] Access to fetch at 'http://localhost:8008/status' from origin 'https://pravrudhi.vercel.app' has been blocked by CORS policy: Permission was denied for this request to access the `loopback` address space. @ https://pravrudhi.vercel.app/:0
[ 1923222ms] [ERROR] Failed to load resource: net::ERR_FAILED @ http://localhost:8008/status:0
[ 1925221ms] [ERROR] Access to fetch at 'http://localhost:8008/health' from origin 'https://pravrudhi.vercel.app' has been blocked by CORS policy: Permission was denied for this request to access the `loopback` address space. @ https://pravrudhi.vercel.app/:0
[ 1925221ms] [ERROR] Failed to load resource: net::ERR_FAILED @ http://localhost:8008/health:0
[ 1926221ms] [ERROR] Access to fetch at 'http://localhost:8008/status' from origin 'https://pravrudhi.vercel.app' has been blocked by CORS policy: Permission was denied for this request to access the `loopback` address space. @ https://pravrudhi.vercel.app/:0
[ 1926221ms] [ERROR] Failed to load resource: net::ERR_FAILED @ http://localhost:8008/status:0
[ 1929221ms] [ERROR] Access to fetch at 'http://localhost:8008/status' from origin 'https://pravrudhi.vercel.app' has been blocked by CORS policy: Permission was denied for this request to access the `loopback` address space. @ https://pravrudhi.vercel.app/:0
[ 1929221ms] [ERROR] Failed to load resource: net::ERR_FAILED @ http://localhost:8008/status:0
[ 1930221ms] [ERROR] Access to fetch at 'http://localhost:8008/health' from origin 'https://pravrudhi.vercel.app' has been blocked by CORS policy: Permission was denied for this request to access the `loopback` address space. @ https://pravrudhi.vercel.app/:0
[ 1930221ms] [ERROR] Failed to load resource: net::ERR_FAILED @ http://localhost:8008/health:0
[ 1932221ms] [ERROR] Access to fetch at 'http://localhost:8008/status' from origin 'https://pravrudhi.vercel.app' has been blocked by CORS policy: Permission was denied for this request to access the `loopback` address space. @ https://pravrudhi.vercel.app/:0
[ 1932222ms] [ERROR] Failed to load resource: net::ERR_FAILED @ http://localhost:8008/status:0
[ 1935221ms] [ERROR] Access to fetch at 'http://localhost:8008/health' from origin 'https://pravrudhi.vercel.app' has been blocked by CORS policy: Permission was denied for this request to access the `loopback` address space. @ https://pravrudhi.vercel.app/:0
[ 1935221ms] [ERROR] Failed to load resource: net::ERR_FAILED @ http://localhost:8008/health:0
[ 1935222ms] [ERROR] Access to fetch at 'http://localhost:8008/status' from origin 'https://pravrudhi.vercel.app' has been blocked by CORS policy: Permission was denied for this request to access the `loopback` address space. @ https://pravrudhi.vercel.app/:0
[ 1935222ms] [ERROR] Failed to load resource: net::ERR_FAILED @ http://localhost:8008/status:0
[ 1938222ms] [ERROR] Access to fetch at 'http://localhost:8008/status' from origin 'https://pravrudhi.vercel.app' has been blocked by CORS policy: Permission was denied for this request to access the `loopback` address space. @ https://pravrudhi.vercel.app/:0
[ 1938222ms] [ERROR] Failed to load resource: net::ERR_FAILED @ http://localhost:8008/status:0
[ 1940221ms] [ERROR] Access to fetch at 'http://localhost:8008/health' from origin 'https://pravrudhi.vercel.app' has been blocked by CORS policy: Permission was denied for this request to access the `loopback` address space. @ https://pravrudhi.vercel.app/:0
[ 1940221ms] [ERROR] Failed to load resource: net::ERR_FAILED @ http://localhost:8008/health:0
[ 1941221ms] [ERROR] Access to fetch at 'http://localhost:8008/status' from origin 'https://pravrudhi.vercel.app' has been blocked by CORS policy: Permission was denied for this request to access the `loopback` address space. @ https://pravrudhi.vercel.app/:0
[ 1941221ms] [ERROR] Failed to load resource: net::ERR_FAILED @ http://localhost:8008/status:0
[ 1944222ms] [ERROR] Access to fetch at 'http://localhost:8008/status' from origin 'https://pravrudhi.vercel.app' has been blocked by CORS policy: Permission was denied for this request to access the `loopback` address space. @ https://pravrudhi.vercel.app/:0
[ 1944222ms] [ERROR] Failed to load resource: net::ERR_FAILED @ http://localhost:8008/status:0
[ 1945221ms] [ERROR] Access to fetch at 'http://localhost:8008/health' from origin 'https://pravrudhi.vercel.app' has been blocked by CORS policy: Permission was denied for this request to access the `loopback` address space. @ https://pravrudhi.vercel.app/:0
[ 1945221ms] [ERROR] Failed to load resource: net::ERR_FAILED @ http://localhost:8008/health:0
[ 1947222ms] [ERROR] Access to fetch at 'http://localhost:8008/status' from origin 'https://pravrudhi.vercel.app' has been blocked by CORS policy: Permission was denied for this request to access the `loopback` address space. @ https://pravrudhi.vercel.app/:0
[ 1947222ms] [ERROR] Failed to load resource: net::ERR_FAILED @ http://localhost:8008/status:0
[ 1950221ms] [ERROR] Access to fetch at 'http://localhost:8008/health' from origin 'https://pravrudhi.vercel.app' has been blocked by CORS policy: Permission was denied for this request to access the `loopback` address space. @ https://pravrudhi.vercel.app/:0
[ 1950221ms] [ERROR] Failed to load resource: net::ERR_FAILED @ http://localhost:8008/health:0
[ 1950221ms] [ERROR] Access to fetch at 'http://localhost:8008/status' from origin 'https://pravrudhi.vercel.app' has been blocked by CORS policy: Permission was denied for this request to access the `loopback` address space. @ https://pravrudhi.vercel.app/:0
[ 1950221ms] [ERROR] Failed to load resource: net::ERR_FAILED @ http://localhost:8008/status:0
[ 1953221ms] [ERROR] Access to fetch at 'http://localhost:8008/status' from origin 'https://pravrudhi.vercel.app' has been blocked by CORS policy: Permission was denied for this request to access the `loopback` address space. @ https://pravrudhi.vercel.app/:0
[ 1953222ms] [ERROR] Failed to load resource: net::ERR_FAILED @ http://localhost:8008/status:0
[ 1955221ms] [ERROR] Access to fetch at 'http://localhost:8008/health' from origin 'https://pravrudhi.vercel.app' has been blocked by CORS policy: Permission was denied for this request to access the `loopback` address space. @ https://pravrudhi.vercel.app/:0
[ 1955221ms] [ERROR] Failed to load resource: net::ERR_FAILED @ http://localhost:8008/health:0
[ 1956222ms] [ERROR] Access to fetch at 'http://localhost:8008/status' from origin 'https://pravrudhi.vercel.app' has been blocked by CORS policy: Permission was denied for this request to access the `loopback` address space. @ https://pravrudhi.vercel.app/:0
[ 1956222ms] [ERROR] Failed to load resource: net::ERR_FAILED @ http://localhost:8008/status:0
[ 1959222ms] [ERROR] Access to fetch at 'http://localhost:8008/status' from origin 'https://pravrudhi.vercel.app' has been blocked by CORS policy: Permission was denied for this request to access the `loopback` address space. @ https://pravrudhi.vercel.app/:0
[ 1959222ms] [ERROR] Failed to load resource: net::ERR_FAILED @ http://localhost:8008/status:0
[ 1960221ms] [ERROR] Access to fetch at 'http://localhost:8008/health' from origin 'https://pravrudhi.vercel.app' has been blocked by CORS policy: Permission was denied for this request to access the `loopback` address space. @ https://pravrudhi.vercel.app/:0
[ 1960221ms] [ERROR] Failed to load resource: net::ERR_FAILED @ http://localhost:8008/health:0
[ 1962222ms] [ERROR] Access to fetch at 'http://localhost:8008/status' from origin 'https://pravrudhi.vercel.app' has been blocked by CORS policy: Permission was denied for this request to access the `loopback` address space. @ https://pravrudhi.vercel.app/:0
[ 1962222ms] [ERROR] Failed to load resource: net::ERR_FAILED @ http://localhost:8008/status:0
[ 1965221ms] [ERROR] Access to fetch at 'http://localhost:8008/health' from origin 'https://pravrudhi.vercel.app' has been blocked by CORS policy: Permission was denied for this request to access the `loopback` address space. @ https://pravrudhi.vercel.app/:0
[ 1965221ms] [ERROR] Failed to load resource: net::ERR_FAILED @ http://localhost:8008/health:0
[ 1965222ms] [ERROR] Access to fetch at 'http://localhost:8008/status' from origin 'https://pravrudhi.vercel.app' has been blocked by CORS policy: Permission was denied for this request to access the `loopback` address space. @ https://pravrudhi.vercel.app/:0
[ 1965222ms] [ERROR] Failed to load resource: net::ERR_FAILED @ http://localhost:8008/status:0
[ 1968221ms] [ERROR] Access to fetch at 'http://localhost:8008/status' from origin 'https://pravrudhi.vercel.app' has been blocked by CORS policy: Permission was denied for this request to access the `loopback` address space. @ https://pravrudhi.vercel.app/:0
[ 1968221ms] [ERROR] Failed to load resource: net::ERR_FAILED @ http://localhost:8008/status:0
[ 1970221ms] [ERROR] Access to fetch at 'http://localhost:8008/health' from origin 'https://pravrudhi.vercel.app' has been blocked by CORS policy: Permission was denied for this request to access the `loopback` address space. @ https://pravrudhi.vercel.app/:0
[ 1970221ms] [ERROR] Failed to load resource: net::ERR_FAILED @ http://localhost:8008/health:0
[ 1971221ms] [ERROR] Access to fetch at 'http://localhost:8008/status' from origin 'https://pravrudhi.vercel.app' has been blocked by CORS policy: Permission was denied for this request to access the `loopback` address space. @ https://pravrudhi.vercel.app/:0
[ 1971221ms] [ERROR] Failed to load resource: net::ERR_FAILED @ http://localhost:8008/status:0
[ 1974222ms] [ERROR] Access to fetch at 'http://localhost:8008/status' from origin 'https://pravrudhi.vercel.app' has been blocked by CORS policy: Permission was denied for this request to access the `loopback` address space. @ https://pravrudhi.vercel.app/:0
[ 1974222ms] [ERROR] Failed to load resource: net::ERR_FAILED @ http://localhost:8008/status:0
[ 1975221ms] [ERROR] Access to fetch at 'http://localhost:8008/health' from origin 'https://pravrudhi.vercel.app' has been blocked by CORS policy: Permission was denied for this request to access the `loopback` address space. @ https://pravrudhi.vercel.app/:0
[ 1975221ms] [ERROR] Failed to load resource: net::ERR_FAILED @ http://localhost:8008/health:0
[ 1977222ms] [ERROR] Access to fetch at 'http://localhost:8008/status' from origin 'https://pravrudhi.vercel.app' has been blocked by CORS policy: Permission was denied for this request to access the `loopback` address space. @ https://pravrudhi.vercel.app/:0
[ 1977222ms] [ERROR] Failed to load resource: net::ERR_FAILED @ http://localhost:8008/status:0
[ 1980221ms] [ERROR] Access to fetch at 'http://localhost:8008/health' from origin 'https://pravrudhi.vercel.app' has been blocked by CORS policy: Permission was denied for this request to access the `loopback` address space. @ https://pravrudhi.vercel.app/:0
[ 1980221ms] [ERROR] Failed to load resource: net::ERR_FAILED @ http://localhost:8008/health:0
[ 1980221ms] [ERROR] Access to fetch at 'http://localhost:8008/status' from origin 'https://pravrudhi.vercel.app' has been blocked by CORS policy: Permission was denied for this request to access the `loopback` address space. @ https://pravrudhi.vercel.app/:0
[ 1980221ms] [ERROR] Failed to load resource: net::ERR_FAILED @ http://localhost:8008/status:0
[ 1983222ms] [ERROR] Access to fetch at 'http://localhost:8008/status' from origin 'https://pravrudhi.vercel.app' has been blocked by CORS policy: Permission was denied for this request to access the `loopback` address space. @ https://pravrudhi.vercel.app/:0
[ 1983222ms] [ERROR] Failed to load resource: net::ERR_FAILED @ http://localhost:8008/status:0
[ 1985221ms] [ERROR] Access to fetch at 'http://localhost:8008/health' from origin 'https://pravrudhi.vercel.app' has been blocked by CORS policy: Permission was denied for this request to access the `loopback` address space. @ https://pravrudhi.vercel.app/:0
[ 1985221ms] [ERROR] Failed to load resource: net::ERR_FAILED @ http://localhost:8008/health:0
[ 1986224ms] [ERROR] Access to fetch at 'http://localhost:8008/status' from origin 'https://pravrudhi.vercel.app' has been blocked by CORS policy: Permission was denied for this request to access the `loopback` address space. @ https://pravrudhi.vercel.app/:0
[ 1986225ms] [ERROR] Failed to load resource: net::ERR_FAILED @ http://localhost:8008/status:0
[ 1989221ms] [ERROR] Access to fetch at 'http://localhost:8008/status' from origin 'https://pravrudhi.vercel.app' has been blocked by CORS policy: Permission was denied for this request to access the `loopback` address space. @ https://pravrudhi.vercel.app/:0
[ 1989222ms] [ERROR] Failed to load resource: net::ERR_FAILED @ http://localhost:8008/status:0
[ 1990221ms] [ERROR] Access to fetch at 'http://localhost:8008/health' from origin 'https://pravrudhi.vercel.app' has been blocked by CORS policy: Permission was denied for this request to access the `loopback` address space. @ https://pravrudhi.vercel.app/:0
[ 1990221ms] [ERROR] Failed to load resource: net::ERR_FAILED @ http://localhost:8008/health:0
[ 1992221ms] [ERROR] Access to fetch at 'http://localhost:8008/status' from origin 'https://pravrudhi.vercel.app' has been blocked by CORS policy: Permission was denied for this request to access the `loopback` address space. @ https://pravrudhi.vercel.app/:0
[ 1992222ms] [ERROR] Failed to load resource: net::ERR_FAILED @ http://localhost:8008/status:0
[ 1995221ms] [ERROR] Access to fetch at 'http://localhost:8008/health' from origin 'https://pravrudhi.vercel.app' has been blocked by CORS policy: Permission was denied for this request to access the `loopback` address space. @ https://pravrudhi.vercel.app/:0
[ 1995221ms] [ERROR] Failed to load resource: net::ERR_FAILED @ http://localhost:8008/health:0
[ 1995222ms] [ERROR] Access to fetch at 'http://localhost:8008/status' from origin 'https://pravrudhi.vercel.app' has been blocked by CORS policy: Permission was denied for this request to access the `loopback` address space. @ https://pravrudhi.vercel.app/:0
[ 1995222ms] [ERROR] Failed to load resource: net::ERR_FAILED @ http://localhost:8008/status:0
[ 1998221ms] [ERROR] Access to fetch at 'http://localhost:8008/status' from origin 'https://pravrudhi.vercel.app' has been blocked by CORS policy: Permission was denied for this request to access the `loopback` address space. @ https://pravrudhi.vercel.app/:0
[ 1998221ms] [ERROR] Failed to load resource: net::ERR_FAILED @ http://localhost:8008/status:0
[ 2000221ms] [ERROR] Access to fetch at 'http://localhost:8008/health' from origin 'https://pravrudhi.vercel.app' has been blocked by CORS policy: Permission was denied for this request to access the `loopback` address space. @ https://pravrudhi.vercel.app/:0
[ 2000221ms] [ERROR] Failed to load resource: net::ERR_FAILED @ http://localhost:8008/health:0
[ 2001221ms] [ERROR] Access to fetch at 'http://localhost:8008/status' from origin 'https://pravrudhi.vercel.app' has been blocked by CORS policy: Permission was denied for this request to access the `loopback` address space. @ https://pravrudhi.vercel.app/:0
[ 2001221ms] [ERROR] Failed to load resource: net::ERR_FAILED @ http://localhost:8008/status:0
[ 2004221ms] [ERROR] Access to fetch at 'http://localhost:8008/status' from origin 'https://pravrudhi.vercel.app' has been blocked by CORS policy: Permission was denied for this request to access the `loopback` address space. @ https://pravrudhi.vercel.app/:0
[ 2004221ms] [ERROR] Failed to load resource: net::ERR_FAILED @ http://localhost:8008/status:0
[ 2005221ms] [ERROR] Access to fetch at 'http://localhost:8008/health' from origin 'https://pravrudhi.vercel.app' has been blocked by CORS policy: Permission was denied for this request to access the `loopback` address space. @ https://pravrudhi.vercel.app/:0
[ 2005221ms] [ERROR] Failed to load resource: net::ERR_FAILED @ http://localhost:8008/health:0
[ 2007222ms] [ERROR] Access to fetch at 'http://localhost:8008/status' from origin 'https://pravrudhi.vercel.app' has been blocked by CORS policy: Permission was denied for this request to access the `loopback` address space. @ https://pravrudhi.vercel.app/:0
[ 2007222ms] [ERROR] Failed to load resource: net::ERR_FAILED @ http://localhost:8008/status:0
[ 2010221ms] [ERROR] Access to fetch at 'http://localhost:8008/health' from origin 'https://pravrudhi.vercel.app' has been blocked by CORS policy: Permission was denied for this request to access the `loopback` address space. @ https://pravrudhi.vercel.app/:0
[ 2010221ms] [ERROR] Failed to load resource: net::ERR_FAILED @ http://localhost:8008/health:0
[ 2010221ms] [ERROR] Access to fetch at 'http://localhost:8008/status' from origin 'https://pravrudhi.vercel.app' has been blocked by CORS policy: Permission was denied for this request to access the `loopback` address space. @ https://pravrudhi.vercel.app/:0
[ 2010221ms] [ERROR] Failed to load resource: net::ERR_FAILED @ http://localhost:8008/status:0
[ 2013221ms] [ERROR] Access to fetch at 'http://localhost:8008/status' from origin 'https://pravrudhi.vercel.app' has been blocked by CORS policy: Permission was denied for this request to access the `loopback` address space. @ https://pravrudhi.vercel.app/:0
[ 2013222ms] [ERROR] Failed to load resource: net::ERR_FAILED @ http://localhost:8008/status:0
[ 2015221ms] [ERROR] Access to fetch at 'http://localhost:8008/health' from origin 'https://pravrudhi.vercel.app' has been blocked by CORS policy: Permission was denied for this request to access the `loopback` address space. @ https://pravrudhi.vercel.app/:0
[ 2015221ms] [ERROR] Failed to load resource: net::ERR_FAILED @ http://localhost:8008/health:0
[ 2016221ms] [ERROR] Access to fetch at 'http://localhost:8008/status' from origin 'https://pravrudhi.vercel.app' has been blocked by CORS policy: Permission was denied for this request to access the `loopback` address space. @ https://pravrudhi.vercel.app/:0
[ 2016221ms] [ERROR] Failed to load resource: net::ERR_FAILED @ http://localhost:8008/status:0
[ 2019222ms] [ERROR] Access to fetch at 'http://localhost:8008/status' from origin 'https://pravrudhi.vercel.app' has been blocked by CORS policy: Permission was denied for this request to access the `loopback` address space. @ https://pravrudhi.vercel.app/:0
[ 2019222ms] [ERROR] Failed to load resource: net::ERR_FAILED @ http://localhost:8008/status:0
[ 2020221ms] [ERROR] Access to fetch at 'http://localhost:8008/health' from origin 'https://pravrudhi.vercel.app' has been blocked by CORS policy: Permission was denied for this request to access the `loopback` address space. @ https://pravrudhi.vercel.app/:0
[ 2020221ms] [ERROR] Failed to load resource: net::ERR_FAILED @ http://localhost:8008/health:0
[ 2022222ms] [ERROR] Access to fetch at 'http://localhost:8008/status' from origin 'https://pravrudhi.vercel.app' has been blocked by CORS policy: Permission was denied for this request to access the `loopback` address space. @ https://pravrudhi.vercel.app/:0
[ 2022222ms] [ERROR] Failed to load resource: net::ERR_FAILED @ http://localhost:8008/status:0
[ 2025221ms] [ERROR] Access to fetch at 'http://localhost:8008/health' from origin 'https://pravrudhi.vercel.app' has been blocked by CORS policy: Permission was denied for this request to access the `loopback` address space. @ https://pravrudhi.vercel.app/:0
[ 2025221ms] [ERROR] Failed to load resource: net::ERR_FAILED @ http://localhost:8008/health:0
[ 2025221ms] [ERROR] Access to fetch at 'http://localhost:8008/status' from origin 'https://pravrudhi.vercel.app' has been blocked by CORS policy: Permission was denied for this request to access the `loopback` address space. @ https://pravrudhi.vercel.app/:0
[ 2025221ms] [ERROR] Failed to load resource: net::ERR_FAILED @ http://localhost:8008/status:0
[ 2028221ms] [ERROR] Access to fetch at 'http://localhost:8008/status' from origin 'https://pravrudhi.vercel.app' has been blocked by CORS policy: Permission was denied for this request to access the `loopback` address space. @ https://pravrudhi.vercel.app/:0
[ 2028222ms] [ERROR] Failed to load resource: net::ERR_FAILED @ http://localhost:8008/status:0
[ 2030221ms] [ERROR] Access to fetch at 'http://localhost:8008/health' from origin 'https://pravrudhi.vercel.app' has been blocked by CORS policy: Permission was denied for this request to access the `loopback` address space. @ https://pravrudhi.vercel.app/:0
[ 2030221ms] [ERROR] Failed to load resource: net::ERR_FAILED @ http://localhost:8008/health:0
[ 2031222ms] [ERROR] Access to fetch at 'http://localhost:8008/status' from origin 'https://pravrudhi.vercel.app' has been blocked by CORS policy: Permission was denied for this request to access the `loopback` address space. @ https://pravrudhi.vercel.app/:0
[ 2031222ms] [ERROR] Failed to load resource: net::ERR_FAILED @ http://localhost:8008/status:0
[ 2034221ms] [ERROR] Access to fetch at 'http://localhost:8008/status' from origin 'https://pravrudhi.vercel.app' has been blocked by CORS policy: Permission was denied for this request to access the `loopback` address space. @ https://pravrudhi.vercel.app/:0
[ 2034222ms] [ERROR] Failed to load resource: net::ERR_FAILED @ http://localhost:8008/status:0
[ 2035221ms] [ERROR] Access to fetch at 'http://localhost:8008/health' from origin 'https://pravrudhi.vercel.app' has been blocked by CORS policy: Permission was denied for this request to access the `loopback` address space. @ https://pravrudhi.vercel.app/:0
[ 2035221ms] [ERROR] Failed to load resource: net::ERR_FAILED @ http://localhost:8008/health:0
[ 2037221ms] [ERROR] Access to fetch at 'http://localhost:8008/status' from origin 'https://pravrudhi.vercel.app' has been blocked by CORS policy: Permission was denied for this request to access the `loopback` address space. @ https://pravrudhi.vercel.app/:0
[ 2037221ms] [ERROR] Failed to load resource: net::ERR_FAILED @ http://localhost:8008/status:0
[ 2040221ms] [ERROR] Access to fetch at 'http://localhost:8008/health' from origin 'https://pravrudhi.vercel.app' has been blocked by CORS policy: Permission was denied for this request to access the `loopback` address space. @ https://pravrudhi.vercel.app/:0
[ 2040221ms] [ERROR] Failed to load resource: net::ERR_FAILED @ http://localhost:8008/health:0
[ 2040222ms] [ERROR] Access to fetch at 'http://localhost:8008/status' from origin 'https://pravrudhi.vercel.app' has been blocked by CORS policy: Permission was denied for this request to access the `loopback` address space. @ https://pravrudhi.vercel.app/:0
[ 2040222ms] [ERROR] Failed to load resource: net::ERR_FAILED @ http://localhost:8008/status:0
[ 2043222ms] [ERROR] Access to fetch at 'http://localhost:8008/status' from origin 'https://pravrudhi.vercel.app' has been blocked by CORS policy: Permission was denied for this request to access the `loopback` address space. @ https://pravrudhi.vercel.app/:0
[ 2043222ms] [ERROR] Failed to load resource: net::ERR_FAILED @ http://localhost:8008/status:0
[ 2045221ms] [ERROR] Access to fetch at 'http://localhost:8008/health' from origin 'https://pravrudhi.vercel.app' has been blocked by CORS policy: Permission was denied for this request to access the `loopback` address space. @ https://pravrudhi.vercel.app/:0
[ 2045221ms] [ERROR] Failed to load resource: net::ERR_FAILED @ http://localhost:8008/health:0
[ 2046222ms] [ERROR] Access to fetch at 'http://localhost:8008/status' from origin 'https://pravrudhi.vercel.app' has been blocked by CORS policy: Permission was denied for this request to access the `loopback` address space. @ https://pravrudhi.vercel.app/:0
[ 2046222ms] [ERROR] Failed to load resource: net::ERR_FAILED @ http://localhost:8008/status:0
[ 2049221ms] [ERROR] Access to fetch at 'http://localhost:8008/status' from origin 'https://pravrudhi.vercel.app' has been blocked by CORS policy: Permission was denied for this request to access the `loopback` address space. @ https://pravrudhi.vercel.app/:0
[ 2049222ms] [ERROR] Failed to load resource: net::ERR_FAILED @ http://localhost:8008/status:0
[ 2050221ms] [ERROR] Access to fetch at 'http://localhost:8008/health' from origin 'https://pravrudhi.vercel.app' has been blocked by CORS policy: Permission was denied for this request to access the `loopback` address space. @ https://pravrudhi.vercel.app/:0
[ 2050221ms] [ERROR] Failed to load resource: net::ERR_FAILED @ http://localhost:8008/health:0
[ 2052222ms] [ERROR] Access to fetch at 'http://localhost:8008/status' from origin 'https://pravrudhi.vercel.app' has been blocked by CORS policy: Permission was denied for this request to access the `loopback` address space. @ https://pravrudhi.vercel.app/:0
[ 2052222ms] [ERROR] Failed to load resource: net::ERR_FAILED @ http://localhost:8008/status:0
[ 2055221ms] [ERROR] Access to fetch at 'http://localhost:8008/health' from origin 'https://pravrudhi.vercel.app' has been blocked by CORS policy: Permission was denied for this request to access the `loopback` address space. @ https://pravrudhi.vercel.app/:0
[ 2055221ms] [ERROR] Failed to load resource: net::ERR_FAILED @ http://localhost:8008/health:0
[ 2055221ms] [ERROR] Access to fetch at 'http://localhost:8008/status' from origin 'https://pravrudhi.vercel.app' has been blocked by CORS policy: Permission was denied for this request to access the `loopback` address space. @ https://pravrudhi.vercel.app/:0
[ 2055221ms] [ERROR] Failed to load resource: net::ERR_FAILED @ http://localhost:8008/status:0
[ 2058221ms] [ERROR] Access to fetch at 'http://localhost:8008/status' from origin 'https://pravrudhi.vercel.app' has been blocked by CORS policy: Permission was denied for this request to access the `loopback` address space. @ https://pravrudhi.vercel.app/:0
[ 2058222ms] [ERROR] Failed to load resource: net::ERR_FAILED @ http://localhost:8008/status:0
[ 2060221ms] [ERROR] Access to fetch at 'http://localhost:8008/health' from origin 'https://pravrudhi.vercel.app' has been blocked by CORS policy: Permission was denied for this request to access the `loopback` address space. @ https://pravrudhi.vercel.app/:0
[ 2060221ms] [ERROR] Failed to load resource: net::ERR_FAILED @ http://localhost:8008/health:0
[ 2061222ms] [ERROR] Access to fetch at 'http://localhost:8008/status' from origin 'https://pravrudhi.vercel.app' has been blocked by CORS policy: Permission was denied for this request to access the `loopback` address space. @ https://pravrudhi.vercel.app/:0
[ 2061222ms] [ERROR] Failed to load resource: net::ERR_FAILED @ http://localhost:8008/status:0
[ 2064221ms] [ERROR] Access to fetch at 'http://localhost:8008/status' from origin 'https://pravrudhi.vercel.app' has been blocked by CORS policy: Permission was denied for this request to access the `loopback` address space. @ https://pravrudhi.vercel.app/:0
[ 2064222ms] [ERROR] Failed to load resource: net::ERR_FAILED @ http://localhost:8008/status:0
[ 2065221ms] [ERROR] Access to fetch at 'http://localhost:8008/health' from origin 'https://pravrudhi.vercel.app' has been blocked by CORS policy: Permission was denied for this request to access the `loopback` address space. @ https://pravrudhi.vercel.app/:0
[ 2065221ms] [ERROR] Failed to load resource: net::ERR_FAILED @ http://localhost:8008/health:0
[ 2067222ms] [ERROR] Access to fetch at 'http://localhost:8008/status' from origin 'https://pravrudhi.vercel.app' has been blocked by CORS policy: Permission was denied for this request to access the `loopback` address space. @ https://pravrudhi.vercel.app/:0
[ 2067222ms] [ERROR] Failed to load resource: net::ERR_FAILED @ http://localhost:8008/status:0
[ 2070221ms] [ERROR] Access to fetch at 'http://localhost:8008/health' from origin 'https://pravrudhi.vercel.app' has been blocked by CORS policy: Permission was denied for this request to access the `loopback` address space. @ https://pravrudhi.vercel.app/:0
[ 2070221ms] [ERROR] Failed to load resource: net::ERR_FAILED @ http://localhost:8008/health:0
[ 2070221ms] [ERROR] Access to fetch at 'http://localhost:8008/status' from origin 'https://pravrudhi.vercel.app' has been blocked by CORS policy: Permission was denied for this request to access the `loopback` address space. @ https://pravrudhi.vercel.app/:0
[ 2070221ms] [ERROR] Failed to load resource: net::ERR_FAILED @ http://localhost:8008/status:0
[ 2073222ms] [ERROR] Access to fetch at 'http://localhost:8008/status' from origin 'https://pravrudhi.vercel.app' has been blocked by CORS policy: Permission was denied for this request to access the `loopback` address space. @ https://pravrudhi.vercel.app/:0
[ 2073222ms] [ERROR] Failed to load resource: net::ERR_FAILED @ http://localhost:8008/status:0
[ 2075221ms] [ERROR] Access to fetch at 'http://localhost:8008/health' from origin 'https://pravrudhi.vercel.app' has been blocked by CORS policy: Permission was denied for this request to access the `loopback` address space. @ https://pravrudhi.vercel.app/:0
[ 2075221ms] [ERROR] Failed to load resource: net::ERR_FAILED @ http://localhost:8008/health:0
[ 2076221ms] [ERROR] Access to fetch at 'http://localhost:8008/status' from origin 'https://pravrudhi.vercel.app' has been blocked by CORS policy: Permission was denied for this request to access the `loopback` address space. @ https://pravrudhi.vercel.app/:0
[ 2076222ms] [ERROR] Failed to load resource: net::ERR_FAILED @ http://localhost:8008/status:0
[ 2079221ms] [ERROR] Access to fetch at 'http://localhost:8008/status' from origin 'https://pravrudhi.vercel.app' has been blocked by CORS policy: Permission was denied for this request to access the `loopback` address space. @ https://pravrudhi.vercel.app/:0
[ 2079222ms] [ERROR] Failed to load resource: net::ERR_FAILED @ http://localhost:8008/status:0
[ 2080221ms] [ERROR] Access to fetch at 'http://localhost:8008/health' from origin 'https://pravrudhi.vercel.app' has been blocked by CORS policy: Permission was denied for this request to access the `loopback` address space. @ https://pravrudhi.vercel.app/:0
[ 2080221ms] [ERROR] Failed to load resource: net::ERR_FAILED @ http://localhost:8008/health:0
[ 2082222ms] [ERROR] Access to fetch at 'http://localhost:8008/status' from origin 'https://pravrudhi.vercel.app' has been blocked by CORS policy: Permission was denied for this request to access the `loopback` address space. @ https://pravrudhi.vercel.app/:0
[ 2082222ms] [ERROR] Failed to load resource: net::ERR_FAILED @ http://localhost:8008/status:0
[ 2085221ms] [ERROR] Access to fetch at 'http://localhost:8008/health' from origin 'https://pravrudhi.vercel.app' has been blocked by CORS policy: Permission was denied for this request to access the `loopback` address space. @ https://pravrudhi.vercel.app/:0
[ 2085221ms] [ERROR] Failed to load resource: net::ERR_FAILED @ http://localhost:8008/health:0
[ 2085221ms] [ERROR] Access to fetch at 'http://localhost:8008/status' from origin 'https://pravrudhi.vercel.app' has been blocked by CORS policy: Permission was denied for this request to access the `loopback` address space. @ https://pravrudhi.vercel.app/:0
[ 2085221ms] [ERROR] Failed to load resource: net::ERR_FAILED @ http://localhost:8008/status:0
[ 2088222ms] [ERROR] Access to fetch at 'http://localhost:8008/status' from origin 'https://pravrudhi.vercel.app' has been blocked by CORS policy: Permission was denied for this request to access the `loopback` address space. @ https://pravrudhi.vercel.app/:0
[ 2088222ms] [ERROR] Failed to load resource: net::ERR_FAILED @ http://localhost:8008/status:0
[ 2090221ms] [ERROR] Access to fetch at 'http://localhost:8008/health' from origin 'https://pravrudhi.vercel.app' has been blocked by CORS policy: Permission was denied for this request to access the `loopback` address space. @ https://pravrudhi.vercel.app/:0
[ 2090221ms] [ERROR] Failed to load resource: net::ERR_FAILED @ http://localhost:8008/health:0
[ 2091222ms] [ERROR] Access to fetch at 'http://localhost:8008/status' from origin 'https://pravrudhi.vercel.app' has been blocked by CORS policy: Permission was denied for this request to access the `loopback` address space. @ https://pravrudhi.vercel.app/:0
[ 2091222ms] [ERROR] Failed to load resource: net::ERR_FAILED @ http://localhost:8008/status:0
[ 2094221ms] [ERROR] Access to fetch at 'http://localhost:8008/status' from origin 'https://pravrudhi.vercel.app' has been blocked by CORS policy: Permission was denied for this request to access the `loopback` address space. @ https://pravrudhi.vercel.app/:0
[ 2094221ms] [ERROR] Failed to load resource: net::ERR_FAILED @ http://localhost:8008/status:0
[ 2095221ms] [ERROR] Access to fetch at 'http://localhost:8008/health' from origin 'https://pravrudhi.vercel.app' has been blocked by CORS policy: Permission was denied for this request to access the `loopback` address space. @ https://pravrudhi.vercel.app/:0
[ 2095221ms] [ERROR] Failed to load resource: net::ERR_FAILED @ http://localhost:8008/health:0
[ 2097221ms] [ERROR] Access to fetch at 'http://localhost:8008/status' from origin 'https://pravrudhi.vercel.app' has been blocked by CORS policy: Permission was denied for this request to access the `loopback` address space. @ https://pravrudhi.vercel.app/:0
[ 2097221ms] [ERROR] Failed to load resource: net::ERR_FAILED @ http://localhost:8008/status:0
[ 2100221ms] [ERROR] Access to fetch at 'http://localhost:8008/health' from origin 'https://pravrudhi.vercel.app' has been blocked by CORS policy: Permission was denied for this request to access the `loopback` address space. @ https://pravrudhi.vercel.app/:0
[ 2100221ms] [ERROR] Failed to load resource: net::ERR_FAILED @ http://localhost:8008/health:0
[ 2100221ms] [ERROR] Access to fetch at 'http://localhost:8008/status' from origin 'https://pravrudhi.vercel.app' has been blocked by CORS policy: Permission was denied for this request to access the `loopback` address space. @ https://pravrudhi.vercel.app/:0
[ 2100221ms] [ERROR] Failed to load resource: net::ERR_FAILED @ http://localhost:8008/status:0
[ 2103222ms] [ERROR] Access to fetch at 'http://localhost:8008/status' from origin 'https://pravrudhi.vercel.app' has been blocked by CORS policy: Permission was denied for this request to access the `loopback` address space. @ https://pravrudhi.vercel.app/:0
[ 2103222ms] [ERROR] Failed to load resource: net::ERR_FAILED @ http://localhost:8008/status:0
[ 2105221ms] [ERROR] Access to fetch at 'http://localhost:8008/health' from origin 'https://pravrudhi.vercel.app' has been blocked by CORS policy: Permission was denied for this request to access the `loopback` address space. @ https://pravrudhi.vercel.app/:0
[ 2105221ms] [ERROR] Failed to load resource: net::ERR_FAILED @ http://localhost:8008/health:0
[ 2106221ms] [ERROR] Access to fetch at 'http://localhost:8008/status' from origin 'https://pravrudhi.vercel.app' has been blocked by CORS policy: Permission was denied for this request to access the `loopback` address space. @ https://pravrudhi.vercel.app/:0
[ 2106222ms] [ERROR] Failed to load resource: net::ERR_FAILED @ http://localhost:8008/status:0
[ 2109222ms] [ERROR] Access to fetch at 'http://localhost:8008/status' from origin 'https://pravrudhi.vercel.app' has been blocked by CORS policy: Permission was denied for this request to access the `loopback` address space. @ https://pravrudhi.vercel.app/:0
[ 2109222ms] [ERROR] Failed to load resource: net::ERR_FAILED @ http://localhost:8008/status:0
[ 2110221ms] [ERROR] Access to fetch at 'http://localhost:8008/health' from origin 'https://pravrudhi.vercel.app' has been blocked by CORS policy: Permission was denied for this request to access the `loopback` address space. @ https://pravrudhi.vercel.app/:0
[ 2110221ms] [ERROR] Failed to load resource: net::ERR_FAILED @ http://localhost:8008/health:0
[ 2112222ms] [ERROR] Access to fetch at 'http://localhost:8008/status' from origin 'https://pravrudhi.vercel.app' has been blocked by CORS policy: Permission was denied for this request to access the `loopback` address space. @ https://pravrudhi.vercel.app/:0
[ 2112222ms] [ERROR] Failed to load resource: net::ERR_FAILED @ http://localhost:8008/status:0
[ 2115221ms] [ERROR] Access to fetch at 'http://localhost:8008/health' from origin 'https://pravrudhi.vercel.app' has been blocked by CORS policy: Permission was denied for this request to access the `loopback` address space. @ https://pravrudhi.vercel.app/:0
[ 2115221ms] [ERROR] Failed to load resource: net::ERR_FAILED @ http://localhost:8008/health:0
[ 2115221ms] [ERROR] Access to fetch at 'http://localhost:8008/status' from origin 'https://pravrudhi.vercel.app' has been blocked by CORS policy: Permission was denied for this request to access the `loopback` address space. @ https://pravrudhi.vercel.app/:0
[ 2115221ms] [ERROR] Failed to load resource: net::ERR_FAILED @ http://localhost:8008/status:0
[ 2118221ms] [ERROR] Access to fetch at 'http://localhost:8008/status' from origin 'https://pravrudhi.vercel.app' has been blocked by CORS policy: Permission was denied for this request to access the `loopback` address space. @ https://pravrudhi.vercel.app/:0
[ 2118222ms] [ERROR] Failed to load resource: net::ERR_FAILED @ http://localhost:8008/status:0
[ 2120221ms] [ERROR] Access to fetch at 'http://localhost:8008/health' from origin 'https://pravrudhi.vercel.app' has been blocked by CORS policy: Permission was denied for this request to access the `loopback` address space. @ https://pravrudhi.vercel.app/:0
[ 2120221ms] [ERROR] Failed to load resource: net::ERR_FAILED @ http://localhost:8008/health:0
[ 2121222ms] [ERROR] Access to fetch at 'http://localhost:8008/status' from origin 'https://pravrudhi.vercel.app' has been blocked by CORS policy: Permission was denied for this request to access the `loopback` address space. @ https://pravrudhi.vercel.app/:0
[ 2121222ms] [ERROR] Failed to load resource: net::ERR_FAILED @ http://localhost:8008/status:0
[ 2124222ms] [ERROR] Access to fetch at 'http://localhost:8008/status' from origin 'https://pravrudhi.vercel.app' has been blocked by CORS policy: Permission was denied for this request to access the `loopback` address space. @ https://pravrudhi.vercel.app/:0
[ 2124222ms] [ERROR] Failed to load resource: net::ERR_FAILED @ http://localhost:8008/status:0
[ 2125221ms] [ERROR] Access to fetch at 'http://localhost:8008/health' from origin 'https://pravrudhi.vercel.app' has been blocked by CORS policy: Permission was denied for this request to access the `loopback` address space. @ https://pravrudhi.vercel.app/:0
[ 2125221ms] [ERROR] Failed to load resource: net::ERR_FAILED @ http://localhost:8008/health:0
[ 2127222ms] [ERROR] Access to fetch at 'http://localhost:8008/status' from origin 'https://pravrudhi.vercel.app' has been blocked by CORS policy: Permission was denied for this request to access the `loopback` address space. @ https://pravrudhi.vercel.app/:0
[ 2127222ms] [ERROR] Failed to load resource: net::ERR_FAILED @ http://localhost:8008/status:0
[ 2130221ms] [ERROR] Access to fetch at 'http://localhost:8008/health' from origin 'https://pravrudhi.vercel.app' has been blocked by CORS policy: Permission was denied for this request to access the `loopback` address space. @ https://pravrudhi.vercel.app/:0
[ 2130221ms] [ERROR] Failed to load resource: net::ERR_FAILED @ http://localhost:8008/health:0
[ 2130222ms] [ERROR] Access to fetch at 'http://localhost:8008/status' from origin 'https://pravrudhi.vercel.app' has been blocked by CORS policy: Permission was denied for this request to access the `loopback` address space. @ https://pravrudhi.vercel.app/:0
[ 2130222ms] [ERROR] Failed to load resource: net::ERR_FAILED @ http://localhost:8008/status:0
[ 2133221ms] [ERROR] Access to fetch at 'http://localhost:8008/status' from origin 'https://pravrudhi.vercel.app' has been blocked by CORS policy: Permission was denied for this request to access the `loopback` address space. @ https://pravrudhi.vercel.app/:0
[ 2133221ms] [ERROR] Failed to load resource: net::ERR_FAILED @ http://localhost:8008/status:0
[ 2135221ms] [ERROR] Access to fetch at 'http://localhost:8008/health' from origin 'https://pravrudhi.vercel.app' has been blocked by CORS policy: Permission was denied for this request to access the `loopback` address space. @ https://pravrudhi.vercel.app/:0
[ 2135221ms] [ERROR] Failed to load resource: net::ERR_FAILED @ http://localhost:8008/health:0
[ 2136221ms] [ERROR] Access to fetch at 'http://localhost:8008/status' from origin 'https://pravrudhi.vercel.app' has been blocked by CORS policy: Permission was denied for this request to access the `loopback` address space. @ https://pravrudhi.vercel.app/:0
[ 2136221ms] [ERROR] Failed to load resource: net::ERR_FAILED @ http://localhost:8008/status:0
[ 2139221ms] [ERROR] Access to fetch at 'http://localhost:8008/status' from origin 'https://pravrudhi.vercel.app' has been blocked by CORS policy: Permission was denied for this request to access the `loopback` address space. @ https://pravrudhi.vercel.app/:0
[ 2139221ms] [ERROR] Failed to load resource: net::ERR_FAILED @ http://localhost:8008/status:0
[ 2140221ms] [ERROR] Access to fetch at 'http://localhost:8008/health' from origin 'https://pravrudhi.vercel.app' has been blocked by CORS policy: Permission was denied for this request to access the `loopback` address space. @ https://pravrudhi.vercel.app/:0
[ 2140221ms] [ERROR] Failed to load resource: net::ERR_FAILED @ http://localhost:8008/health:0
[ 2142222ms] [ERROR] Access to fetch at 'http://localhost:8008/status' from origin 'https://pravrudhi.vercel.app' has been blocked by CORS policy: Permission was denied for this request to access the `loopback` address space. @ https://pravrudhi.vercel.app/:0
[ 2142222ms] [ERROR] Failed to load resource: net::ERR_FAILED @ http://localhost:8008/status:0
[ 2145221ms] [ERROR] Access to fetch at 'http://localhost:8008/health' from origin 'https://pravrudhi.vercel.app' has been blocked by CORS policy: Permission was denied for this request to access the `loopback` address space. @ https://pravrudhi.vercel.app/:0
[ 2145221ms] [ERROR] Failed to load resource: net::ERR_FAILED @ http://localhost:8008/health:0
[ 2145221ms] [ERROR] Access to fetch at 'http://localhost:8008/status' from origin 'https://pravrudhi.vercel.app' has been blocked by CORS policy: Permission was denied for this request to access the `loopback` address space. @ https://pravrudhi.vercel.app/:0
[ 2145221ms] [ERROR] Failed to load resource: net::ERR_FAILED @ http://localhost:8008/status:0
[ 2148221ms] [ERROR] Access to fetch at 'http://localhost:8008/status' from origin 'https://pravrudhi.vercel.app' has been blocked by CORS policy: Permission was denied for this request to access the `loopback` address space. @ https://pravrudhi.vercel.app/:0
[ 2148222ms] [ERROR] Failed to load resource: net::ERR_FAILED @ http://localhost:8008/status:0
[ 2150221ms] [ERROR] Access to fetch at 'http://localhost:8008/health' from origin 'https://pravrudhi.vercel.app' has been blocked by CORS policy: Permission was denied for this request to access the `loopback` address space. @ https://pravrudhi.vercel.app/:0
[ 2150221ms] [ERROR] Failed to load resource: net::ERR_FAILED @ http://localhost:8008/health:0
[ 2151222ms] [ERROR] Access to fetch at 'http://localhost:8008/status' from origin 'https://pravrudhi.vercel.app' has been blocked by CORS policy: Permission was denied for this request to access the `loopback` address space. @ https://pravrudhi.vercel.app/:0
[ 2151222ms] [ERROR] Failed to load resource: net::ERR_FAILED @ http://localhost:8008/status:0
[ 2154221ms] [ERROR] Access to fetch at 'http://localhost:8008/status' from origin 'https://pravrudhi.vercel.app' has been blocked by CORS policy: Permission was denied for this request to access the `loopback` address space. @ https://pravrudhi.vercel.app/:0
[ 2154222ms] [ERROR] Failed to load resource: net::ERR_FAILED @ http://localhost:8008/status:0
[ 2155221ms] [ERROR] Access to fetch at 'http://localhost:8008/health' from origin 'https://pravrudhi.vercel.app' has been blocked by CORS policy: Permission was denied for this request to access the `loopback` address space. @ https://pravrudhi.vercel.app/:0
[ 2155221ms] [ERROR] Failed to load resource: net::ERR_FAILED @ http://localhost:8008/health:0
[ 2157221ms] [ERROR] Access to fetch at 'http://localhost:8008/status' from origin 'https://pravrudhi.vercel.app' has been blocked by CORS policy: Permission was denied for this request to access the `loopback` address space. @ https://pravrudhi.vercel.app/:0
[ 2157221ms] [ERROR] Failed to load resource: net::ERR_FAILED @ http://localhost:8008/status:0
[ 2160221ms] [ERROR] Access to fetch at 'http://localhost:8008/health' from origin 'https://pravrudhi.vercel.app' has been blocked by CORS policy: Permission was denied for this request to access the `loopback` address space. @ https://pravrudhi.vercel.app/:0
[ 2160221ms] [ERROR] Failed to load resource: net::ERR_FAILED @ http://localhost:8008/health:0
[ 2160221ms] [ERROR] Access to fetch at 'http://localhost:8008/status' from origin 'https://pravrudhi.vercel.app' has been blocked by CORS policy: Permission was denied for this request to access the `loopback` address space. @ https://pravrudhi.vercel.app/:0
[ 2160221ms] [ERROR] Failed to load resource: net::ERR_FAILED @ http://localhost:8008/status:0
[ 2163222ms] [ERROR] Access to fetch at 'http://localhost:8008/status' from origin 'https://pravrudhi.vercel.app' has been blocked by CORS policy: Permission was denied for this request to access the `loopback` address space. @ https://pravrudhi.vercel.app/:0
[ 2163222ms] [ERROR] Failed to load resource: net::ERR_FAILED @ http://localhost:8008/status:0
[ 2165221ms] [ERROR] Access to fetch at 'http://localhost:8008/health' from origin 'https://pravrudhi.vercel.app' has been blocked by CORS policy: Permission was denied for this request to access the `loopback` address space. @ https://pravrudhi.vercel.app/:0
[ 2165221ms] [ERROR] Failed to load resource: net::ERR_FAILED @ http://localhost:8008/health:0
[ 2166221ms] [ERROR] Access to fetch at 'http://localhost:8008/status' from origin 'https://pravrudhi.vercel.app' has been blocked by CORS policy: Permission was denied for this request to access the `loopback` address space. @ https://pravrudhi.vercel.app/:0
[ 2166222ms] [ERROR] Failed to load resource: net::ERR_FAILED @ http://localhost:8008/status:0
[ 2169221ms] [ERROR] Access to fetch at 'http://localhost:8008/status' from origin 'https://pravrudhi.vercel.app' has been blocked by CORS policy: Permission was denied for this request to access the `loopback` address space. @ https://pravrudhi.vercel.app/:0
[ 2169221ms] [ERROR] Failed to load resource: net::ERR_FAILED @ http://localhost:8008/status:0
[ 2170221ms] [ERROR] Access to fetch at 'http://localhost:8008/health' from origin 'https://pravrudhi.vercel.app' has been blocked by CORS policy: Permission was denied for this request to access the `loopback` address space. @ https://pravrudhi.vercel.app/:0
[ 2170221ms] [ERROR] Failed to load resource: net::ERR_FAILED @ http://localhost:8008/health:0
[ 2172222ms] [ERROR] Access to fetch at 'http://localhost:8008/status' from origin 'https://pravrudhi.vercel.app' has been blocked by CORS policy: Permission was denied for this request to access the `loopback` address space. @ https://pravrudhi.vercel.app/:0
[ 2172222ms] [ERROR] Failed to load resource: net::ERR_FAILED @ http://localhost:8008/status:0
[ 2175221ms] [ERROR] Access to fetch at 'http://localhost:8008/health' from origin 'https://pravrudhi.vercel.app' has been blocked by CORS policy: Permission was denied for this request to access the `loopback` address space. @ https://pravrudhi.vercel.app/:0
[ 2175221ms] [ERROR] Failed to load resource: net::ERR_FAILED @ http://localhost:8008/health:0
[ 2175221ms] [ERROR] Access to fetch at 'http://localhost:8008/status' from origin 'https://pravrudhi.vercel.app' has been blocked by CORS policy: Permission was denied for this request to access the `loopback` address space. @ https://pravrudhi.vercel.app/:0
[ 2175221ms] [ERROR] Failed to load resource: net::ERR_FAILED @ http://localhost:8008/status:0
[ 2178221ms] [ERROR] Access to fetch at 'http://localhost:8008/status' from origin 'https://pravrudhi.vercel.app' has been blocked by CORS policy: Permission was denied for this request to access the `loopback` address space. @ https://pravrudhi.vercel.app/:0
[ 2178222ms] [ERROR] Failed to load resource: net::ERR_FAILED @ http://localhost:8008/status:0
[ 2180221ms] [ERROR] Access to fetch at 'http://localhost:8008/health' from origin 'https://pravrudhi.vercel.app' has been blocked by CORS policy: Permission was denied for this request to access the `loopback` address space. @ https://pravrudhi.vercel.app/:0
[ 2180221ms] [ERROR] Failed to load resource: net::ERR_FAILED @ http://localhost:8008/health:0
[ 2181221ms] [ERROR] Access to fetch at 'http://localhost:8008/status' from origin 'https://pravrudhi.vercel.app' has been blocked by CORS policy: Permission was denied for this request to access the `loopback` address space. @ https://pravrudhi.vercel.app/:0
[ 2181221ms] [ERROR] Failed to load resource: net::ERR_FAILED @ http://localhost:8008/status:0
[ 2184222ms] [ERROR] Access to fetch at 'http://localhost:8008/status' from origin 'https://pravrudhi.vercel.app' has been blocked by CORS policy: Permission was denied for this request to access the `loopback` address space. @ https://pravrudhi.vercel.app/:0
[ 2184222ms] [ERROR] Failed to load resource: net::ERR_FAILED @ http://localhost:8008/status:0
[ 2185221ms] [ERROR] Access to fetch at 'http://localhost:8008/health' from origin 'https://pravrudhi.vercel.app' has been blocked by CORS policy: Permission was denied for this request to access the `loopback` address space. @ https://pravrudhi.vercel.app/:0
[ 2185221ms] [ERROR] Failed to load resource: net::ERR_FAILED @ http://localhost:8008/health:0
[ 2187221ms] [ERROR] Access to fetch at 'http://localhost:8008/status' from origin 'https://pravrudhi.vercel.app' has been blocked by CORS policy: Permission was denied for this request to access the `loopback` address space. @ https://pravrudhi.vercel.app/:0
[ 2187221ms] [ERROR] Failed to load resource: net::ERR_FAILED @ http://localhost:8008/status:0
[ 2190221ms] [ERROR] Access to fetch at 'http://localhost:8008/health' from origin 'https://pravrudhi.vercel.app' has been blocked by CORS policy: Permission was denied for this request to access the `loopback` address space. @ https://pravrudhi.vercel.app/:0
[ 2190221ms] [ERROR] Failed to load resource: net::ERR_FAILED @ http://localhost:8008/health:0
[ 2190222ms] [ERROR] Access to fetch at 'http://localhost:8008/status' from origin 'https://pravrudhi.vercel.app' has been blocked by CORS policy: Permission was denied for this request to access the `loopback` address space. @ https://pravrudhi.vercel.app/:0
[ 2190222ms] [ERROR] Failed to load resource: net::ERR_FAILED @ http://localhost:8008/status:0
[ 2193221ms] [ERROR] Access to fetch at 'http://localhost:8008/status' from origin 'https://pravrudhi.vercel.app' has been blocked by CORS policy: Permission was denied for this request to access the `loopback` address space. @ https://pravrudhi.vercel.app/:0
[ 2193221ms] [ERROR] Failed to load resource: net::ERR_FAILED @ http://localhost:8008/status:0
[ 2195221ms] [ERROR] Access to fetch at 'http://localhost:8008/health' from origin 'https://pravrudhi.vercel.app' has been blocked by CORS policy: Permission was denied for this request to access the `loopback` address space. @ https://pravrudhi.vercel.app/:0
[ 2195221ms] [ERROR] Failed to load resource: net::ERR_FAILED @ http://localhost:8008/health:0
[ 2196221ms] [ERROR] Access to fetch at 'http://localhost:8008/status' from origin 'https://pravrudhi.vercel.app' has been blocked by CORS policy: Permission was denied for this request to access the `loopback` address space. @ https://pravrudhi.vercel.app/:0
[ 2196221ms] [ERROR] Failed to load resource: net::ERR_FAILED @ http://localhost:8008/status:0
[ 2199221ms] [ERROR] Access to fetch at 'http://localhost:8008/status' from origin 'https://pravrudhi.vercel.app' has been blocked by CORS policy: Permission was denied for this request to access the `loopback` address space. @ https://pravrudhi.vercel.app/:0
[ 2199221ms] [ERROR] Failed to load resource: net::ERR_FAILED @ http://localhost:8008/status:0
[ 2200221ms] [ERROR] Access to fetch at 'http://localhost:8008/health' from origin 'https://pravrudhi.vercel.app' has been blocked by CORS policy: Permission was denied for this request to access the `loopback` address space. @ https://pravrudhi.vercel.app/:0
[ 2200221ms] [ERROR] Failed to load resource: net::ERR_FAILED @ http://localhost:8008/health:0
[ 2202221ms] [ERROR] Access to fetch at 'http://localhost:8008/status' from origin 'https://pravrudhi.vercel.app' has been blocked by CORS policy: Permission was denied for this request to access the `loopback` address space. @ https://pravrudhi.vercel.app/:0
[ 2202222ms] [ERROR] Failed to load resource: net::ERR_FAILED @ http://localhost:8008/status:0
[ 2205221ms] [ERROR] Access to fetch at 'http://localhost:8008/health' from origin 'https://pravrudhi.vercel.app' has been blocked by CORS policy: Permission was denied for this request to access the `loopback` address space. @ https://pravrudhi.vercel.app/:0
[ 2205221ms] [ERROR] Failed to load resource: net::ERR_FAILED @ http://localhost:8008/health:0
[ 2205221ms] [ERROR] Access to fetch at 'http://localhost:8008/status' from origin 'https://pravrudhi.vercel.app' has been blocked by CORS policy: Permission was denied for this request to access the `loopback` address space. @ https://pravrudhi.vercel.app/:0
[ 2205221ms] [ERROR] Failed to load resource: net::ERR_FAILED @ http://localhost:8008/status:0
[ 2208221ms] [ERROR] Access to fetch at 'http://localhost:8008/status' from origin 'https://pravrudhi.vercel.app' has been blocked by CORS policy: Permission was denied for this request to access the `loopback` address space. @ https://pravrudhi.vercel.app/:0
[ 2208221ms] [ERROR] Failed to load resource: net::ERR_FAILED @ http://localhost:8008/status:0
[ 2210221ms] [ERROR] Access to fetch at 'http://localhost:8008/health' from origin 'https://pravrudhi.vercel.app' has been blocked by CORS policy: Permission was denied for this request to access the `loopback` address space. @ https://pravrudhi.vercel.app/:0
[ 2210221ms] [ERROR] Failed to load resource: net::ERR_FAILED @ http://localhost:8008/health:0
[ 2211221ms] [ERROR] Access to fetch at 'http://localhost:8008/status' from origin 'https://pravrudhi.vercel.app' has been blocked by CORS policy: Permission was denied for this request to access the `loopback` address space. @ https://pravrudhi.vercel.app/:0
[ 2211221ms] [ERROR] Failed to load resource: net::ERR_FAILED @ http://localhost:8008/status:0
[ 2214222ms] [ERROR] Access to fetch at 'http://localhost:8008/status' from origin 'https://pravrudhi.vercel.app' has been blocked by CORS policy: Permission was denied for this request to access the `loopback` address space. @ https://pravrudhi.vercel.app/:0
[ 2214222ms] [ERROR] Failed to load resource: net::ERR_FAILED @ http://localhost:8008/status:0
[ 2215221ms] [ERROR] Access to fetch at 'http://localhost:8008/health' from origin 'https://pravrudhi.vercel.app' has been blocked by CORS policy: Permission was denied for this request to access the `loopback` address space. @ https://pravrudhi.vercel.app/:0
[ 2215221ms] [ERROR] Failed to load resource: net::ERR_FAILED @ http://localhost:8008/health:0
[ 2217221ms] [ERROR] Access to fetch at 'http://localhost:8008/status' from origin 'https://pravrudhi.vercel.app' has been blocked by CORS policy: Permission was denied for this request to access the `loopback` address space. @ https://pravrudhi.vercel.app/:0
[ 2217222ms] [ERROR] Failed to load resource: net::ERR_FAILED @ http://localhost:8008/status:0
[ 2220221ms] [ERROR] Access to fetch at 'http://localhost:8008/health' from origin 'https://pravrudhi.vercel.app' has been blocked by CORS policy: Permission was denied for this request to access the `loopback` address space. @ https://pravrudhi.vercel.app/:0
[ 2220221ms] [ERROR] Failed to load resource: net::ERR_FAILED @ http://localhost:8008/health:0
[ 2220221ms] [ERROR] Access to fetch at 'http://localhost:8008/status' from origin 'https://pravrudhi.vercel.app' has been blocked by CORS policy: Permission was denied for this request to access the `loopback` address space. @ https://pravrudhi.vercel.app/:0
[ 2220221ms] [ERROR] Failed to load resource: net::ERR_FAILED @ http://localhost:8008/status:0
[ 2223222ms] [ERROR] Access to fetch at 'http://localhost:8008/status' from origin 'https://pravrudhi.vercel.app' has been blocked by CORS policy: Permission was denied for this request to access the `loopback` address space. @ https://pravrudhi.vercel.app/:0
[ 2223222ms] [ERROR] Failed to load resource: net::ERR_FAILED @ http://localhost:8008/status:0
[ 2225221ms] [ERROR] Access to fetch at 'http://localhost:8008/health' from origin 'https://pravrudhi.vercel.app' has been blocked by CORS policy: Permission was denied for this request to access the `loopback` address space. @ https://pravrudhi.vercel.app/:0
[ 2225221ms] [ERROR] Failed to load resource: net::ERR_FAILED @ http://localhost:8008/health:0
[ 2226221ms] [ERROR] Access to fetch at 'http://localhost:8008/status' from origin 'https://pravrudhi.vercel.app' has been blocked by CORS policy: Permission was denied for this request to access the `loopback` address space. @ https://pravrudhi.vercel.app/:0
[ 2226222ms] [ERROR] Failed to load resource: net::ERR_FAILED @ http://localhost:8008/status:0
[ 2229221ms] [ERROR] Access to fetch at 'http://localhost:8008/status' from origin 'https://pravrudhi.vercel.app' has been blocked by CORS policy: Permission was denied for this request to access the `loopback` address space. @ https://pravrudhi.vercel.app/:0
[ 2229222ms] [ERROR] Failed to load resource: net::ERR_FAILED @ http://localhost:8008/status:0
[ 2230221ms] [ERROR] Access to fetch at 'http://localhost:8008/health' from origin 'https://pravrudhi.vercel.app' has been blocked by CORS policy: Permission was denied for this request to access the `loopback` address space. @ https://pravrudhi.vercel.app/:0
[ 2230221ms] [ERROR] Failed to load resource: net::ERR_FAILED @ http://localhost:8008/health:0
[ 2232221ms] [ERROR] Access to fetch at 'http://localhost:8008/status' from origin 'https://pravrudhi.vercel.app' has been blocked by CORS policy: Permission was denied for this request to access the `loopback` address space. @ https://pravrudhi.vercel.app/:0
[ 2232221ms] [ERROR] Failed to load resource: net::ERR_FAILED @ http://localhost:8008/status:0
[ 2235221ms] [ERROR] Access to fetch at 'http://localhost:8008/health' from origin 'https://pravrudhi.vercel.app' has been blocked by CORS policy: Permission was denied for this request to access the `loopback` address space. @ https://pravrudhi.vercel.app/:0
[ 2235222ms] [ERROR] Failed to load resource: net::ERR_FAILED @ http://localhost:8008/health:0
[ 2235222ms] [ERROR] Access to fetch at 'http://localhost:8008/status' from origin 'https://pravrudhi.vercel.app' has been blocked by CORS policy: Permission was denied for this request to access the `loopback` address space. @ https://pravrudhi.vercel.app/:0
[ 2235222ms] [ERROR] Failed to load resource: net::ERR_FAILED @ http://localhost:8008/status:0
[ 2238221ms] [ERROR] Access to fetch at 'http://localhost:8008/status' from origin 'https://pravrudhi.vercel.app' has been blocked by CORS policy: Permission was denied for this request to access the `loopback` address space. @ https://pravrudhi.vercel.app/:0
[ 2238221ms] [ERROR] Failed to load resource: net::ERR_FAILED @ http://localhost:8008/status:0
[ 2240221ms] [ERROR] Access to fetch at 'http://localhost:8008/health' from origin 'https://pravrudhi.vercel.app' has been blocked by CORS policy: Permission was denied for this request to access the `loopback` address space. @ https://pravrudhi.vercel.app/:0
[ 2240221ms] [ERROR] Failed to load resource: net::ERR_FAILED @ http://localhost:8008/health:0
[ 2241221ms] [ERROR] Access to fetch at 'http://localhost:8008/status' from origin 'https://pravrudhi.vercel.app' has been blocked by CORS policy: Permission was denied for this request to access the `loopback` address space. @ https://pravrudhi.vercel.app/:0
[ 2241222ms] [ERROR] Failed to load resource: net::ERR_FAILED @ http://localhost:8008/status:0
[ 2244222ms] [ERROR] Access to fetch at 'http://localhost:8008/status' from origin 'https://pravrudhi.vercel.app' has been blocked by CORS policy: Permission was denied for this request to access the `loopback` address space. @ https://pravrudhi.vercel.app/:0
[ 2244222ms] [ERROR] Failed to load resource: net::ERR_FAILED @ http://localhost:8008/status:0
[ 2245221ms] [ERROR] Access to fetch at 'http://localhost:8008/health' from origin 'https://pravrudhi.vercel.app' has been blocked by CORS policy: Permission was denied for this request to access the `loopback` address space. @ https://pravrudhi.vercel.app/:0
[ 2245221ms] [ERROR] Failed to load resource: net::ERR_FAILED @ http://localhost:8008/health:0
[ 2247221ms] [ERROR] Access to fetch at 'http://localhost:8008/status' from origin 'https://pravrudhi.vercel.app' has been blocked by CORS policy: Permission was denied for this request to access the `loopback` address space. @ https://pravrudhi.vercel.app/:0
[ 2247222ms] [ERROR] Failed to load resource: net::ERR_FAILED @ http://localhost:8008/status:0
[ 2250221ms] [ERROR] Access to fetch at 'http://localhost:8008/health' from origin 'https://pravrudhi.vercel.app' has been blocked by CORS policy: Permission was denied for this request to access the `loopback` address space. @ https://pravrudhi.vercel.app/:0
[ 2250221ms] [ERROR] Failed to load resource: net::ERR_FAILED @ http://localhost:8008/health:0
[ 2250221ms] [ERROR] Access to fetch at 'http://localhost:8008/status' from origin 'https://pravrudhi.vercel.app' has been blocked by CORS policy: Permission was denied for this request to access the `loopback` address space. @ https://pravrudhi.vercel.app/:0
[ 2250221ms] [ERROR] Failed to load resource: net::ERR_FAILED @ http://localhost:8008/status:0
[ 2253221ms] [ERROR] Access to fetch at 'http://localhost:8008/status' from origin 'https://pravrudhi.vercel.app' has been blocked by CORS policy: Permission was denied for this request to access the `loopback` address space. @ https://pravrudhi.vercel.app/:0
[ 2253221ms] [ERROR] Failed to load resource: net::ERR_FAILED @ http://localhost:8008/status:0
[ 2255221ms] [ERROR] Access to fetch at 'http://localhost:8008/health' from origin 'https://pravrudhi.vercel.app' has been blocked by CORS policy: Permission was denied for this request to access the `loopback` address space. @ https://pravrudhi.vercel.app/:0
[ 2255221ms] [ERROR] Failed to load resource: net::ERR_FAILED @ http://localhost:8008/health:0
[ 2256222ms] [ERROR] Access to fetch at 'http://localhost:8008/status' from origin 'https://pravrudhi.vercel.app' has been blocked by CORS policy: Permission was denied for this request to access the `loopback` address space. @ https://pravrudhi.vercel.app/:0
[ 2256222ms] [ERROR] Failed to load resource: net::ERR_FAILED @ http://localhost:8008/status:0
[ 2259221ms] [ERROR] Access to fetch at 'http://localhost:8008/status' from origin 'https://pravrudhi.vercel.app' has been blocked by CORS policy: Permission was denied for this request to access the `loopback` address space. @ https://pravrudhi.vercel.app/:0
[ 2259221ms] [ERROR] Failed to load resource: net::ERR_FAILED @ http://localhost:8008/status:0
[ 2260221ms] [ERROR] Access to fetch at 'http://localhost:8008/health' from origin 'https://pravrudhi.vercel.app' has been blocked by CORS policy: Permission was denied for this request to access the `loopback` address space. @ https://pravrudhi.vercel.app/:0
[ 2260221ms] [ERROR] Failed to load resource: net::ERR_FAILED @ http://localhost:8008/health:0
[ 2262221ms] [ERROR] Access to fetch at 'http://localhost:8008/status' from origin 'https://pravrudhi.vercel.app' has been blocked by CORS policy: Permission was denied for this request to access the `loopback` address space. @ https://pravrudhi.vercel.app/:0
[ 2262222ms] [ERROR] Failed to load resource: net::ERR_FAILED @ http://localhost:8008/status:0
[ 2265221ms] [ERROR] Access to fetch at 'http://localhost:8008/health' from origin 'https://pravrudhi.vercel.app' has been blocked by CORS policy: Permission was denied for this request to access the `loopback` address space. @ https://pravrudhi.vercel.app/:0
[ 2265221ms] [ERROR] Failed to load resource: net::ERR_FAILED @ http://localhost:8008/health:0
[ 2265221ms] [ERROR] Access to fetch at 'http://localhost:8008/status' from origin 'https://pravrudhi.vercel.app' has been blocked by CORS policy: Permission was denied for this request to access the `loopback` address space. @ https://pravrudhi.vercel.app/:0
[ 2265221ms] [ERROR] Failed to load resource: net::ERR_FAILED @ http://localhost:8008/status:0
[ 2268222ms] [ERROR] Access to fetch at 'http://localhost:8008/status' from origin 'https://pravrudhi.vercel.app' has been blocked by CORS policy: Permission was denied for this request to access the `loopback` address space. @ https://pravrudhi.vercel.app/:0
[ 2268222ms] [ERROR] Failed to load resource: net::ERR_FAILED @ http://localhost:8008/status:0
[ 2270221ms] [ERROR] Access to fetch at 'http://localhost:8008/health' from origin 'https://pravrudhi.vercel.app' has been blocked by CORS policy: Permission was denied for this request to access the `loopback` address space. @ https://pravrudhi.vercel.app/:0
[ 2270222ms] [ERROR] Failed to load resource: net::ERR_FAILED @ http://localhost:8008/health:0
[ 2271221ms] [ERROR] Access to fetch at 'http://localhost:8008/status' from origin 'https://pravrudhi.vercel.app' has been blocked by CORS policy: Permission was denied for this request to access the `loopback` address space. @ https://pravrudhi.vercel.app/:0
[ 2271222ms] [ERROR] Failed to load resource: net::ERR_FAILED @ http://localhost:8008/status:0
[ 2274221ms] [ERROR] Access to fetch at 'http://localhost:8008/status' from origin 'https://pravrudhi.vercel.app' has been blocked by CORS policy: Permission was denied for this request to access the `loopback` address space. @ https://pravrudhi.vercel.app/:0
[ 2274221ms] [ERROR] Failed to load resource: net::ERR_FAILED @ http://localhost:8008/status:0
[ 2275221ms] [ERROR] Access to fetch at 'http://localhost:8008/health' from origin 'https://pravrudhi.vercel.app' has been blocked by CORS policy: Permission was denied for this request to access the `loopback` address space. @ https://pravrudhi.vercel.app/:0
[ 2275221ms] [ERROR] Failed to load resource: net::ERR_FAILED @ http://localhost:8008/health:0
[ 2277222ms] [ERROR] Access to fetch at 'http://localhost:8008/status' from origin 'https://pravrudhi.vercel.app' has been blocked by CORS policy: Permission was denied for this request to access the `loopback` address space. @ https://pravrudhi.vercel.app/:0
[ 2277222ms] [ERROR] Failed to load resource: net::ERR_FAILED @ http://localhost:8008/status:0
[ 2280221ms] [ERROR] Access to fetch at 'http://localhost:8008/health' from origin 'https://pravrudhi.vercel.app' has been blocked by CORS policy: Permission was denied for this request to access the `loopback` address space. @ https://pravrudhi.vercel.app/:0
[ 2280221ms] [ERROR] Failed to load resource: net::ERR_FAILED @ http://localhost:8008/health:0
[ 2280222ms] [ERROR] Access to fetch at 'http://localhost:8008/status' from origin 'https://pravrudhi.vercel.app' has been blocked by CORS policy: Permission was denied for this request to access the `loopback` address space. @ https://pravrudhi.vercel.app/:0
[ 2280222ms] [ERROR] Failed to load resource: net::ERR_FAILED @ http://localhost:8008/status:0
[ 2283222ms] [ERROR] Access to fetch at 'http://localhost:8008/status' from origin 'https://pravrudhi.vercel.app' has been blocked by CORS policy: Permission was denied for this request to access the `loopback` address space. @ https://pravrudhi.vercel.app/:0
[ 2283222ms] [ERROR] Failed to load resource: net::ERR_FAILED @ http://localhost:8008/status:0
[ 2285221ms] [ERROR] Access to fetch at 'http://localhost:8008/health' from origin 'https://pravrudhi.vercel.app' has been blocked by CORS policy: Permission was denied for this request to access the `loopback` address space. @ https://pravrudhi.vercel.app/:0
[ 2285222ms] [ERROR] Failed to load resource: net::ERR_FAILED @ http://localhost:8008/health:0
[ 2286221ms] [ERROR] Access to fetch at 'http://localhost:8008/status' from origin 'https://pravrudhi.vercel.app' has been blocked by CORS policy: Permission was denied for this request to access the `loopback` address space. @ https://pravrudhi.vercel.app/:0
[ 2286221ms] [ERROR] Failed to load resource: net::ERR_FAILED @ http://localhost:8008/status:0
[ 2289222ms] [ERROR] Access to fetch at 'http://localhost:8008/status' from origin 'https://pravrudhi.vercel.app' has been blocked by CORS policy: Permission was denied for this request to access the `loopback` address space. @ https://pravrudhi.vercel.app/:0
[ 2289222ms] [ERROR] Failed to load resource: net::ERR_FAILED @ http://localhost:8008/status:0
[ 2290221ms] [ERROR] Access to fetch at 'http://localhost:8008/health' from origin 'https://pravrudhi.vercel.app' has been blocked by CORS policy: Permission was denied for this request to access the `loopback` address space. @ https://pravrudhi.vercel.app/:0
[ 2290221ms] [ERROR] Failed to load resource: net::ERR_FAILED @ http://localhost:8008/health:0
[ 2292221ms] [ERROR] Access to fetch at 'http://localhost:8008/status' from origin 'https://pravrudhi.vercel.app' has been blocked by CORS policy: Permission was denied for this request to access the `loopback` address space. @ https://pravrudhi.vercel.app/:0
[ 2292221ms] [ERROR] Failed to load resource: net::ERR_FAILED @ http://localhost:8008/status:0
[ 2295221ms] [ERROR] Access to fetch at 'http://localhost:8008/health' from origin 'https://pravrudhi.vercel.app' has been blocked by CORS policy: Permission was denied for this request to access the `loopback` address space. @ https://pravrudhi.vercel.app/:0
[ 2295221ms] [ERROR] Failed to load resource: net::ERR_FAILED @ http://localhost:8008/health:0
[ 2295222ms] [ERROR] Access to fetch at 'http://localhost:8008/status' from origin 'https://pravrudhi.vercel.app' has been blocked by CORS policy: Permission was denied for this request to access the `loopback` address space. @ https://pravrudhi.vercel.app/:0
[ 2295222ms] [ERROR] Failed to load resource: net::ERR_FAILED @ http://localhost:8008/status:0
[ 2298222ms] [ERROR] Access to fetch at 'http://localhost:8008/status' from origin 'https://pravrudhi.vercel.app' has been blocked by CORS policy: Permission was denied for this request to access the `loopback` address space. @ https://pravrudhi.vercel.app/:0
[ 2298222ms] [ERROR] Failed to load resource: net::ERR_FAILED @ http://localhost:8008/status:0
[ 2300221ms] [ERROR] Access to fetch at 'http://localhost:8008/health' from origin 'https://pravrudhi.vercel.app' has been blocked by CORS policy: Permission was denied for this request to access the `loopback` address space. @ https://pravrudhi.vercel.app/:0
[ 2300221ms] [ERROR] Failed to load resource: net::ERR_FAILED @ http://localhost:8008/health:0
[ 2301222ms] [ERROR] Access to fetch at 'http://localhost:8008/status' from origin 'https://pravrudhi.vercel.app' has been blocked by CORS policy: Permission was denied for this request to access the `loopback` address space. @ https://pravrudhi.vercel.app/:0
[ 2301222ms] [ERROR] Failed to load resource: net::ERR_FAILED @ http://localhost:8008/status:0
[ 2304222ms] [ERROR] Access to fetch at 'http://localhost:8008/status' from origin 'https://pravrudhi.vercel.app' has been blocked by CORS policy: Permission was denied for this request to access the `loopback` address space. @ https://pravrudhi.vercel.app/:0
[ 2304222ms] [ERROR] Failed to load resource: net::ERR_FAILED @ http://localhost:8008/status:0
[ 2305221ms] [ERROR] Access to fetch at 'http://localhost:8008/health' from origin 'https://pravrudhi.vercel.app' has been blocked by CORS policy: Permission was denied for this request to access the `loopback` address space. @ https://pravrudhi.vercel.app/:0
[ 2305221ms] [ERROR] Failed to load resource: net::ERR_FAILED @ http://localhost:8008/health:0
[ 2307221ms] [ERROR] Access to fetch at 'http://localhost:8008/status' from origin 'https://pravrudhi.vercel.app' has been blocked by CORS policy: Permission was denied for this request to access the `loopback` address space. @ https://pravrudhi.vercel.app/:0
[ 2307222ms] [ERROR] Failed to load resource: net::ERR_FAILED @ http://localhost:8008/status:0
[ 2310221ms] [ERROR] Access to fetch at 'http://localhost:8008/health' from origin 'https://pravrudhi.vercel.app' has been blocked by CORS policy: Permission was denied for this request to access the `loopback` address space. @ https://pravrudhi.vercel.app/:0
[ 2310221ms] [ERROR] Failed to load resource: net::ERR_FAILED @ http://localhost:8008/health:0
[ 2310221ms] [ERROR] Access to fetch at 'http://localhost:8008/status' from origin 'https://pravrudhi.vercel.app' has been blocked by CORS policy: Permission was denied for this request to access the `loopback` address space. @ https://pravrudhi.vercel.app/:0
[ 2310221ms] [ERROR] Failed to load resource: net::ERR_FAILED @ http://localhost:8008/status:0
[ 2313222ms] [ERROR] Access to fetch at 'http://localhost:8008/status' from origin 'https://pravrudhi.vercel.app' has been blocked by CORS policy: Permission was denied for this request to access the `loopback` address space. @ https://pravrudhi.vercel.app/:0
[ 2313222ms] [ERROR] Failed to load resource: net::ERR_FAILED @ http://localhost:8008/status:0
[ 2315221ms] [ERROR] Access to fetch at 'http://localhost:8008/health' from origin 'https://pravrudhi.vercel.app' has been blocked by CORS policy: Permission was denied for this request to access the `loopback` address space. @ https://pravrudhi.vercel.app/:0
[ 2315221ms] [ERROR] Failed to load resource: net::ERR_FAILED @ http://localhost:8008/health:0
[ 2316222ms] [ERROR] Access to fetch at 'http://localhost:8008/status' from origin 'https://pravrudhi.vercel.app' has been blocked by CORS policy: Permission was denied for this request to access the `loopback` address space. @ https://pravrudhi.vercel.app/:0
[ 2316222ms] [ERROR] Failed to load resource: net::ERR_FAILED @ http://localhost:8008/status:0
[ 2319221ms] [ERROR] Access to fetch at 'http://localhost:8008/status' from origin 'https://pravrudhi.vercel.app' has been blocked by CORS policy: Permission was denied for this request to access the `loopback` address space. @ https://pravrudhi.vercel.app/:0
[ 2319222ms] [ERROR] Failed to load resource: net::ERR_FAILED @ http://localhost:8008/status:0
[ 2320221ms] [ERROR] Access to fetch at 'http://localhost:8008/health' from origin 'https://pravrudhi.vercel.app' has been blocked by CORS policy: Permission was denied for this request to access the `loopback` address space. @ https://pravrudhi.vercel.app/:0
[ 2320221ms] [ERROR] Failed to load resource: net::ERR_FAILED @ http://localhost:8008/health:0
[ 2322221ms] [ERROR] Access to fetch at 'http://localhost:8008/status' from origin 'https://pravrudhi.vercel.app' has been blocked by CORS policy: Permission was denied for this request to access the `loopback` address space. @ https://pravrudhi.vercel.app/:0
[ 2322222ms] [ERROR] Failed to load resource: net::ERR_FAILED @ http://localhost:8008/status:0
[ 2325221ms] [ERROR] Access to fetch at 'http://localhost:8008/health' from origin 'https://pravrudhi.vercel.app' has been blocked by CORS policy: Permission was denied for this request to access the `loopback` address space. @ https://pravrudhi.vercel.app/:0
[ 2325221ms] [ERROR] Failed to load resource: net::ERR_FAILED @ http://localhost:8008/health:0
[ 2325221ms] [ERROR] Access to fetch at 'http://localhost:8008/status' from origin 'https://pravrudhi.vercel.app' has been blocked by CORS policy: Permission was denied for this request to access the `loopback` address space. @ https://pravrudhi.vercel.app/:0
[ 2325222ms] [ERROR] Failed to load resource: net::ERR_FAILED @ http://localhost:8008/status:0
[ 2328222ms] [ERROR] Access to fetch at 'http://localhost:8008/status' from origin 'https://pravrudhi.vercel.app' has been blocked by CORS policy: Permission was denied for this request to access the `loopback` address space. @ https://pravrudhi.vercel.app/:0
[ 2328222ms] [ERROR] Failed to load resource: net::ERR_FAILED @ http://localhost:8008/status:0
[ 2330221ms] [ERROR] Access to fetch at 'http://localhost:8008/health' from origin 'https://pravrudhi.vercel.app' has been blocked by CORS policy: Permission was denied for this request to access the `loopback` address space. @ https://pravrudhi.vercel.app/:0
[ 2330221ms] [ERROR] Failed to load resource: net::ERR_FAILED @ http://localhost:8008/health:0
[ 2331221ms] [ERROR] Access to fetch at 'http://localhost:8008/status' from origin 'https://pravrudhi.vercel.app' has been blocked by CORS policy: Permission was denied for this request to access the `loopback` address space. @ https://pravrudhi.vercel.app/:0
[ 2331221ms] [ERROR] Failed to load resource: net::ERR_FAILED @ http://localhost:8008/status:0
[ 2334222ms] [ERROR] Access to fetch at 'http://localhost:8008/status' from origin 'https://pravrudhi.vercel.app' has been blocked by CORS policy: Permission was denied for this request to access the `loopback` address space. @ https://pravrudhi.vercel.app/:0
[ 2334222ms] [ERROR] Failed to load resource: net::ERR_FAILED @ http://localhost:8008/status:0
[ 2335221ms] [ERROR] Access to fetch at 'http://localhost:8008/health' from origin 'https://pravrudhi.vercel.app' has been blocked by CORS policy: Permission was denied for this request to access the `loopback` address space. @ https://pravrudhi.vercel.app/:0
[ 2335221ms] [ERROR] Failed to load resource: net::ERR_FAILED @ http://localhost:8008/health:0
[ 2337222ms] [ERROR] Access to fetch at 'http://localhost:8008/status' from origin 'https://pravrudhi.vercel.app' has been blocked by CORS policy: Permission was denied for this request to access the `loopback` address space. @ https://pravrudhi.vercel.app/:0
[ 2337222ms] [ERROR] Failed to load resource: net::ERR_FAILED @ http://localhost:8008/status:0
[ 2340221ms] [ERROR] Access to fetch at 'http://localhost:8008/health' from origin 'https://pravrudhi.vercel.app' has been blocked by CORS policy: Permission was denied for this request to access the `loopback` address space. @ https://pravrudhi.vercel.app/:0
[ 2340221ms] [ERROR] Failed to load resource: net::ERR_FAILED @ http://localhost:8008/health:0
[ 2340221ms] [ERROR] Access to fetch at 'http://localhost:8008/status' from origin 'https://pravrudhi.vercel.app' has been blocked by CORS policy: Permission was denied for this request to access the `loopback` address space. @ https://pravrudhi.vercel.app/:0
[ 2340221ms] [ERROR] Failed to load resource: net::ERR_FAILED @ http://localhost:8008/status:0
[ 2343222ms] [ERROR] Access to fetch at 'http://localhost:8008/status' from origin 'https://pravrudhi.vercel.app' has been blocked by CORS policy: Permission was denied for this request to access the `loopback` address space. @ https://pravrudhi.vercel.app/:0
[ 2343222ms] [ERROR] Failed to load resource: net::ERR_FAILED @ http://localhost:8008/status:0
[ 2345221ms] [ERROR] Access to fetch at 'http://localhost:8008/health' from origin 'https://pravrudhi.vercel.app' has been blocked by CORS policy: Permission was denied for this request to access the `loopback` address space. @ https://pravrudhi.vercel.app/:0
[ 2345221ms] [ERROR] Failed to load resource: net::ERR_FAILED @ http://localhost:8008/health:0
[ 2346221ms] [ERROR] Access to fetch at 'http://localhost:8008/status' from origin 'https://pravrudhi.vercel.app' has been blocked by CORS policy: Permission was denied for this request to access the `loopback` address space. @ https://pravrudhi.vercel.app/:0
[ 2346222ms] [ERROR] Failed to load resource: net::ERR_FAILED @ http://localhost:8008/status:0
[ 2349221ms] [ERROR] Access to fetch at 'http://localhost:8008/status' from origin 'https://pravrudhi.vercel.app' has been blocked by CORS policy: Permission was denied for this request to access the `loopback` address space. @ https://pravrudhi.vercel.app/:0
[ 2349222ms] [ERROR] Failed to load resource: net::ERR_FAILED @ http://localhost:8008/status:0
[ 2350221ms] [ERROR] Access to fetch at 'http://localhost:8008/health' from origin 'https://pravrudhi.vercel.app' has been blocked by CORS policy: Permission was denied for this request to access the `loopback` address space. @ https://pravrudhi.vercel.app/:0
[ 2350221ms] [ERROR] Failed to load resource: net::ERR_FAILED @ http://localhost:8008/health:0
[ 2352222ms] [ERROR] Access to fetch at 'http://localhost:8008/status' from origin 'https://pravrudhi.vercel.app' has been blocked by CORS policy: Permission was denied for this request to access the `loopback` address space. @ https://pravrudhi.vercel.app/:0
[ 2352222ms] [ERROR] Failed to load resource: net::ERR_FAILED @ http://localhost:8008/status:0
[ 2355221ms] [ERROR] Access to fetch at 'http://localhost:8008/health' from origin 'https://pravrudhi.vercel.app' has been blocked by CORS policy: Permission was denied for this request to access the `loopback` address space. @ https://pravrudhi.vercel.app/:0
[ 2355221ms] [ERROR] Failed to load resource: net::ERR_FAILED @ http://localhost:8008/health:0
[ 2355222ms] [ERROR] Access to fetch at 'http://localhost:8008/status' from origin 'https://pravrudhi.vercel.app' has been blocked by CORS policy: Permission was denied for this request to access the `loopback` address space. @ https://pravrudhi.vercel.app/:0
[ 2355222ms] [ERROR] Failed to load resource: net::ERR_FAILED @ http://localhost:8008/status:0
[ 2358222ms] [ERROR] Access to fetch at 'http://localhost:8008/status' from origin 'https://pravrudhi.vercel.app' has been blocked by CORS policy: Permission was denied for this request to access the `loopback` address space. @ https://pravrudhi.vercel.app/:0
[ 2358222ms] [ERROR] Failed to load resource: net::ERR_FAILED @ http://localhost:8008/status:0
[ 2360221ms] [ERROR] Access to fetch at 'http://localhost:8008/health' from origin 'https://pravrudhi.vercel.app' has been blocked by CORS policy: Permission was denied for this request to access the `loopback` address space. @ https://pravrudhi.vercel.app/:0
[ 2360221ms] [ERROR] Failed to load resource: net::ERR_FAILED @ http://localhost:8008/health:0
[ 2361221ms] [ERROR] Access to fetch at 'http://localhost:8008/status' from origin 'https://pravrudhi.vercel.app' has been blocked by CORS policy: Permission was denied for this request to access the `loopback` address space. @ https://pravrudhi.vercel.app/:0
[ 2361222ms] [ERROR] Failed to load resource: net::ERR_FAILED @ http://localhost:8008/status:0
[ 2364222ms] [ERROR] Access to fetch at 'http://localhost:8008/status' from origin 'https://pravrudhi.vercel.app' has been blocked by CORS policy: Permission was denied for this request to access the `loopback` address space. @ https://pravrudhi.vercel.app/:0
[ 2364222ms] [ERROR] Failed to load resource: net::ERR_FAILED @ http://localhost:8008/status:0
[ 2365221ms] [ERROR] Access to fetch at 'http://localhost:8008/health' from origin 'https://pravrudhi.vercel.app' has been blocked by CORS policy: Permission was denied for this request to access the `loopback` address space. @ https://pravrudhi.vercel.app/:0
[ 2365221ms] [ERROR] Failed to load resource: net::ERR_FAILED @ http://localhost:8008/health:0
[ 2367222ms] [ERROR] Access to fetch at 'http://localhost:8008/status' from origin 'https://pravrudhi.vercel.app' has been blocked by CORS policy: Permission was denied for this request to access the `loopback` address space. @ https://pravrudhi.vercel.app/:0
[ 2367222ms] [ERROR] Failed to load resource: net::ERR_FAILED @ http://localhost:8008/status:0
[ 2370221ms] [ERROR] Access to fetch at 'http://localhost:8008/health' from origin 'https://pravrudhi.vercel.app' has been blocked by CORS policy: Permission was denied for this request to access the `loopback` address space. @ https://pravrudhi.vercel.app/:0
[ 2370221ms] [ERROR] Failed to load resource: net::ERR_FAILED @ http://localhost:8008/health:0
[ 2370221ms] [ERROR] Access to fetch at 'http://localhost:8008/status' from origin 'https://pravrudhi.vercel.app' has been blocked by CORS policy: Permission was denied for this request to access the `loopback` address space. @ https://pravrudhi.vercel.app/:0
[ 2370221ms] [ERROR] Failed to load resource: net::ERR_FAILED @ http://localhost:8008/status:0
[ 2373221ms] [ERROR] Access to fetch at 'http://localhost:8008/status' from origin 'https://pravrudhi.vercel.app' has been blocked by CORS policy: Permission was denied for this request to access the `loopback` address space. @ https://pravrudhi.vercel.app/:0
[ 2373222ms] [ERROR] Failed to load resource: net::ERR_FAILED @ http://localhost:8008/status:0
[ 2375221ms] [ERROR] Access to fetch at 'http://localhost:8008/health' from origin 'https://pravrudhi.vercel.app' has been blocked by CORS policy: Permission was denied for this request to access the `loopback` address space. @ https://pravrudhi.vercel.app/:0
[ 2375221ms] [ERROR] Failed to load resource: net::ERR_FAILED @ http://localhost:8008/health:0
[ 2376221ms] [ERROR] Access to fetch at 'http://localhost:8008/status' from origin 'https://pravrudhi.vercel.app' has been blocked by CORS policy: Permission was denied for this request to access the `loopback` address space. @ https://pravrudhi.vercel.app/:0
[ 2376221ms] [ERROR] Failed to load resource: net::ERR_FAILED @ http://localhost:8008/status:0
[ 2379222ms] [ERROR] Access to fetch at 'http://localhost:8008/status' from origin 'https://pravrudhi.vercel.app' has been blocked by CORS policy: Permission was denied for this request to access the `loopback` address space. @ https://pravrudhi.vercel.app/:0
[ 2379222ms] [ERROR] Failed to load resource: net::ERR_FAILED @ http://localhost:8008/status:0
[ 2380221ms] [ERROR] Access to fetch at 'http://localhost:8008/health' from origin 'https://pravrudhi.vercel.app' has been blocked by CORS policy: Permission was denied for this request to access the `loopback` address space. @ https://pravrudhi.vercel.app/:0
[ 2380221ms] [ERROR] Failed to load resource: net::ERR_FAILED @ http://localhost:8008/health:0
[ 2382222ms] [ERROR] Access to fetch at 'http://localhost:8008/status' from origin 'https://pravrudhi.vercel.app' has been blocked by CORS policy: Permission was denied for this request to access the `loopback` address space. @ https://pravrudhi.vercel.app/:0
[ 2382222ms] [ERROR] Failed to load resource: net::ERR_FAILED @ http://localhost:8008/status:0
[ 2385221ms] [ERROR] Access to fetch at 'http://localhost:8008/health' from origin 'https://pravrudhi.vercel.app' has been blocked by CORS policy: Permission was denied for this request to access the `loopback` address space. @ https://pravrudhi.vercel.app/:0
[ 2385221ms] [ERROR] Failed to load resource: net::ERR_FAILED @ http://localhost:8008/health:0
[ 2385221ms] [ERROR] Access to fetch at 'http://localhost:8008/status' from origin 'https://pravrudhi.vercel.app' has been blocked by CORS policy: Permission was denied for this request to access the `loopback` address space. @ https://pravrudhi.vercel.app/:0
[ 2385221ms] [ERROR] Failed to load resource: net::ERR_FAILED @ http://localhost:8008/status:0
[ 2388222ms] [ERROR] Access to fetch at 'http://localhost:8008/status' from origin 'https://pravrudhi.vercel.app' has been blocked by CORS policy: Permission was denied for this request to access the `loopback` address space. @ https://pravrudhi.vercel.app/:0
[ 2388222ms] [ERROR] Failed to load resource: net::ERR_FAILED @ http://localhost:8008/status:0
[ 2390221ms] [ERROR] Access to fetch at 'http://localhost:8008/health' from origin 'https://pravrudhi.vercel.app' has been blocked by CORS policy: Permission was denied for this request to access the `loopback` address space. @ https://pravrudhi.vercel.app/:0
[ 2390221ms] [ERROR] Failed to load resource: net::ERR_FAILED @ http://localhost:8008/health:0
[ 2391221ms] [ERROR] Access to fetch at 'http://localhost:8008/status' from origin 'https://pravrudhi.vercel.app' has been blocked by CORS policy: Permission was denied for this request to access the `loopback` address space. @ https://pravrudhi.vercel.app/:0
[ 2391221ms] [ERROR] Failed to load resource: net::ERR_FAILED @ http://localhost:8008/status:0
[ 2394222ms] [ERROR] Access to fetch at 'http://localhost:8008/status' from origin 'https://pravrudhi.vercel.app' has been blocked by CORS policy: Permission was denied for this request to access the `loopback` address space. @ https://pravrudhi.vercel.app/:0
[ 2394222ms] [ERROR] Failed to load resource: net::ERR_FAILED @ http://localhost:8008/status:0
[ 2395221ms] [ERROR] Access to fetch at 'http://localhost:8008/health' from origin 'https://pravrudhi.vercel.app' has been blocked by CORS policy: Permission was denied for this request to access the `loopback` address space. @ https://pravrudhi.vercel.app/:0
[ 2395221ms] [ERROR] Failed to load resource: net::ERR_FAILED @ http://localhost:8008/health:0
[ 2397221ms] [ERROR] Access to fetch at 'http://localhost:8008/status' from origin 'https://pravrudhi.vercel.app' has been blocked by CORS policy: Permission was denied for this request to access the `loopback` address space. @ https://pravrudhi.vercel.app/:0
[ 2397221ms] [ERROR] Failed to load resource: net::ERR_FAILED @ http://localhost:8008/status:0
[ 2400221ms] [ERROR] Access to fetch at 'http://localhost:8008/health' from origin 'https://pravrudhi.vercel.app' has been blocked by CORS policy: Permission was denied for this request to access the `loopback` address space. @ https://pravrudhi.vercel.app/:0
[ 2400221ms] [ERROR] Failed to load resource: net::ERR_FAILED @ http://localhost:8008/health:0
[ 2400221ms] [ERROR] Access to fetch at 'http://localhost:8008/status' from origin 'https://pravrudhi.vercel.app' has been blocked by CORS policy: Permission was denied for this request to access the `loopback` address space. @ https://pravrudhi.vercel.app/:0
[ 2400221ms] [ERROR] Failed to load resource: net::ERR_FAILED @ http://localhost:8008/status:0
[ 2403221ms] [ERROR] Access to fetch at 'http://localhost:8008/status' from origin 'https://pravrudhi.vercel.app' has been blocked by CORS policy: Permission was denied for this request to access the `loopback` address space. @ https://pravrudhi.vercel.app/:0
[ 2403221ms] [ERROR] Failed to load resource: net::ERR_FAILED @ http://localhost:8008/status:0
[ 2405221ms] [ERROR] Access to fetch at 'http://localhost:8008/health' from origin 'https://pravrudhi.vercel.app' has been blocked by CORS policy: Permission was denied for this request to access the `loopback` address space. @ https://pravrudhi.vercel.app/:0
[ 2405221ms] [ERROR] Failed to load resource: net::ERR_FAILED @ http://localhost:8008/health:0
[ 2406222ms] [ERROR] Access to fetch at 'http://localhost:8008/status' from origin 'https://pravrudhi.vercel.app' has been blocked by CORS policy: Permission was denied for this request to access the `loopback` address space. @ https://pravrudhi.vercel.app/:0
[ 2406222ms] [ERROR] Failed to load resource: net::ERR_FAILED @ http://localhost:8008/status:0
[ 2409222ms] [ERROR] Access to fetch at 'http://localhost:8008/status' from origin 'https://pravrudhi.vercel.app' has been blocked by CORS policy: Permission was denied for this request to access the `loopback` address space. @ https://pravrudhi.vercel.app/:0
[ 2409222ms] [ERROR] Failed to load resource: net::ERR_FAILED @ http://localhost:8008/status:0
[ 2410221ms] [ERROR] Access to fetch at 'http://localhost:8008/health' from origin 'https://pravrudhi.vercel.app' has been blocked by CORS policy: Permission was denied for this request to access the `loopback` address space. @ https://pravrudhi.vercel.app/:0
[ 2410221ms] [ERROR] Failed to load resource: net::ERR_FAILED @ http://localhost:8008/health:0
[ 2412222ms] [ERROR] Access to fetch at 'http://localhost:8008/status' from origin 'https://pravrudhi.vercel.app' has been blocked by CORS policy: Permission was denied for this request to access the `loopback` address space. @ https://pravrudhi.vercel.app/:0
[ 2412222ms] [ERROR] Failed to load resource: net::ERR_FAILED @ http://localhost:8008/status:0
[ 2415221ms] [ERROR] Access to fetch at 'http://localhost:8008/health' from origin 'https://pravrudhi.vercel.app' has been blocked by CORS policy: Permission was denied for this request to access the `loopback` address space. @ https://pravrudhi.vercel.app/:0
[ 2415221ms] [ERROR] Failed to load resource: net::ERR_FAILED @ http://localhost:8008/health:0
[ 2415221ms] [ERROR] Access to fetch at 'http://localhost:8008/status' from origin 'https://pravrudhi.vercel.app' has been blocked by CORS policy: Permission was denied for this request to access the `loopback` address space. @ https://pravrudhi.vercel.app/:0
[ 2415221ms] [ERROR] Failed to load resource: net::ERR_FAILED @ http://localhost:8008/status:0
[ 2418221ms] [ERROR] Access to fetch at 'http://localhost:8008/status' from origin 'https://pravrudhi.vercel.app' has been blocked by CORS policy: Permission was denied for this request to access the `loopback` address space. @ https://pravrudhi.vercel.app/:0
[ 2418221ms] [ERROR] Failed to load resource: net::ERR_FAILED @ http://localhost:8008/status:0
[ 2420221ms] [ERROR] Access to fetch at 'http://localhost:8008/health' from origin 'https://pravrudhi.vercel.app' has been blocked by CORS policy: Permission was denied for this request to access the `loopback` address space. @ https://pravrudhi.vercel.app/:0
[ 2420221ms] [ERROR] Failed to load resource: net::ERR_FAILED @ http://localhost:8008/health:0
[ 2421221ms] [ERROR] Access to fetch at 'http://localhost:8008/status' from origin 'https://pravrudhi.vercel.app' has been blocked by CORS policy: Permission was denied for this request to access the `loopback` address space. @ https://pravrudhi.vercel.app/:0
[ 2421221ms] [ERROR] Failed to load resource: net::ERR_FAILED @ http://localhost:8008/status:0
[ 2424222ms] [ERROR] Access to fetch at 'http://localhost:8008/status' from origin 'https://pravrudhi.vercel.app' has been blocked by CORS policy: Permission was denied for this request to access the `loopback` address space. @ https://pravrudhi.vercel.app/:0
[ 2424222ms] [ERROR] Failed to load resource: net::ERR_FAILED @ http://localhost:8008/status:0
[ 2425221ms] [ERROR] Access to fetch at 'http://localhost:8008/health' from origin 'https://pravrudhi.vercel.app' has been blocked by CORS policy: Permission was denied for this request to access the `loopback` address space. @ https://pravrudhi.vercel.app/:0
[ 2425221ms] [ERROR] Failed to load resource: net::ERR_FAILED @ http://localhost:8008/health:0
[ 2427222ms] [ERROR] Access to fetch at 'http://localhost:8008/status' from origin 'https://pravrudhi.vercel.app' has been blocked by CORS policy: Permission was denied for this request to access the `loopback` address space. @ https://pravrudhi.vercel.app/:0
[ 2427222ms] [ERROR] Failed to load resource: net::ERR_FAILED @ http://localhost:8008/status:0
[ 2430221ms] [ERROR] Access to fetch at 'http://localhost:8008/health' from origin 'https://pravrudhi.vercel.app' has been blocked by CORS policy: Permission was denied for this request to access the `loopback` address space. @ https://pravrudhi.vercel.app/:0
[ 2430221ms] [ERROR] Failed to load resource: net::ERR_FAILED @ http://localhost:8008/health:0
[ 2430222ms] [ERROR] Access to fetch at 'http://localhost:8008/status' from origin 'https://pravrudhi.vercel.app' has been blocked by CORS policy: Permission was denied for this request to access the `loopback` address space. @ https://pravrudhi.vercel.app/:0
[ 2430222ms] [ERROR] Failed to load resource: net::ERR_FAILED @ http://localhost:8008/status:0
[ 2433222ms] [ERROR] Access to fetch at 'http://localhost:8008/status' from origin 'https://pravrudhi.vercel.app' has been blocked by CORS policy: Permission was denied for this request to access the `loopback` address space. @ https://pravrudhi.vercel.app/:0
[ 2433222ms] [ERROR] Failed to load resource: net::ERR_FAILED @ http://localhost:8008/status:0
[ 2435221ms] [ERROR] Access to fetch at 'http://localhost:8008/health' from origin 'https://pravrudhi.vercel.app' has been blocked by CORS policy: Permission was denied for this request to access the `loopback` address space. @ https://pravrudhi.vercel.app/:0
[ 2435221ms] [ERROR] Failed to load resource: net::ERR_FAILED @ http://localhost:8008/health:0
[ 2436222ms] [ERROR] Access to fetch at 'http://localhost:8008/status' from origin 'https://pravrudhi.vercel.app' has been blocked by CORS policy: Permission was denied for this request to access the `loopback` address space. @ https://pravrudhi.vercel.app/:0
[ 2436222ms] [ERROR] Failed to load resource: net::ERR_FAILED @ http://localhost:8008/status:0
[ 2439221ms] [ERROR] Access to fetch at 'http://localhost:8008/status' from origin 'https://pravrudhi.vercel.app' has been blocked by CORS policy: Permission was denied for this request to access the `loopback` address space. @ https://pravrudhi.vercel.app/:0
[ 2439222ms] [ERROR] Failed to load resource: net::ERR_FAILED @ http://localhost:8008/status:0
[ 2440221ms] [ERROR] Access to fetch at 'http://localhost:8008/health' from origin 'https://pravrudhi.vercel.app' has been blocked by CORS policy: Permission was denied for this request to access the `loopback` address space. @ https://pravrudhi.vercel.app/:0
[ 2440221ms] [ERROR] Failed to load resource: net::ERR_FAILED @ http://localhost:8008/health:0
[ 2442222ms] [ERROR] Access to fetch at 'http://localhost:8008/status' from origin 'https://pravrudhi.vercel.app' has been blocked by CORS policy: Permission was denied for this request to access the `loopback` address space. @ https://pravrudhi.vercel.app/:0
[ 2442222ms] [ERROR] Failed to load resource: net::ERR_FAILED @ http://localhost:8008/status:0
[ 2445221ms] [ERROR] Access to fetch at 'http://localhost:8008/health' from origin 'https://pravrudhi.vercel.app' has been blocked by CORS policy: Permission was denied for this request to access the `loopback` address space. @ https://pravrudhi.vercel.app/:0
[ 2445221ms] [ERROR] Failed to load resource: net::ERR_FAILED @ http://localhost:8008/health:0
[ 2445221ms] [ERROR] Access to fetch at 'http://localhost:8008/status' from origin 'https://pravrudhi.vercel.app' has been blocked by CORS policy: Permission was denied for this request to access the `loopback` address space. @ https://pravrudhi.vercel.app/:0
[ 2445221ms] [ERROR] Failed to load resource: net::ERR_FAILED @ http://localhost:8008/status:0
[ 2448222ms] [ERROR] Access to fetch at 'http://localhost:8008/status' from origin 'https://pravrudhi.vercel.app' has been blocked by CORS policy: Permission was denied for this request to access the `loopback` address space. @ https://pravrudhi.vercel.app/:0
[ 2448222ms] [ERROR] Failed to load resource: net::ERR_FAILED @ http://localhost:8008/status:0
[ 2450221ms] [ERROR] Access to fetch at 'http://localhost:8008/health' from origin 'https://pravrudhi.vercel.app' has been blocked by CORS policy: Permission was denied for this request to access the `loopback` address space. @ https://pravrudhi.vercel.app/:0
[ 2450221ms] [ERROR] Failed to load resource: net::ERR_FAILED @ http://localhost:8008/health:0
[ 2451221ms] [ERROR] Access to fetch at 'http://localhost:8008/status' from origin 'https://pravrudhi.vercel.app' has been blocked by CORS policy: Permission was denied for this request to access the `loopback` address space. @ https://pravrudhi.vercel.app/:0
[ 2451221ms] [ERROR] Failed to load resource: net::ERR_FAILED @ http://localhost:8008/status:0
[ 2454221ms] [ERROR] Access to fetch at 'http://localhost:8008/status' from origin 'https://pravrudhi.vercel.app' has been blocked by CORS policy: Permission was denied for this request to access the `loopback` address space. @ https://pravrudhi.vercel.app/:0
[ 2454222ms] [ERROR] Failed to load resource: net::ERR_FAILED @ http://localhost:8008/status:0
[ 2455221ms] [ERROR] Access to fetch at 'http://localhost:8008/health' from origin 'https://pravrudhi.vercel.app' has been blocked by CORS policy: Permission was denied for this request to access the `loopback` address space. @ https://pravrudhi.vercel.app/:0
[ 2455221ms] [ERROR] Failed to load resource: net::ERR_FAILED @ http://localhost:8008/health:0
[ 2457222ms] [ERROR] Access to fetch at 'http://localhost:8008/status' from origin 'https://pravrudhi.vercel.app' has been blocked by CORS policy: Permission was denied for this request to access the `loopback` address space. @ https://pravrudhi.vercel.app/:0
[ 2457222ms] [ERROR] Failed to load resource: net::ERR_FAILED @ http://localhost:8008/status:0
[ 2460221ms] [ERROR] Access to fetch at 'http://localhost:8008/health' from origin 'https://pravrudhi.vercel.app' has been blocked by CORS policy: Permission was denied for this request to access the `loopback` address space. @ https://pravrudhi.vercel.app/:0
[ 2460221ms] [ERROR] Failed to load resource: net::ERR_FAILED @ http://localhost:8008/health:0
[ 2460221ms] [ERROR] Access to fetch at 'http://localhost:8008/status' from origin 'https://pravrudhi.vercel.app' has been blocked by CORS policy: Permission was denied for this request to access the `loopback` address space. @ https://pravrudhi.vercel.app/:0
[ 2460221ms] [ERROR] Failed to load resource: net::ERR_FAILED @ http://localhost:8008/status:0
[ 2463221ms] [ERROR] Access to fetch at 'http://localhost:8008/status' from origin 'https://pravrudhi.vercel.app' has been blocked by CORS policy: Permission was denied for this request to access the `loopback` address space. @ https://pravrudhi.vercel.app/:0
[ 2463222ms] [ERROR] Failed to load resource: net::ERR_FAILED @ http://localhost:8008/status:0
[ 2465221ms] [ERROR] Access to fetch at 'http://localhost:8008/health' from origin 'https://pravrudhi.vercel.app' has been blocked by CORS policy: Permission was denied for this request to access the `loopback` address space. @ https://pravrudhi.vercel.app/:0
[ 2465221ms] [ERROR] Failed to load resource: net::ERR_FAILED @ http://localhost:8008/health:0
[ 2466221ms] [ERROR] Access to fetch at 'http://localhost:8008/status' from origin 'https://pravrudhi.vercel.app' has been blocked by CORS policy: Permission was denied for this request to access the `loopback` address space. @ https://pravrudhi.vercel.app/:0
[ 2466221ms] [ERROR] Failed to load resource: net::ERR_FAILED @ http://localhost:8008/status:0
[ 2469221ms] [ERROR] Access to fetch at 'http://localhost:8008/status' from origin 'https://pravrudhi.vercel.app' has been blocked by CORS policy: Permission was denied for this request to access the `loopback` address space. @ https://pravrudhi.vercel.app/:0
[ 2469221ms] [ERROR] Failed to load resource: net::ERR_FAILED @ http://localhost:8008/status:0
[ 2470221ms] [ERROR] Access to fetch at 'http://localhost:8008/health' from origin 'https://pravrudhi.vercel.app' has been blocked by CORS policy: Permission was denied for this request to access the `loopback` address space. @ https://pravrudhi.vercel.app/:0
[ 2470221ms] [ERROR] Failed to load resource: net::ERR_FAILED @ http://localhost:8008/health:0
[ 2472222ms] [ERROR] Access to fetch at 'http://localhost:8008/status' from origin 'https://pravrudhi.vercel.app' has been blocked by CORS policy: Permission was denied for this request to access the `loopback` address space. @ https://pravrudhi.vercel.app/:0
[ 2472222ms] [ERROR] Failed to load resource: net::ERR_FAILED @ http://localhost:8008/status:0
[ 2475221ms] [ERROR] Access to fetch at 'http://localhost:8008/health' from origin 'https://pravrudhi.vercel.app' has been blocked by CORS policy: Permission was denied for this request to access the `loopback` address space. @ https://pravrudhi.vercel.app/:0
[ 2475221ms] [ERROR] Failed to load resource: net::ERR_FAILED @ http://localhost:8008/health:0
[ 2475221ms] [ERROR] Access to fetch at 'http://localhost:8008/status' from origin 'https://pravrudhi.vercel.app' has been blocked by CORS policy: Permission was denied for this request to access the `loopback` address space. @ https://pravrudhi.vercel.app/:0
[ 2475221ms] [ERROR] Failed to load resource: net::ERR_FAILED @ http://localhost:8008/status:0
[ 2478221ms] [ERROR] Access to fetch at 'http://localhost:8008/status' from origin 'https://pravrudhi.vercel.app' has been blocked by CORS policy: Permission was denied for this request to access the `loopback` address space. @ https://pravrudhi.vercel.app/:0
[ 2478221ms] [ERROR] Failed to load resource: net::ERR_FAILED @ http://localhost:8008/status:0
[ 2480221ms] [ERROR] Access to fetch at 'http://localhost:8008/health' from origin 'https://pravrudhi.vercel.app' has been blocked by CORS policy: Permission was denied for this request to access the `loopback` address space. @ https://pravrudhi.vercel.app/:0
[ 2480221ms] [ERROR] Failed to load resource: net::ERR_FAILED @ http://localhost:8008/health:0
[ 2481221ms] [ERROR] Access to fetch at 'http://localhost:8008/status' from origin 'https://pravrudhi.vercel.app' has been blocked by CORS policy: Permission was denied for this request to access the `loopback` address space. @ https://pravrudhi.vercel.app/:0
[ 2481221ms] [ERROR] Failed to load resource: net::ERR_FAILED @ http://localhost:8008/status:0
[ 2484221ms] [ERROR] Access to fetch at 'http://localhost:8008/status' from origin 'https://pravrudhi.vercel.app' has been blocked by CORS policy: Permission was denied for this request to access the `loopback` address space. @ https://pravrudhi.vercel.app/:0
[ 2484221ms] [ERROR] Failed to load resource: net::ERR_FAILED @ http://localhost:8008/status:0
[ 2485221ms] [ERROR] Access to fetch at 'http://localhost:8008/health' from origin 'https://pravrudhi.vercel.app' has been blocked by CORS policy: Permission was denied for this request to access the `loopback` address space. @ https://pravrudhi.vercel.app/:0
[ 2485221ms] [ERROR] Failed to load resource: net::ERR_FAILED @ http://localhost:8008/health:0
[ 2487221ms] [ERROR] Access to fetch at 'http://localhost:8008/status' from origin 'https://pravrudhi.vercel.app' has been blocked by CORS policy: Permission was denied for this request to access the `loopback` address space. @ https://pravrudhi.vercel.app/:0
[ 2487221ms] [ERROR] Failed to load resource: net::ERR_FAILED @ http://localhost:8008/status:0
[ 2490221ms] [ERROR] Access to fetch at 'http://localhost:8008/health' from origin 'https://pravrudhi.vercel.app' has been blocked by CORS policy: Permission was denied for this request to access the `loopback` address space. @ https://pravrudhi.vercel.app/:0
[ 2490221ms] [ERROR] Failed to load resource: net::ERR_FAILED @ http://localhost:8008/health:0
[ 2490222ms] [ERROR] Access to fetch at 'http://localhost:8008/status' from origin 'https://pravrudhi.vercel.app' has been blocked by CORS policy: Permission was denied for this request to access the `loopback` address space. @ https://pravrudhi.vercel.app/:0
[ 2490222ms] [ERROR] Failed to load resource: net::ERR_FAILED @ http://localhost:8008/status:0
[ 2493221ms] [ERROR] Access to fetch at 'http://localhost:8008/status' from origin 'https://pravrudhi.vercel.app' has been blocked by CORS policy: Permission was denied for this request to access the `loopback` address space. @ https://pravrudhi.vercel.app/:0
[ 2493222ms] [ERROR] Failed to load resource: net::ERR_FAILED @ http://localhost:8008/status:0
[ 2495221ms] [ERROR] Access to fetch at 'http://localhost:8008/health' from origin 'https://pravrudhi.vercel.app' has been blocked by CORS policy: Permission was denied for this request to access the `loopback` address space. @ https://pravrudhi.vercel.app/:0
[ 2495221ms] [ERROR] Failed to load resource: net::ERR_FAILED @ http://localhost:8008/health:0
[ 2496222ms] [ERROR] Access to fetch at 'http://localhost:8008/status' from origin 'https://pravrudhi.vercel.app' has been blocked by CORS policy: Permission was denied for this request to access the `loopback` address space. @ https://pravrudhi.vercel.app/:0
[ 2496222ms] [ERROR] Failed to load resource: net::ERR_FAILED @ http://localhost:8008/status:0
[ 2499221ms] [ERROR] Access to fetch at 'http://localhost:8008/status' from origin 'https://pravrudhi.vercel.app' has been blocked by CORS policy: Permission was denied for this request to access the `loopback` address space. @ https://pravrudhi.vercel.app/:0
[ 2499221ms] [ERROR] Failed to load resource: net::ERR_FAILED @ http://localhost:8008/status:0
[ 2500221ms] [ERROR] Access to fetch at 'http://localhost:8008/health' from origin 'https://pravrudhi.vercel.app' has been blocked by CORS policy: Permission was denied for this request to access the `loopback` address space. @ https://pravrudhi.vercel.app/:0
[ 2500221ms] [ERROR] Failed to load resource: net::ERR_FAILED @ http://localhost:8008/health:0
[ 2502221ms] [ERROR] Access to fetch at 'http://localhost:8008/status' from origin 'https://pravrudhi.vercel.app' has been blocked by CORS policy: Permission was denied for this request to access the `loopback` address space. @ https://pravrudhi.vercel.app/:0
[ 2502221ms] [ERROR] Failed to load resource: net::ERR_FAILED @ http://localhost:8008/status:0
[ 2505221ms] [ERROR] Access to fetch at 'http://localhost:8008/health' from origin 'https://pravrudhi.vercel.app' has been blocked by CORS policy: Permission was denied for this request to access the `loopback` address space. @ https://pravrudhi.vercel.app/:0
[ 2505221ms] [ERROR] Failed to load resource: net::ERR_FAILED @ http://localhost:8008/health:0
[ 2505222ms] [ERROR] Access to fetch at 'http://localhost:8008/status' from origin 'https://pravrudhi.vercel.app' has been blocked by CORS policy: Permission was denied for this request to access the `loopback` address space. @ https://pravrudhi.vercel.app/:0
[ 2505222ms] [ERROR] Failed to load resource: net::ERR_FAILED @ http://localhost:8008/status:0
[ 2508221ms] [ERROR] Access to fetch at 'http://localhost:8008/status' from origin 'https://pravrudhi.vercel.app' has been blocked by CORS policy: Permission was denied for this request to access the `loopback` address space. @ https://pravrudhi.vercel.app/:0
[ 2508221ms] [ERROR] Failed to load resource: net::ERR_FAILED @ http://localhost:8008/status:0
[ 2510221ms] [ERROR] Access to fetch at 'http://localhost:8008/health' from origin 'https://pravrudhi.vercel.app' has been blocked by CORS policy: Permission was denied for this request to access the `loopback` address space. @ https://pravrudhi.vercel.app/:0
[ 2510221ms] [ERROR] Failed to load resource: net::ERR_FAILED @ http://localhost:8008/health:0
[ 2511222ms] [ERROR] Access to fetch at 'http://localhost:8008/status' from origin 'https://pravrudhi.vercel.app' has been blocked by CORS policy: Permission was denied for this request to access the `loopback` address space. @ https://pravrudhi.vercel.app/:0
[ 2511222ms] [ERROR] Failed to load resource: net::ERR_FAILED @ http://localhost:8008/status:0
[ 2514222ms] [ERROR] Access to fetch at 'http://localhost:8008/status' from origin 'https://pravrudhi.vercel.app' has been blocked by CORS policy: Permission was denied for this request to access the `loopback` address space. @ https://pravrudhi.vercel.app/:0
[ 2514222ms] [ERROR] Failed to load resource: net::ERR_FAILED @ http://localhost:8008/status:0
[ 2515221ms] [ERROR] Access to fetch at 'http://localhost:8008/health' from origin 'https://pravrudhi.vercel.app' has been blocked by CORS policy: Permission was denied for this request to access the `loopback` address space. @ https://pravrudhi.vercel.app/:0
[ 2515221ms] [ERROR] Failed to load resource: net::ERR_FAILED @ http://localhost:8008/health:0
[ 2517221ms] [ERROR] Access to fetch at 'http://localhost:8008/status' from origin 'https://pravrudhi.vercel.app' has been blocked by CORS policy: Permission was denied for this request to access the `loopback` address space. @ https://pravrudhi.vercel.app/:0
[ 2517221ms] [ERROR] Failed to load resource: net::ERR_FAILED @ http://localhost:8008/status:0
[ 2520221ms] [ERROR] Access to fetch at 'http://localhost:8008/health' from origin 'https://pravrudhi.vercel.app' has been blocked by CORS policy: Permission was denied for this request to access the `loopback` address space. @ https://pravrudhi.vercel.app/:0
[ 2520221ms] [ERROR] Failed to load resource: net::ERR_FAILED @ http://localhost:8008/health:0
[ 2520221ms] [ERROR] Access to fetch at 'http://localhost:8008/status' from origin 'https://pravrudhi.vercel.app' has been blocked by CORS policy: Permission was denied for this request to access the `loopback` address space. @ https://pravrudhi.vercel.app/:0
[ 2520221ms] [ERROR] Failed to load resource: net::ERR_FAILED @ http://localhost:8008/status:0
[ 2523221ms] [ERROR] Access to fetch at 'http://localhost:8008/status' from origin 'https://pravrudhi.vercel.app' has been blocked by CORS policy: Permission was denied for this request to access the `loopback` address space. @ https://pravrudhi.vercel.app/:0
[ 2523221ms] [ERROR] Failed to load resource: net::ERR_FAILED @ http://localhost:8008/status:0
[ 2525221ms] [ERROR] Access to fetch at 'http://localhost:8008/health' from origin 'https://pravrudhi.vercel.app' has been blocked by CORS policy: Permission was denied for this request to access the `loopback` address space. @ https://pravrudhi.vercel.app/:0
[ 2525221ms] [ERROR] Failed to load resource: net::ERR_FAILED @ http://localhost:8008/health:0
[ 2526222ms] [ERROR] Access to fetch at 'http://localhost:8008/status' from origin 'https://pravrudhi.vercel.app' has been blocked by CORS policy: Permission was denied for this request to access the `loopback` address space. @ https://pravrudhi.vercel.app/:0
[ 2526222ms] [ERROR] Failed to load resource: net::ERR_FAILED @ http://localhost:8008/status:0
[ 2529221ms] [ERROR] Access to fetch at 'http://localhost:8008/status' from origin 'https://pravrudhi.vercel.app' has been blocked by CORS policy: Permission was denied for this request to access the `loopback` address space. @ https://pravrudhi.vercel.app/:0
[ 2529221ms] [ERROR] Failed to load resource: net::ERR_FAILED @ http://localhost:8008/status:0
[ 2530221ms] [ERROR] Access to fetch at 'http://localhost:8008/health' from origin 'https://pravrudhi.vercel.app' has been blocked by CORS policy: Permission was denied for this request to access the `loopback` address space. @ https://pravrudhi.vercel.app/:0
[ 2530221ms] [ERROR] Failed to load resource: net::ERR_FAILED @ http://localhost:8008/health:0
[ 2532221ms] [ERROR] Access to fetch at 'http://localhost:8008/status' from origin 'https://pravrudhi.vercel.app' has been blocked by CORS policy: Permission was denied for this request to access the `loopback` address space. @ https://pravrudhi.vercel.app/:0
[ 2532222ms] [ERROR] Failed to load resource: net::ERR_FAILED @ http://localhost:8008/status:0
[ 2535221ms] [ERROR] Access to fetch at 'http://localhost:8008/health' from origin 'https://pravrudhi.vercel.app' has been blocked by CORS policy: Permission was denied for this request to access the `loopback` address space. @ https://pravrudhi.vercel.app/:0
[ 2535221ms] [ERROR] Failed to load resource: net::ERR_FAILED @ http://localhost:8008/health:0
[ 2535221ms] [ERROR] Access to fetch at 'http://localhost:8008/status' from origin 'https://pravrudhi.vercel.app' has been blocked by CORS policy: Permission was denied for this request to access the `loopback` address space. @ https://pravrudhi.vercel.app/:0
[ 2535221ms] [ERROR] Failed to load resource: net::ERR_FAILED @ http://localhost:8008/status:0
[ 2538222ms] [ERROR] Access to fetch at 'http://localhost:8008/status' from origin 'https://pravrudhi.vercel.app' has been blocked by CORS policy: Permission was denied for this request to access the `loopback` address space. @ https://pravrudhi.vercel.app/:0
[ 2538222ms] [ERROR] Failed to load resource: net::ERR_FAILED @ http://localhost:8008/status:0
[ 2540221ms] [ERROR] Access to fetch at 'http://localhost:8008/health' from origin 'https://pravrudhi.vercel.app' has been blocked by CORS policy: Permission was denied for this request to access the `loopback` address space. @ https://pravrudhi.vercel.app/:0
[ 2540221ms] [ERROR] Failed to load resource: net::ERR_FAILED @ http://localhost:8008/health:0
[ 2541221ms] [ERROR] Access to fetch at 'http://localhost:8008/status' from origin 'https://pravrudhi.vercel.app' has been blocked by CORS policy: Permission was denied for this request to access the `loopback` address space. @ https://pravrudhi.vercel.app/:0
[ 2541221ms] [ERROR] Failed to load resource: net::ERR_FAILED @ http://localhost:8008/status:0
[ 2544221ms] [ERROR] Access to fetch at 'http://localhost:8008/status' from origin 'https://pravrudhi.vercel.app' has been blocked by CORS policy: Permission was denied for this request to access the `loopback` address space. @ https://pravrudhi.vercel.app/:0
[ 2544222ms] [ERROR] Failed to load resource: net::ERR_FAILED @ http://localhost:8008/status:0
[ 2545221ms] [ERROR] Access to fetch at 'http://localhost:8008/health' from origin 'https://pravrudhi.vercel.app' has been blocked by CORS policy: Permission was denied for this request to access the `loopback` address space. @ https://pravrudhi.vercel.app/:0
[ 2545221ms] [ERROR] Failed to load resource: net::ERR_FAILED @ http://localhost:8008/health:0
[ 2547221ms] [ERROR] Access to fetch at 'http://localhost:8008/status' from origin 'https://pravrudhi.vercel.app' has been blocked by CORS policy: Permission was denied for this request to access the `loopback` address space. @ https://pravrudhi.vercel.app/:0
[ 2547222ms] [ERROR] Failed to load resource: net::ERR_FAILED @ http://localhost:8008/status:0
[ 2550221ms] [ERROR] Access to fetch at 'http://localhost:8008/health' from origin 'https://pravrudhi.vercel.app' has been blocked by CORS policy: Permission was denied for this request to access the `loopback` address space. @ https://pravrudhi.vercel.app/:0
[ 2550221ms] [ERROR] Failed to load resource: net::ERR_FAILED @ http://localhost:8008/health:0
[ 2550221ms] [ERROR] Access to fetch at 'http://localhost:8008/status' from origin 'https://pravrudhi.vercel.app' has been blocked by CORS policy: Permission was denied for this request to access the `loopback` address space. @ https://pravrudhi.vercel.app/:0
[ 2550221ms] [ERROR] Failed to load resource: net::ERR_FAILED @ http://localhost:8008/status:0
[ 2553221ms] [ERROR] Access to fetch at 'http://localhost:8008/status' from origin 'https://pravrudhi.vercel.app' has been blocked by CORS policy: Permission was denied for this request to access the `loopback` address space. @ https://pravrudhi.vercel.app/:0
[ 2553221ms] [ERROR] Failed to load resource: net::ERR_FAILED @ http://localhost:8008/status:0
[ 2555221ms] [ERROR] Access to fetch at 'http://localhost:8008/health' from origin 'https://pravrudhi.vercel.app' has been blocked by CORS policy: Permission was denied for this request to access the `loopback` address space. @ https://pravrudhi.vercel.app/:0
[ 2555221ms] [ERROR] Failed to load resource: net::ERR_FAILED @ http://localhost:8008/health:0
[ 2556221ms] [ERROR] Access to fetch at 'http://localhost:8008/status' from origin 'https://pravrudhi.vercel.app' has been blocked by CORS policy: Permission was denied for this request to access the `loopback` address space. @ https://pravrudhi.vercel.app/:0
[ 2556222ms] [ERROR] Failed to load resource: net::ERR_FAILED @ http://localhost:8008/status:0
[ 2559221ms] [ERROR] Access to fetch at 'http://localhost:8008/status' from origin 'https://pravrudhi.vercel.app' has been blocked by CORS policy: Permission was denied for this request to access the `loopback` address space. @ https://pravrudhi.vercel.app/:0
[ 2559221ms] [ERROR] Failed to load resource: net::ERR_FAILED @ http://localhost:8008/status:0
[ 2560221ms] [ERROR] Access to fetch at 'http://localhost:8008/health' from origin 'https://pravrudhi.vercel.app' has been blocked by CORS policy: Permission was denied for this request to access the `loopback` address space. @ https://pravrudhi.vercel.app/:0
[ 2560221ms] [ERROR] Failed to load resource: net::ERR_FAILED @ http://localhost:8008/health:0
[ 2562222ms] [ERROR] Access to fetch at 'http://localhost:8008/status' from origin 'https://pravrudhi.vercel.app' has been blocked by CORS policy: Permission was denied for this request to access the `loopback` address space. @ https://pravrudhi.vercel.app/:0
[ 2562222ms] [ERROR] Failed to load resource: net::ERR_FAILED @ http://localhost:8008/status:0
[ 2565221ms] [ERROR] Access to fetch at 'http://localhost:8008/health' from origin 'https://pravrudhi.vercel.app' has been blocked by CORS policy: Permission was denied for this request to access the `loopback` address space. @ https://pravrudhi.vercel.app/:0
[ 2565221ms] [ERROR] Failed to load resource: net::ERR_FAILED @ http://localhost:8008/health:0
[ 2565221ms] [ERROR] Access to fetch at 'http://localhost:8008/status' from origin 'https://pravrudhi.vercel.app' has been blocked by CORS policy: Permission was denied for this request to access the `loopback` address space. @ https://pravrudhi.vercel.app/:0
[ 2565221ms] [ERROR] Failed to load resource: net::ERR_FAILED @ http://localhost:8008/status:0
[ 2568222ms] [ERROR] Access to fetch at 'http://localhost:8008/status' from origin 'https://pravrudhi.vercel.app' has been blocked by CORS policy: Permission was denied for this request to access the `loopback` address space. @ https://pravrudhi.vercel.app/:0
[ 2568222ms] [ERROR] Failed to load resource: net::ERR_FAILED @ http://localhost:8008/status:0
[ 2570221ms] [ERROR] Access to fetch at 'http://localhost:8008/health' from origin 'https://pravrudhi.vercel.app' has been blocked by CORS policy: Permission was denied for this request to access the `loopback` address space. @ https://pravrudhi.vercel.app/:0
[ 2570221ms] [ERROR] Failed to load resource: net::ERR_FAILED @ http://localhost:8008/health:0
[ 2571221ms] [ERROR] Access to fetch at 'http://localhost:8008/status' from origin 'https://pravrudhi.vercel.app' has been blocked by CORS policy: Permission was denied for this request to access the `loopback` address space. @ https://pravrudhi.vercel.app/:0
[ 2571221ms] [ERROR] Failed to load resource: net::ERR_FAILED @ http://localhost:8008/status:0
[ 2574222ms] [ERROR] Access to fetch at 'http://localhost:8008/status' from origin 'https://pravrudhi.vercel.app' has been blocked by CORS policy: Permission was denied for this request to access the `loopback` address space. @ https://pravrudhi.vercel.app/:0
[ 2574222ms] [ERROR] Failed to load resource: net::ERR_FAILED @ http://localhost:8008/status:0
[ 2575221ms] [ERROR] Access to fetch at 'http://localhost:8008/health' from origin 'https://pravrudhi.vercel.app' has been blocked by CORS policy: Permission was denied for this request to access the `loopback` address space. @ https://pravrudhi.vercel.app/:0
[ 2575221ms] [ERROR] Failed to load resource: net::ERR_FAILED @ http://localhost:8008/health:0
[ 2577222ms] [ERROR] Access to fetch at 'http://localhost:8008/status' from origin 'https://pravrudhi.vercel.app' has been blocked by CORS policy: Permission was denied for this request to access the `loopback` address space. @ https://pravrudhi.vercel.app/:0
[ 2577222ms] [ERROR] Failed to load resource: net::ERR_FAILED @ http://localhost:8008/status:0
[ 2580221ms] [ERROR] Access to fetch at 'http://localhost:8008/health' from origin 'https://pravrudhi.vercel.app' has been blocked by CORS policy: Permission was denied for this request to access the `loopback` address space. @ https://pravrudhi.vercel.app/:0
[ 2580221ms] [ERROR] Failed to load resource: net::ERR_FAILED @ http://localhost:8008/health:0
[ 2580221ms] [ERROR] Access to fetch at 'http://localhost:8008/status' from origin 'https://pravrudhi.vercel.app' has been blocked by CORS policy: Permission was denied for this request to access the `loopback` address space. @ https://pravrudhi.vercel.app/:0
[ 2580221ms] [ERROR] Failed to load resource: net::ERR_FAILED @ http://localhost:8008/status:0
[ 2583222ms] [ERROR] Access to fetch at 'http://localhost:8008/status' from origin 'https://pravrudhi.vercel.app' has been blocked by CORS policy: Permission was denied for this request to access the `loopback` address space. @ https://pravrudhi.vercel.app/:0
[ 2583222ms] [ERROR] Failed to load resource: net::ERR_FAILED @ http://localhost:8008/status:0
[ 2585221ms] [ERROR] Access to fetch at 'http://localhost:8008/health' from origin 'https://pravrudhi.vercel.app' has been blocked by CORS policy: Permission was denied for this request to access the `loopback` address space. @ https://pravrudhi.vercel.app/:0
[ 2585221ms] [ERROR] Failed to load resource: net::ERR_FAILED @ http://localhost:8008/health:0
[ 2586221ms] [ERROR] Access to fetch at 'http://localhost:8008/status' from origin 'https://pravrudhi.vercel.app' has been blocked by CORS policy: Permission was denied for this request to access the `loopback` address space. @ https://pravrudhi.vercel.app/:0
[ 2586221ms] [ERROR] Failed to load resource: net::ERR_FAILED @ http://localhost:8008/status:0
[ 2589222ms] [ERROR] Access to fetch at 'http://localhost:8008/status' from origin 'https://pravrudhi.vercel.app' has been blocked by CORS policy: Permission was denied for this request to access the `loopback` address space. @ https://pravrudhi.vercel.app/:0
[ 2589222ms] [ERROR] Failed to load resource: net::ERR_FAILED @ http://localhost:8008/status:0
[ 2590221ms] [ERROR] Access to fetch at 'http://localhost:8008/health' from origin 'https://pravrudhi.vercel.app' has been blocked by CORS policy: Permission was denied for this request to access the `loopback` address space. @ https://pravrudhi.vercel.app/:0
[ 2590221ms] [ERROR] Failed to load resource: net::ERR_FAILED @ http://localhost:8008/health:0
[ 2592222ms] [ERROR] Access to fetch at 'http://localhost:8008/status' from origin 'https://pravrudhi.vercel.app' has been blocked by CORS policy: Permission was denied for this request to access the `loopback` address space. @ https://pravrudhi.vercel.app/:0
[ 2592222ms] [ERROR] Failed to load resource: net::ERR_FAILED @ http://localhost:8008/status:0
[ 2595221ms] [ERROR] Access to fetch at 'http://localhost:8008/health' from origin 'https://pravrudhi.vercel.app' has been blocked by CORS policy: Permission was denied for this request to access the `loopback` address space. @ https://pravrudhi.vercel.app/:0
[ 2595221ms] [ERROR] Failed to load resource: net::ERR_FAILED @ http://localhost:8008/health:0
[ 2595222ms] [ERROR] Access to fetch at 'http://localhost:8008/status' from origin 'https://pravrudhi.vercel.app' has been blocked by CORS policy: Permission was denied for this request to access the `loopback` address space. @ https://pravrudhi.vercel.app/:0
[ 2595222ms] [ERROR] Failed to load resource: net::ERR_FAILED @ http://localhost:8008/status:0
[ 2598221ms] [ERROR] Access to fetch at 'http://localhost:8008/status' from origin 'https://pravrudhi.vercel.app' has been blocked by CORS policy: Permission was denied for this request to access the `loopback` address space. @ https://pravrudhi.vercel.app/:0
[ 2598221ms] [ERROR] Failed to load resource: net::ERR_FAILED @ http://localhost:8008/status:0
[ 2600221ms] [ERROR] Access to fetch at 'http://localhost:8008/health' from origin 'https://pravrudhi.vercel.app' has been blocked by CORS policy: Permission was denied for this request to access the `loopback` address space. @ https://pravrudhi.vercel.app/:0
[ 2600221ms] [ERROR] Failed to load resource: net::ERR_FAILED @ http://localhost:8008/health:0
[ 2601221ms] [ERROR] Access to fetch at 'http://localhost:8008/status' from origin 'https://pravrudhi.vercel.app' has been blocked by CORS policy: Permission was denied for this request to access the `loopback` address space. @ https://pravrudhi.vercel.app/:0
[ 2601222ms] [ERROR] Failed to load resource: net::ERR_FAILED @ http://localhost:8008/status:0
[ 2604221ms] [ERROR] Access to fetch at 'http://localhost:8008/status' from origin 'https://pravrudhi.vercel.app' has been blocked by CORS policy: Permission was denied for this request to access the `loopback` address space. @ https://pravrudhi.vercel.app/:0
[ 2604222ms] [ERROR] Failed to load resource: net::ERR_FAILED @ http://localhost:8008/status:0
[ 2605226ms] [ERROR] Access to fetch at 'http://localhost:8008/health' from origin 'https://pravrudhi.vercel.app' has been blocked by CORS policy: Permission was denied for this request to access the `loopback` address space. @ https://pravrudhi.vercel.app/:0
[ 2605226ms] [ERROR] Failed to load resource: net::ERR_FAILED @ http://localhost:8008/health:0
[ 2607221ms] [ERROR] Access to fetch at 'http://localhost:8008/status' from origin 'https://pravrudhi.vercel.app' has been blocked by CORS policy: Permission was denied for this request to access the `loopback` address space. @ https://pravrudhi.vercel.app/:0
[ 2607221ms] [ERROR] Failed to load resource: net::ERR_FAILED @ http://localhost:8008/status:0
[ 2610221ms] [ERROR] Access to fetch at 'http://localhost:8008/health' from origin 'https://pravrudhi.vercel.app' has been blocked by CORS policy: Permission was denied for this request to access the `loopback` address space. @ https://pravrudhi.vercel.app/:0
[ 2610221ms] [ERROR] Failed to load resource: net::ERR_FAILED @ http://localhost:8008/health:0
[ 2610222ms] [ERROR] Access to fetch at 'http://localhost:8008/status' from origin 'https://pravrudhi.vercel.app' has been blocked by CORS policy: Permission was denied for this request to access the `loopback` address space. @ https://pravrudhi.vercel.app/:0
[ 2610222ms] [ERROR] Failed to load resource: net::ERR_FAILED @ http://localhost:8008/status:0
[ 2613221ms] [ERROR] Access to fetch at 'http://localhost:8008/status' from origin 'https://pravrudhi.vercel.app' has been blocked by CORS policy: Permission was denied for this request to access the `loopback` address space. @ https://pravrudhi.vercel.app/:0
[ 2613221ms] [ERROR] Failed to load resource: net::ERR_FAILED @ http://localhost:8008/status:0
[ 2615221ms] [ERROR] Access to fetch at 'http://localhost:8008/health' from origin 'https://pravrudhi.vercel.app' has been blocked by CORS policy: Permission was denied for this request to access the `loopback` address space. @ https://pravrudhi.vercel.app/:0
[ 2615221ms] [ERROR] Failed to load resource: net::ERR_FAILED @ http://localhost:8008/health:0
[ 2616221ms] [ERROR] Access to fetch at 'http://localhost:8008/status' from origin 'https://pravrudhi.vercel.app' has been blocked by CORS policy: Permission was denied for this request to access the `loopback` address space. @ https://pravrudhi.vercel.app/:0
[ 2616222ms] [ERROR] Failed to load resource: net::ERR_FAILED @ http://localhost:8008/status:0
[ 2619222ms] [ERROR] Access to fetch at 'http://localhost:8008/status' from origin 'https://pravrudhi.vercel.app' has been blocked by CORS policy: Permission was denied for this request to access the `loopback` address space. @ https://pravrudhi.vercel.app/:0
[ 2619222ms] [ERROR] Failed to load resource: net::ERR_FAILED @ http://localhost:8008/status:0
[ 2620221ms] [ERROR] Access to fetch at 'http://localhost:8008/health' from origin 'https://pravrudhi.vercel.app' has been blocked by CORS policy: Permission was denied for this request to access the `loopback` address space. @ https://pravrudhi.vercel.app/:0
[ 2620221ms] [ERROR] Failed to load resource: net::ERR_FAILED @ http://localhost:8008/health:0
[ 2622222ms] [ERROR] Access to fetch at 'http://localhost:8008/status' from origin 'https://pravrudhi.vercel.app' has been blocked by CORS policy: Permission was denied for this request to access the `loopback` address space. @ https://pravrudhi.vercel.app/:0
[ 2622222ms] [ERROR] Failed to load resource: net::ERR_FAILED @ http://localhost:8008/status:0
[ 2625221ms] [ERROR] Access to fetch at 'http://localhost:8008/health' from origin 'https://pravrudhi.vercel.app' has been blocked by CORS policy: Permission was denied for this request to access the `loopback` address space. @ https://pravrudhi.vercel.app/:0
[ 2625221ms] [ERROR] Failed to load resource: net::ERR_FAILED @ http://localhost:8008/health:0
[ 2625221ms] [ERROR] Access to fetch at 'http://localhost:8008/status' from origin 'https://pravrudhi.vercel.app' has been blocked by CORS policy: Permission was denied for this request to access the `loopback` address space. @ https://pravrudhi.vercel.app/:0
[ 2625221ms] [ERROR] Failed to load resource: net::ERR_FAILED @ http://localhost:8008/status:0
[ 2628222ms] [ERROR] Access to fetch at 'http://localhost:8008/status' from origin 'https://pravrudhi.vercel.app' has been blocked by CORS policy: Permission was denied for this request to access the `loopback` address space. @ https://pravrudhi.vercel.app/:0
[ 2628222ms] [ERROR] Failed to load resource: net::ERR_FAILED @ http://localhost:8008/status:0
[ 2630221ms] [ERROR] Access to fetch at 'http://localhost:8008/health' from origin 'https://pravrudhi.vercel.app' has been blocked by CORS policy: Permission was denied for this request to access the `loopback` address space. @ https://pravrudhi.vercel.app/:0
[ 2630221ms] [ERROR] Failed to load resource: net::ERR_FAILED @ http://localhost:8008/health:0
[ 2631221ms] [ERROR] Access to fetch at 'http://localhost:8008/status' from origin 'https://pravrudhi.vercel.app' has been blocked by CORS policy: Permission was denied for this request to access the `loopback` address space. @ https://pravrudhi.vercel.app/:0
[ 2631221ms] [ERROR] Failed to load resource: net::ERR_FAILED @ http://localhost:8008/status:0
[ 2634222ms] [ERROR] Access to fetch at 'http://localhost:8008/status' from origin 'https://pravrudhi.vercel.app' has been blocked by CORS policy: Permission was denied for this request to access the `loopback` address space. @ https://pravrudhi.vercel.app/:0
[ 2634222ms] [ERROR] Failed to load resource: net::ERR_FAILED @ http://localhost:8008/status:0
[ 2635225ms] [ERROR] Access to fetch at 'http://localhost:8008/health' from origin 'https://pravrudhi.vercel.app' has been blocked by CORS policy: Permission was denied for this request to access the `loopback` address space. @ https://pravrudhi.vercel.app/:0
[ 2635225ms] [ERROR] Failed to load resource: net::ERR_FAILED @ http://localhost:8008/health:0
[ 2637221ms] [ERROR] Access to fetch at 'http://localhost:8008/status' from origin 'https://pravrudhi.vercel.app' has been blocked by CORS policy: Permission was denied for this request to access the `loopback` address space. @ https://pravrudhi.vercel.app/:0
[ 2637221ms] [ERROR] Failed to load resource: net::ERR_FAILED @ http://localhost:8008/status:0
[ 2640221ms] [ERROR] Access to fetch at 'http://localhost:8008/health' from origin 'https://pravrudhi.vercel.app' has been blocked by CORS policy: Permission was denied for this request to access the `loopback` address space. @ https://pravrudhi.vercel.app/:0
[ 2640221ms] [ERROR] Failed to load resource: net::ERR_FAILED @ http://localhost:8008/health:0
[ 2640221ms] [ERROR] Access to fetch at 'http://localhost:8008/status' from origin 'https://pravrudhi.vercel.app' has been blocked by CORS policy: Permission was denied for this request to access the `loopback` address space. @ https://pravrudhi.vercel.app/:0
[ 2640221ms] [ERROR] Failed to load resource: net::ERR_FAILED @ http://localhost:8008/status:0
[ 2643221ms] [ERROR] Access to fetch at 'http://localhost:8008/status' from origin 'https://pravrudhi.vercel.app' has been blocked by CORS policy: Permission was denied for this request to access the `loopback` address space. @ https://pravrudhi.vercel.app/:0
[ 2643221ms] [ERROR] Failed to load resource: net::ERR_FAILED @ http://localhost:8008/status:0
[ 2645221ms] [ERROR] Access to fetch at 'http://localhost:8008/health' from origin 'https://pravrudhi.vercel.app' has been blocked by CORS policy: Permission was denied for this request to access the `loopback` address space. @ https://pravrudhi.vercel.app/:0
[ 2645221ms] [ERROR] Failed to load resource: net::ERR_FAILED @ http://localhost:8008/health:0
[ 2646222ms] [ERROR] Access to fetch at 'http://localhost:8008/status' from origin 'https://pravrudhi.vercel.app' has been blocked by CORS policy: Permission was denied for this request to access the `loopback` address space. @ https://pravrudhi.vercel.app/:0
[ 2646222ms] [ERROR] Failed to load resource: net::ERR_FAILED @ http://localhost:8008/status:0
[ 2649222ms] [ERROR] Access to fetch at 'http://localhost:8008/status' from origin 'https://pravrudhi.vercel.app' has been blocked by CORS policy: Permission was denied for this request to access the `loopback` address space. @ https://pravrudhi.vercel.app/:0
[ 2649222ms] [ERROR] Failed to load resource: net::ERR_FAILED @ http://localhost:8008/status:0
[ 2650221ms] [ERROR] Access to fetch at 'http://localhost:8008/health' from origin 'https://pravrudhi.vercel.app' has been blocked by CORS policy: Permission was denied for this request to access the `loopback` address space. @ https://pravrudhi.vercel.app/:0
[ 2650221ms] [ERROR] Failed to load resource: net::ERR_FAILED @ http://localhost:8008/health:0
[ 2652221ms] [ERROR] Access to fetch at 'http://localhost:8008/status' from origin 'https://pravrudhi.vercel.app' has been blocked by CORS policy: Permission was denied for this request to access the `loopback` address space. @ https://pravrudhi.vercel.app/:0
[ 2652222ms] [ERROR] Failed to load resource: net::ERR_FAILED @ http://localhost:8008/status:0
[ 2655221ms] [ERROR] Access to fetch at 'http://localhost:8008/health' from origin 'https://pravrudhi.vercel.app' has been blocked by CORS policy: Permission was denied for this request to access the `loopback` address space. @ https://pravrudhi.vercel.app/:0
[ 2655221ms] [ERROR] Failed to load resource: net::ERR_FAILED @ http://localhost:8008/health:0
[ 2655224ms] [ERROR] Access to fetch at 'http://localhost:8008/status' from origin 'https://pravrudhi.vercel.app' has been blocked by CORS policy: Permission was denied for this request to access the `loopback` address space. @ https://pravrudhi.vercel.app/:0
[ 2655224ms] [ERROR] Failed to load resource: net::ERR_FAILED @ http://localhost:8008/status:0
[ 2658221ms] [ERROR] Access to fetch at 'http://localhost:8008/status' from origin 'https://pravrudhi.vercel.app' has been blocked by CORS policy: Permission was denied for this request to access the `loopback` address space. @ https://pravrudhi.vercel.app/:0
[ 2658221ms] [ERROR] Failed to load resource: net::ERR_FAILED @ http://localhost:8008/status:0
[ 2660221ms] [ERROR] Access to fetch at 'http://localhost:8008/health' from origin 'https://pravrudhi.vercel.app' has been blocked by CORS policy: Permission was denied for this request to access the `loopback` address space. @ https://pravrudhi.vercel.app/:0
[ 2660221ms] [ERROR] Failed to load resource: net::ERR_FAILED @ http://localhost:8008/health:0
[ 2661222ms] [ERROR] Access to fetch at 'http://localhost:8008/status' from origin 'https://pravrudhi.vercel.app' has been blocked by CORS policy: Permission was denied for this request to access the `loopback` address space. @ https://pravrudhi.vercel.app/:0
[ 2661222ms] [ERROR] Failed to load resource: net::ERR_FAILED @ http://localhost:8008/status:0
[ 2664221ms] [ERROR] Access to fetch at 'http://localhost:8008/status' from origin 'https://pravrudhi.vercel.app' has been blocked by CORS policy: Permission was denied for this request to access the `loopback` address space. @ https://pravrudhi.vercel.app/:0
[ 2664221ms] [ERROR] Failed to load resource: net::ERR_FAILED @ http://localhost:8008/status:0
[ 2665221ms] [ERROR] Access to fetch at 'http://localhost:8008/health' from origin 'https://pravrudhi.vercel.app' has been blocked by CORS policy: Permission was denied for this request to access the `loopback` address space. @ https://pravrudhi.vercel.app/:0
[ 2665221ms] [ERROR] Failed to load resource: net::ERR_FAILED @ http://localhost:8008/health:0
[ 2667222ms] [ERROR] Access to fetch at 'http://localhost:8008/status' from origin 'https://pravrudhi.vercel.app' has been blocked by CORS policy: Permission was denied for this request to access the `loopback` address space. @ https://pravrudhi.vercel.app/:0
[ 2667222ms] [ERROR] Failed to load resource: net::ERR_FAILED @ http://localhost:8008/status:0
[ 2670221ms] [ERROR] Access to fetch at 'http://localhost:8008/health' from origin 'https://pravrudhi.vercel.app' has been blocked by CORS policy: Permission was denied for this request to access the `loopback` address space. @ https://pravrudhi.vercel.app/:0
[ 2670221ms] [ERROR] Failed to load resource: net::ERR_FAILED @ http://localhost:8008/health:0
[ 2670222ms] [ERROR] Access to fetch at 'http://localhost:8008/status' from origin 'https://pravrudhi.vercel.app' has been blocked by CORS policy: Permission was denied for this request to access the `loopback` address space. @ https://pravrudhi.vercel.app/:0
[ 2670222ms] [ERROR] Failed to load resource: net::ERR_FAILED @ http://localhost:8008/status:0
[ 2673222ms] [ERROR] Access to fetch at 'http://localhost:8008/status' from origin 'https://pravrudhi.vercel.app' has been blocked by CORS policy: Permission was denied for this request to access the `loopback` address space. @ https://pravrudhi.vercel.app/:0
[ 2673222ms] [ERROR] Failed to load resource: net::ERR_FAILED @ http://localhost:8008/status:0
[ 2675221ms] [ERROR] Access to fetch at 'http://localhost:8008/health' from origin 'https://pravrudhi.vercel.app' has been blocked by CORS policy: Permission was denied for this request to access the `loopback` address space. @ https://pravrudhi.vercel.app/:0
[ 2675221ms] [ERROR] Failed to load resource: net::ERR_FAILED @ http://localhost:8008/health:0
[ 2676221ms] [ERROR] Access to fetch at 'http://localhost:8008/status' from origin 'https://pravrudhi.vercel.app' has been blocked by CORS policy: Permission was denied for this request to access the `loopback` address space. @ https://pravrudhi.vercel.app/:0
[ 2676222ms] [ERROR] Failed to load resource: net::ERR_FAILED @ http://localhost:8008/status:0
[ 2679222ms] [ERROR] Access to fetch at 'http://localhost:8008/status' from origin 'https://pravrudhi.vercel.app' has been blocked by CORS policy: Permission was denied for this request to access the `loopback` address space. @ https://pravrudhi.vercel.app/:0
[ 2679222ms] [ERROR] Failed to load resource: net::ERR_FAILED @ http://localhost:8008/status:0
[ 2680221ms] [ERROR] Access to fetch at 'http://localhost:8008/health' from origin 'https://pravrudhi.vercel.app' has been blocked by CORS policy: Permission was denied for this request to access the `loopback` address space. @ https://pravrudhi.vercel.app/:0
[ 2680221ms] [ERROR] Failed to load resource: net::ERR_FAILED @ http://localhost:8008/health:0
[ 2682221ms] [ERROR] Access to fetch at 'http://localhost:8008/status' from origin 'https://pravrudhi.vercel.app' has been blocked by CORS policy: Permission was denied for this request to access the `loopback` address space. @ https://pravrudhi.vercel.app/:0
[ 2682222ms] [ERROR] Failed to load resource: net::ERR_FAILED @ http://localhost:8008/status:0
[ 2685221ms] [ERROR] Access to fetch at 'http://localhost:8008/health' from origin 'https://pravrudhi.vercel.app' has been blocked by CORS policy: Permission was denied for this request to access the `loopback` address space. @ https://pravrudhi.vercel.app/:0
[ 2685221ms] [ERROR] Failed to load resource: net::ERR_FAILED @ http://localhost:8008/health:0
[ 2685221ms] [ERROR] Access to fetch at 'http://localhost:8008/status' from origin 'https://pravrudhi.vercel.app' has been blocked by CORS policy: Permission was denied for this request to access the `loopback` address space. @ https://pravrudhi.vercel.app/:0
[ 2685222ms] [ERROR] Failed to load resource: net::ERR_FAILED @ http://localhost:8008/status:0
[ 2688222ms] [ERROR] Access to fetch at 'http://localhost:8008/status' from origin 'https://pravrudhi.vercel.app' has been blocked by CORS policy: Permission was denied for this request to access the `loopback` address space. @ https://pravrudhi.vercel.app/:0
[ 2688222ms] [ERROR] Failed to load resource: net::ERR_FAILED @ http://localhost:8008/status:0
[ 2690221ms] [ERROR] Access to fetch at 'http://localhost:8008/health' from origin 'https://pravrudhi.vercel.app' has been blocked by CORS policy: Permission was denied for this request to access the `loopback` address space. @ https://pravrudhi.vercel.app/:0
[ 2690221ms] [ERROR] Failed to load resource: net::ERR_FAILED @ http://localhost:8008/health:0
[ 2691222ms] [ERROR] Access to fetch at 'http://localhost:8008/status' from origin 'https://pravrudhi.vercel.app' has been blocked by CORS policy: Permission was denied for this request to access the `loopback` address space. @ https://pravrudhi.vercel.app/:0
[ 2691222ms] [ERROR] Failed to load resource: net::ERR_FAILED @ http://localhost:8008/status:0
[ 2694221ms] [ERROR] Access to fetch at 'http://localhost:8008/status' from origin 'https://pravrudhi.vercel.app' has been blocked by CORS policy: Permission was denied for this request to access the `loopback` address space. @ https://pravrudhi.vercel.app/:0
[ 2694221ms] [ERROR] Failed to load resource: net::ERR_FAILED @ http://localhost:8008/status:0
[ 2695221ms] [ERROR] Access to fetch at 'http://localhost:8008/health' from origin 'https://pravrudhi.vercel.app' has been blocked by CORS policy: Permission was denied for this request to access the `loopback` address space. @ https://pravrudhi.vercel.app/:0
[ 2695221ms] [ERROR] Failed to load resource: net::ERR_FAILED @ http://localhost:8008/health:0
[ 2697222ms] [ERROR] Access to fetch at 'http://localhost:8008/status' from origin 'https://pravrudhi.vercel.app' has been blocked by CORS policy: Permission was denied for this request to access the `loopback` address space. @ https://pravrudhi.vercel.app/:0
[ 2697222ms] [ERROR] Failed to load resource: net::ERR_FAILED @ http://localhost:8008/status:0
[ 2700221ms] [ERROR] Access to fetch at 'http://localhost:8008/health' from origin 'https://pravrudhi.vercel.app' has been blocked by CORS policy: Permission was denied for this request to access the `loopback` address space. @ https://pravrudhi.vercel.app/:0
[ 2700221ms] [ERROR] Failed to load resource: net::ERR_FAILED @ http://localhost:8008/health:0
[ 2700221ms] [ERROR] Access to fetch at 'http://localhost:8008/status' from origin 'https://pravrudhi.vercel.app' has been blocked by CORS policy: Permission was denied for this request to access the `loopback` address space. @ https://pravrudhi.vercel.app/:0
[ 2700221ms] [ERROR] Failed to load resource: net::ERR_FAILED @ http://localhost:8008/status:0
[ 2703225ms] [ERROR] Access to fetch at 'http://localhost:8008/status' from origin 'https://pravrudhi.vercel.app' has been blocked by CORS policy: Permission was denied for this request to access the `loopback` address space. @ https://pravrudhi.vercel.app/:0
[ 2703225ms] [ERROR] Failed to load resource: net::ERR_FAILED @ http://localhost:8008/status:0
[ 2705221ms] [ERROR] Access to fetch at 'http://localhost:8008/health' from origin 'https://pravrudhi.vercel.app' has been blocked by CORS policy: Permission was denied for this request to access the `loopback` address space. @ https://pravrudhi.vercel.app/:0
[ 2705221ms] [ERROR] Failed to load resource: net::ERR_FAILED @ http://localhost:8008/health:0
[ 2706222ms] [ERROR] Access to fetch at 'http://localhost:8008/status' from origin 'https://pravrudhi.vercel.app' has been blocked by CORS policy: Permission was denied for this request to access the `loopback` address space. @ https://pravrudhi.vercel.app/:0
[ 2706222ms] [ERROR] Failed to load resource: net::ERR_FAILED @ http://localhost:8008/status:0
[ 2709221ms] [ERROR] Access to fetch at 'http://localhost:8008/status' from origin 'https://pravrudhi.vercel.app' has been blocked by CORS policy: Permission was denied for this request to access the `loopback` address space. @ https://pravrudhi.vercel.app/:0
[ 2709221ms] [ERROR] Failed to load resource: net::ERR_FAILED @ http://localhost:8008/status:0
[ 2710221ms] [ERROR] Access to fetch at 'http://localhost:8008/health' from origin 'https://pravrudhi.vercel.app' has been blocked by CORS policy: Permission was denied for this request to access the `loopback` address space. @ https://pravrudhi.vercel.app/:0
[ 2710221ms] [ERROR] Failed to load resource: net::ERR_FAILED @ http://localhost:8008/health:0
[ 2712222ms] [ERROR] Access to fetch at 'http://localhost:8008/status' from origin 'https://pravrudhi.vercel.app' has been blocked by CORS policy: Permission was denied for this request to access the `loopback` address space. @ https://pravrudhi.vercel.app/:0
[ 2712222ms] [ERROR] Failed to load resource: net::ERR_FAILED @ http://localhost:8008/status:0
[ 2715221ms] [ERROR] Access to fetch at 'http://localhost:8008/health' from origin 'https://pravrudhi.vercel.app' has been blocked by CORS policy: Permission was denied for this request to access the `loopback` address space. @ https://pravrudhi.vercel.app/:0
[ 2715221ms] [ERROR] Failed to load resource: net::ERR_FAILED @ http://localhost:8008/health:0
[ 2715224ms] [ERROR] Access to fetch at 'http://localhost:8008/status' from origin 'https://pravrudhi.vercel.app' has been blocked by CORS policy: Permission was denied for this request to access the `loopback` address space. @ https://pravrudhi.vercel.app/:0
[ 2715224ms] [ERROR] Failed to load resource: net::ERR_FAILED @ http://localhost:8008/status:0
[ 2718221ms] [ERROR] Access to fetch at 'http://localhost:8008/status' from origin 'https://pravrudhi.vercel.app' has been blocked by CORS policy: Permission was denied for this request to access the `loopback` address space. @ https://pravrudhi.vercel.app/:0
[ 2718222ms] [ERROR] Failed to load resource: net::ERR_FAILED @ http://localhost:8008/status:0
[ 2720221ms] [ERROR] Access to fetch at 'http://localhost:8008/health' from origin 'https://pravrudhi.vercel.app' has been blocked by CORS policy: Permission was denied for this request to access the `loopback` address space. @ https://pravrudhi.vercel.app/:0
[ 2720222ms] [ERROR] Failed to load resource: net::ERR_FAILED @ http://localhost:8008/health:0
[ 2721221ms] [ERROR] Access to fetch at 'http://localhost:8008/status' from origin 'https://pravrudhi.vercel.app' has been blocked by CORS policy: Permission was denied for this request to access the `loopback` address space. @ https://pravrudhi.vercel.app/:0
[ 2721222ms] [ERROR] Failed to load resource: net::ERR_FAILED @ http://localhost:8008/status:0
[ 2724222ms] [ERROR] Access to fetch at 'http://localhost:8008/status' from origin 'https://pravrudhi.vercel.app' has been blocked by CORS policy: Permission was denied for this request to access the `loopback` address space. @ https://pravrudhi.vercel.app/:0
[ 2724222ms] [ERROR] Failed to load resource: net::ERR_FAILED @ http://localhost:8008/status:0
[ 2725222ms] [ERROR] Access to fetch at 'http://localhost:8008/health' from origin 'https://pravrudhi.vercel.app' has been blocked by CORS policy: Permission was denied for this request to access the `loopback` address space. @ https://pravrudhi.vercel.app/:0
[ 2725222ms] [ERROR] Failed to load resource: net::ERR_FAILED @ http://localhost:8008/health:0
[ 2727221ms] [ERROR] Access to fetch at 'http://localhost:8008/status' from origin 'https://pravrudhi.vercel.app' has been blocked by CORS policy: Permission was denied for this request to access the `loopback` address space. @ https://pravrudhi.vercel.app/:0
[ 2727221ms] [ERROR] Failed to load resource: net::ERR_FAILED @ http://localhost:8008/status:0
[ 2730221ms] [ERROR] Access to fetch at 'http://localhost:8008/health' from origin 'https://pravrudhi.vercel.app' has been blocked by CORS policy: Permission was denied for this request to access the `loopback` address space. @ https://pravrudhi.vercel.app/:0
[ 2730221ms] [ERROR] Failed to load resource: net::ERR_FAILED @ http://localhost:8008/health:0
[ 2730221ms] [ERROR] Access to fetch at 'http://localhost:8008/status' from origin 'https://pravrudhi.vercel.app' has been blocked by CORS policy: Permission was denied for this request to access the `loopback` address space. @ https://pravrudhi.vercel.app/:0
[ 2730221ms] [ERROR] Failed to load resource: net::ERR_FAILED @ http://localhost:8008/status:0
[ 2733222ms] [ERROR] Access to fetch at 'http://localhost:8008/status' from origin 'https://pravrudhi.vercel.app' has been blocked by CORS policy: Permission was denied for this request to access the `loopback` address space. @ https://pravrudhi.vercel.app/:0
[ 2733222ms] [ERROR] Failed to load resource: net::ERR_FAILED @ http://localhost:8008/status:0
[ 2735221ms] [ERROR] Access to fetch at 'http://localhost:8008/health' from origin 'https://pravrudhi.vercel.app' has been blocked by CORS policy: Permission was denied for this request to access the `loopback` address space. @ https://pravrudhi.vercel.app/:0
[ 2735221ms] [ERROR] Failed to load resource: net::ERR_FAILED @ http://localhost:8008/health:0
[ 2736221ms] [ERROR] Access to fetch at 'http://localhost:8008/status' from origin 'https://pravrudhi.vercel.app' has been blocked by CORS policy: Permission was denied for this request to access the `loopback` address space. @ https://pravrudhi.vercel.app/:0
[ 2736221ms] [ERROR] Failed to load resource: net::ERR_FAILED @ http://localhost:8008/status:0
[ 2739221ms] [ERROR] Access to fetch at 'http://localhost:8008/status' from origin 'https://pravrudhi.vercel.app' has been blocked by CORS policy: Permission was denied for this request to access the `loopback` address space. @ https://pravrudhi.vercel.app/:0
[ 2739221ms] [ERROR] Failed to load resource: net::ERR_FAILED @ http://localhost:8008/status:0
[ 2740221ms] [ERROR] Access to fetch at 'http://localhost:8008/health' from origin 'https://pravrudhi.vercel.app' has been blocked by CORS policy: Permission was denied for this request to access the `loopback` address space. @ https://pravrudhi.vercel.app/:0
[ 2740221ms] [ERROR] Failed to load resource: net::ERR_FAILED @ http://localhost:8008/health:0
[ 2742222ms] [ERROR] Access to fetch at 'http://localhost:8008/status' from origin 'https://pravrudhi.vercel.app' has been blocked by CORS policy: Permission was denied for this request to access the `loopback` address space. @ https://pravrudhi.vercel.app/:0
[ 2742222ms] [ERROR] Failed to load resource: net::ERR_FAILED @ http://localhost:8008/status:0
[ 2745221ms] [ERROR] Access to fetch at 'http://localhost:8008/health' from origin 'https://pravrudhi.vercel.app' has been blocked by CORS policy: Permission was denied for this request to access the `loopback` address space. @ https://pravrudhi.vercel.app/:0
[ 2745221ms] [ERROR] Failed to load resource: net::ERR_FAILED @ http://localhost:8008/health:0
[ 2745224ms] [ERROR] Access to fetch at 'http://localhost:8008/status' from origin 'https://pravrudhi.vercel.app' has been blocked by CORS policy: Permission was denied for this request to access the `loopback` address space. @ https://pravrudhi.vercel.app/:0
[ 2745224ms] [ERROR] Failed to load resource: net::ERR_FAILED @ http://localhost:8008/status:0
[ 2748222ms] [ERROR] Access to fetch at 'http://localhost:8008/status' from origin 'https://pravrudhi.vercel.app' has been blocked by CORS policy: Permission was denied for this request to access the `loopback` address space. @ https://pravrudhi.vercel.app/:0
[ 2748222ms] [ERROR] Failed to load resource: net::ERR_FAILED @ http://localhost:8008/status:0
[ 2750221ms] [ERROR] Access to fetch at 'http://localhost:8008/health' from origin 'https://pravrudhi.vercel.app' has been blocked by CORS policy: Permission was denied for this request to access the `loopback` address space. @ https://pravrudhi.vercel.app/:0
[ 2750221ms] [ERROR] Failed to load resource: net::ERR_FAILED @ http://localhost:8008/health:0
[ 2751222ms] [ERROR] Access to fetch at 'http://localhost:8008/status' from origin 'https://pravrudhi.vercel.app' has been blocked by CORS policy: Permission was denied for this request to access the `loopback` address space. @ https://pravrudhi.vercel.app/:0
[ 2751222ms] [ERROR] Failed to load resource: net::ERR_FAILED @ http://localhost:8008/status:0
[ 2754222ms] [ERROR] Access to fetch at 'http://localhost:8008/status' from origin 'https://pravrudhi.vercel.app' has been blocked by CORS policy: Permission was denied for this request to access the `loopback` address space. @ https://pravrudhi.vercel.app/:0
[ 2754222ms] [ERROR] Failed to load resource: net::ERR_FAILED @ http://localhost:8008/status:0
[ 2755221ms] [ERROR] Access to fetch at 'http://localhost:8008/health' from origin 'https://pravrudhi.vercel.app' has been blocked by CORS policy: Permission was denied for this request to access the `loopback` address space. @ https://pravrudhi.vercel.app/:0
[ 2755221ms] [ERROR] Failed to load resource: net::ERR_FAILED @ http://localhost:8008/health:0
[ 2757222ms] [ERROR] Access to fetch at 'http://localhost:8008/status' from origin 'https://pravrudhi.vercel.app' has been blocked by CORS policy: Permission was denied for this request to access the `loopback` address space. @ https://pravrudhi.vercel.app/:0
[ 2757222ms] [ERROR] Failed to load resource: net::ERR_FAILED @ http://localhost:8008/status:0
[ 2760221ms] [ERROR] Access to fetch at 'http://localhost:8008/health' from origin 'https://pravrudhi.vercel.app' has been blocked by CORS policy: Permission was denied for this request to access the `loopback` address space. @ https://pravrudhi.vercel.app/:0
[ 2760221ms] [ERROR] Failed to load resource: net::ERR_FAILED @ http://localhost:8008/health:0
[ 2760221ms] [ERROR] Access to fetch at 'http://localhost:8008/status' from origin 'https://pravrudhi.vercel.app' has been blocked by CORS policy: Permission was denied for this request to access the `loopback` address space. @ https://pravrudhi.vercel.app/:0
[ 2760221ms] [ERROR] Failed to load resource: net::ERR_FAILED @ http://localhost:8008/status:0
[ 2763222ms] [ERROR] Access to fetch at 'http://localhost:8008/status' from origin 'https://pravrudhi.vercel.app' has been blocked by CORS policy: Permission was denied for this request to access the `loopback` address space. @ https://pravrudhi.vercel.app/:0
[ 2763222ms] [ERROR] Failed to load resource: net::ERR_FAILED @ http://localhost:8008/status:0
[ 2765221ms] [ERROR] Access to fetch at 'http://localhost:8008/health' from origin 'https://pravrudhi.vercel.app' has been blocked by CORS policy: Permission was denied for this request to access the `loopback` address space. @ https://pravrudhi.vercel.app/:0
[ 2765221ms] [ERROR] Failed to load resource: net::ERR_FAILED @ http://localhost:8008/health:0
[ 2766221ms] [ERROR] Access to fetch at 'http://localhost:8008/status' from origin 'https://pravrudhi.vercel.app' has been blocked by CORS policy: Permission was denied for this request to access the `loopback` address space. @ https://pravrudhi.vercel.app/:0
[ 2766222ms] [ERROR] Failed to load resource: net::ERR_FAILED @ http://localhost:8008/status:0
[ 2769221ms] [ERROR] Access to fetch at 'http://localhost:8008/status' from origin 'https://pravrudhi.vercel.app' has been blocked by CORS policy: Permission was denied for this request to access the `loopback` address space. @ https://pravrudhi.vercel.app/:0
[ 2769221ms] [ERROR] Failed to load resource: net::ERR_FAILED @ http://localhost:8008/status:0
[ 2770221ms] [ERROR] Access to fetch at 'http://localhost:8008/health' from origin 'https://pravrudhi.vercel.app' has been blocked by CORS policy: Permission was denied for this request to access the `loopback` address space. @ https://pravrudhi.vercel.app/:0
[ 2770221ms] [ERROR] Failed to load resource: net::ERR_FAILED @ http://localhost:8008/health:0
[ 2772221ms] [ERROR] Access to fetch at 'http://localhost:8008/status' from origin 'https://pravrudhi.vercel.app' has been blocked by CORS policy: Permission was denied for this request to access the `loopback` address space. @ https://pravrudhi.vercel.app/:0
[ 2772221ms] [ERROR] Failed to load resource: net::ERR_FAILED @ http://localhost:8008/status:0
[ 2775221ms] [ERROR] Access to fetch at 'http://localhost:8008/health' from origin 'https://pravrudhi.vercel.app' has been blocked by CORS policy: Permission was denied for this request to access the `loopback` address space. @ https://pravrudhi.vercel.app/:0
[ 2775222ms] [ERROR] Failed to load resource: net::ERR_FAILED @ http://localhost:8008/health:0
[ 2775224ms] [ERROR] Access to fetch at 'http://localhost:8008/status' from origin 'https://pravrudhi.vercel.app' has been blocked by CORS policy: Permission was denied for this request to access the `loopback` address space. @ https://pravrudhi.vercel.app/:0
[ 2775224ms] [ERROR] Failed to load resource: net::ERR_FAILED @ http://localhost:8008/status:0
[ 2778222ms] [ERROR] Access to fetch at 'http://localhost:8008/status' from origin 'https://pravrudhi.vercel.app' has been blocked by CORS policy: Permission was denied for this request to access the `loopback` address space. @ https://pravrudhi.vercel.app/:0
[ 2778222ms] [ERROR] Failed to load resource: net::ERR_FAILED @ http://localhost:8008/status:0
[ 2780221ms] [ERROR] Access to fetch at 'http://localhost:8008/health' from origin 'https://pravrudhi.vercel.app' has been blocked by CORS policy: Permission was denied for this request to access the `loopback` address space. @ https://pravrudhi.vercel.app/:0
[ 2780221ms] [ERROR] Failed to load resource: net::ERR_FAILED @ http://localhost:8008/health:0
[ 2781221ms] [ERROR] Access to fetch at 'http://localhost:8008/status' from origin 'https://pravrudhi.vercel.app' has been blocked by CORS policy: Permission was denied for this request to access the `loopback` address space. @ https://pravrudhi.vercel.app/:0
[ 2781221ms] [ERROR] Failed to load resource: net::ERR_FAILED @ http://localhost:8008/status:0
[ 2784222ms] [ERROR] Access to fetch at 'http://localhost:8008/status' from origin 'https://pravrudhi.vercel.app' has been blocked by CORS policy: Permission was denied for this request to access the `loopback` address space. @ https://pravrudhi.vercel.app/:0
[ 2784222ms] [ERROR] Failed to load resource: net::ERR_FAILED @ http://localhost:8008/status:0
[ 2785221ms] [ERROR] Access to fetch at 'http://localhost:8008/health' from origin 'https://pravrudhi.vercel.app' has been blocked by CORS policy: Permission was denied for this request to access the `loopback` address space. @ https://pravrudhi.vercel.app/:0
[ 2785221ms] [ERROR] Failed to load resource: net::ERR_FAILED @ http://localhost:8008/health:0
[ 2787222ms] [ERROR] Access to fetch at 'http://localhost:8008/status' from origin 'https://pravrudhi.vercel.app' has been blocked by CORS policy: Permission was denied for this request to access the `loopback` address space. @ https://pravrudhi.vercel.app/:0
[ 2787222ms] [ERROR] Failed to load resource: net::ERR_FAILED @ http://localhost:8008/status:0
[ 2790221ms] [ERROR] Access to fetch at 'http://localhost:8008/health' from origin 'https://pravrudhi.vercel.app' has been blocked by CORS policy: Permission was denied for this request to access the `loopback` address space. @ https://pravrudhi.vercel.app/:0
[ 2790221ms] [ERROR] Failed to load resource: net::ERR_FAILED @ http://localhost:8008/health:0
[ 2790221ms] [ERROR] Access to fetch at 'http://localhost:8008/status' from origin 'https://pravrudhi.vercel.app' has been blocked by CORS policy: Permission was denied for this request to access the `loopback` address space. @ https://pravrudhi.vercel.app/:0
[ 2790221ms] [ERROR] Failed to load resource: net::ERR_FAILED @ http://localhost:8008/status:0
[ 2793221ms] [ERROR] Access to fetch at 'http://localhost:8008/status' from origin 'https://pravrudhi.vercel.app' has been blocked by CORS policy: Permission was denied for this request to access the `loopback` address space. @ https://pravrudhi.vercel.app/:0
[ 2793222ms] [ERROR] Failed to load resource: net::ERR_FAILED @ http://localhost:8008/status:0
[ 2795221ms] [ERROR] Access to fetch at 'http://localhost:8008/health' from origin 'https://pravrudhi.vercel.app' has been blocked by CORS policy: Permission was denied for this request to access the `loopback` address space. @ https://pravrudhi.vercel.app/:0
[ 2795221ms] [ERROR] Failed to load resource: net::ERR_FAILED @ http://localhost:8008/health:0
[ 2796223ms] [ERROR] Access to fetch at 'http://localhost:8008/status' from origin 'https://pravrudhi.vercel.app' has been blocked by CORS policy: Permission was denied for this request to access the `loopback` address space. @ https://pravrudhi.vercel.app/:0
[ 2796223ms] [ERROR] Failed to load resource: net::ERR_FAILED @ http://localhost:8008/status:0
[ 2799221ms] [ERROR] Access to fetch at 'http://localhost:8008/status' from origin 'https://pravrudhi.vercel.app' has been blocked by CORS policy: Permission was denied for this request to access the `loopback` address space. @ https://pravrudhi.vercel.app/:0
[ 2799221ms] [ERROR] Failed to load resource: net::ERR_FAILED @ http://localhost:8008/status:0
[ 2800221ms] [ERROR] Access to fetch at 'http://localhost:8008/health' from origin 'https://pravrudhi.vercel.app' has been blocked by CORS policy: Permission was denied for this request to access the `loopback` address space. @ https://pravrudhi.vercel.app/:0
[ 2800221ms] [ERROR] Failed to load resource: net::ERR_FAILED @ http://localhost:8008/health:0
[ 2802222ms] [ERROR] Access to fetch at 'http://localhost:8008/status' from origin 'https://pravrudhi.vercel.app' has been blocked by CORS policy: Permission was denied for this request to access the `loopback` address space. @ https://pravrudhi.vercel.app/:0
[ 2802222ms] [ERROR] Failed to load resource: net::ERR_FAILED @ http://localhost:8008/status:0
[ 2805221ms] [ERROR] Access to fetch at 'http://localhost:8008/health' from origin 'https://pravrudhi.vercel.app' has been blocked by CORS policy: Permission was denied for this request to access the `loopback` address space. @ https://pravrudhi.vercel.app/:0
[ 2805221ms] [ERROR] Failed to load resource: net::ERR_FAILED @ http://localhost:8008/health:0
[ 2805226ms] [ERROR] Access to fetch at 'http://localhost:8008/status' from origin 'https://pravrudhi.vercel.app' has been blocked by CORS policy: Permission was denied for this request to access the `loopback` address space. @ https://pravrudhi.vercel.app/:0
[ 2805226ms] [ERROR] Failed to load resource: net::ERR_FAILED @ http://localhost:8008/status:0
[ 2808221ms] [ERROR] Access to fetch at 'http://localhost:8008/status' from origin 'https://pravrudhi.vercel.app' has been blocked by CORS policy: Permission was denied for this request to access the `loopback` address space. @ https://pravrudhi.vercel.app/:0
[ 2808221ms] [ERROR] Failed to load resource: net::ERR_FAILED @ http://localhost:8008/status:0
[ 2810221ms] [ERROR] Access to fetch at 'http://localhost:8008/health' from origin 'https://pravrudhi.vercel.app' has been blocked by CORS policy: Permission was denied for this request to access the `loopback` address space. @ https://pravrudhi.vercel.app/:0
[ 2810221ms] [ERROR] Failed to load resource: net::ERR_FAILED @ http://localhost:8008/health:0
[ 2811221ms] [ERROR] Access to fetch at 'http://localhost:8008/status' from origin 'https://pravrudhi.vercel.app' has been blocked by CORS policy: Permission was denied for this request to access the `loopback` address space. @ https://pravrudhi.vercel.app/:0
[ 2811222ms] [ERROR] Failed to load resource: net::ERR_FAILED @ http://localhost:8008/status:0
[ 2814221ms] [ERROR] Access to fetch at 'http://localhost:8008/status' from origin 'https://pravrudhi.vercel.app' has been blocked by CORS policy: Permission was denied for this request to access the `loopback` address space. @ https://pravrudhi.vercel.app/:0
[ 2814221ms] [ERROR] Failed to load resource: net::ERR_FAILED @ http://localhost:8008/status:0
[ 2815221ms] [ERROR] Access to fetch at 'http://localhost:8008/health' from origin 'https://pravrudhi.vercel.app' has been blocked by CORS policy: Permission was denied for this request to access the `loopback` address space. @ https://pravrudhi.vercel.app/:0
[ 2815221ms] [ERROR] Failed to load resource: net::ERR_FAILED @ http://localhost:8008/health:0
[ 2817222ms] [ERROR] Access to fetch at 'http://localhost:8008/status' from origin 'https://pravrudhi.vercel.app' has been blocked by CORS policy: Permission was denied for this request to access the `loopback` address space. @ https://pravrudhi.vercel.app/:0
[ 2817222ms] [ERROR] Failed to load resource: net::ERR_FAILED @ http://localhost:8008/status:0
[ 2820221ms] [ERROR] Access to fetch at 'http://localhost:8008/health' from origin 'https://pravrudhi.vercel.app' has been blocked by CORS policy: Permission was denied for this request to access the `loopback` address space. @ https://pravrudhi.vercel.app/:0
[ 2820221ms] [ERROR] Failed to load resource: net::ERR_FAILED @ http://localhost:8008/health:0
[ 2820224ms] [ERROR] Access to fetch at 'http://localhost:8008/status' from origin 'https://pravrudhi.vercel.app' has been blocked by CORS policy: Permission was denied for this request to access the `loopback` address space. @ https://pravrudhi.vercel.app/:0
[ 2820224ms] [ERROR] Failed to load resource: net::ERR_FAILED @ http://localhost:8008/status:0
[ 2823222ms] [ERROR] Access to fetch at 'http://localhost:8008/status' from origin 'https://pravrudhi.vercel.app' has been blocked by CORS policy: Permission was denied for this request to access the `loopback` address space. @ https://pravrudhi.vercel.app/:0
[ 2823222ms] [ERROR] Failed to load resource: net::ERR_FAILED @ http://localhost:8008/status:0
[ 2825221ms] [ERROR] Access to fetch at 'http://localhost:8008/health' from origin 'https://pravrudhi.vercel.app' has been blocked by CORS policy: Permission was denied for this request to access the `loopback` address space. @ https://pravrudhi.vercel.app/:0
[ 2825221ms] [ERROR] Failed to load resource: net::ERR_FAILED @ http://localhost:8008/health:0
[ 2826222ms] [ERROR] Access to fetch at 'http://localhost:8008/status' from origin 'https://pravrudhi.vercel.app' has been blocked by CORS policy: Permission was denied for this request to access the `loopback` address space. @ https://pravrudhi.vercel.app/:0
[ 2826222ms] [ERROR] Failed to load resource: net::ERR_FAILED @ http://localhost:8008/status:0
[ 2829222ms] [ERROR] Access to fetch at 'http://localhost:8008/status' from origin 'https://pravrudhi.vercel.app' has been blocked by CORS policy: Permission was denied for this request to access the `loopback` address space. @ https://pravrudhi.vercel.app/:0
[ 2829222ms] [ERROR] Failed to load resource: net::ERR_FAILED @ http://localhost:8008/status:0
[ 2830221ms] [ERROR] Access to fetch at 'http://localhost:8008/health' from origin 'https://pravrudhi.vercel.app' has been blocked by CORS policy: Permission was denied for this request to access the `loopback` address space. @ https://pravrudhi.vercel.app/:0
[ 2830221ms] [ERROR] Failed to load resource: net::ERR_FAILED @ http://localhost:8008/health:0
[ 2832221ms] [ERROR] Access to fetch at 'http://localhost:8008/status' from origin 'https://pravrudhi.vercel.app' has been blocked by CORS policy: Permission was denied for this request to access the `loopback` address space. @ https://pravrudhi.vercel.app/:0
[ 2832221ms] [ERROR] Failed to load resource: net::ERR_FAILED @ http://localhost:8008/status:0
[ 2835221ms] [ERROR] Access to fetch at 'http://localhost:8008/health' from origin 'https://pravrudhi.vercel.app' has been blocked by CORS policy: Permission was denied for this request to access the `loopback` address space. @ https://pravrudhi.vercel.app/:0
[ 2835221ms] [ERROR] Failed to load resource: net::ERR_FAILED @ http://localhost:8008/health:0
[ 2835224ms] [ERROR] Access to fetch at 'http://localhost:8008/status' from origin 'https://pravrudhi.vercel.app' has been blocked by CORS policy: Permission was denied for this request to access the `loopback` address space. @ https://pravrudhi.vercel.app/:0
[ 2835224ms] [ERROR] Failed to load resource: net::ERR_FAILED @ http://localhost:8008/status:0
[ 2838221ms] [ERROR] Access to fetch at 'http://localhost:8008/status' from origin 'https://pravrudhi.vercel.app' has been blocked by CORS policy: Permission was denied for this request to access the `loopback` address space. @ https://pravrudhi.vercel.app/:0
[ 2838221ms] [ERROR] Failed to load resource: net::ERR_FAILED @ http://localhost:8008/status:0
[ 2840221ms] [ERROR] Access to fetch at 'http://localhost:8008/health' from origin 'https://pravrudhi.vercel.app' has been blocked by CORS policy: Permission was denied for this request to access the `loopback` address space. @ https://pravrudhi.vercel.app/:0
[ 2840221ms] [ERROR] Failed to load resource: net::ERR_FAILED @ http://localhost:8008/health:0
[ 2841221ms] [ERROR] Access to fetch at 'http://localhost:8008/status' from origin 'https://pravrudhi.vercel.app' has been blocked by CORS policy: Permission was denied for this request to access the `loopback` address space. @ https://pravrudhi.vercel.app/:0
[ 2841221ms] [ERROR] Failed to load resource: net::ERR_FAILED @ http://localhost:8008/status:0
[ 2844221ms] [ERROR] Access to fetch at 'http://localhost:8008/status' from origin 'https://pravrudhi.vercel.app' has been blocked by CORS policy: Permission was denied for this request to access the `loopback` address space. @ https://pravrudhi.vercel.app/:0
[ 2844221ms] [ERROR] Failed to load resource: net::ERR_FAILED @ http://localhost:8008/status:0
[ 2845221ms] [ERROR] Access to fetch at 'http://localhost:8008/health' from origin 'https://pravrudhi.vercel.app' has been blocked by CORS policy: Permission was denied for this request to access the `loopback` address space. @ https://pravrudhi.vercel.app/:0
[ 2845221ms] [ERROR] Failed to load resource: net::ERR_FAILED @ http://localhost:8008/health:0
[ 2847222ms] [ERROR] Access to fetch at 'http://localhost:8008/status' from origin 'https://pravrudhi.vercel.app' has been blocked by CORS policy: Permission was denied for this request to access the `loopback` address space. @ https://pravrudhi.vercel.app/:0
[ 2847222ms] [ERROR] Failed to load resource: net::ERR_FAILED @ http://localhost:8008/status:0
[ 2850221ms] [ERROR] Access to fetch at 'http://localhost:8008/health' from origin 'https://pravrudhi.vercel.app' has been blocked by CORS policy: Permission was denied for this request to access the `loopback` address space. @ https://pravrudhi.vercel.app/:0
[ 2850221ms] [ERROR] Failed to load resource: net::ERR_FAILED @ http://localhost:8008/health:0
[ 2850221ms] [ERROR] Access to fetch at 'http://localhost:8008/status' from origin 'https://pravrudhi.vercel.app' has been blocked by CORS policy: Permission was denied for this request to access the `loopback` address space. @ https://pravrudhi.vercel.app/:0
[ 2850221ms] [ERROR] Failed to load resource: net::ERR_FAILED @ http://localhost:8008/status:0
[ 2853221ms] [ERROR] Access to fetch at 'http://localhost:8008/status' from origin 'https://pravrudhi.vercel.app' has been blocked by CORS policy: Permission was denied for this request to access the `loopback` address space. @ https://pravrudhi.vercel.app/:0
[ 2853221ms] [ERROR] Failed to load resource: net::ERR_FAILED @ http://localhost:8008/status:0
[ 2855221ms] [ERROR] Access to fetch at 'http://localhost:8008/health' from origin 'https://pravrudhi.vercel.app' has been blocked by CORS policy: Permission was denied for this request to access the `loopback` address space. @ https://pravrudhi.vercel.app/:0
[ 2855221ms] [ERROR] Failed to load resource: net::ERR_FAILED @ http://localhost:8008/health:0
[ 2856221ms] [ERROR] Access to fetch at 'http://localhost:8008/status' from origin 'https://pravrudhi.vercel.app' has been blocked by CORS policy: Permission was denied for this request to access the `loopback` address space. @ https://pravrudhi.vercel.app/:0
[ 2856221ms] [ERROR] Failed to load resource: net::ERR_FAILED @ http://localhost:8008/status:0
[ 2859221ms] [ERROR] Access to fetch at 'http://localhost:8008/status' from origin 'https://pravrudhi.vercel.app' has been blocked by CORS policy: Permission was denied for this request to access the `loopback` address space. @ https://pravrudhi.vercel.app/:0
[ 2859221ms] [ERROR] Failed to load resource: net::ERR_FAILED @ http://localhost:8008/status:0
[ 2860221ms] [ERROR] Access to fetch at 'http://localhost:8008/health' from origin 'https://pravrudhi.vercel.app' has been blocked by CORS policy: Permission was denied for this request to access the `loopback` address space. @ https://pravrudhi.vercel.app/:0
[ 2860221ms] [ERROR] Failed to load resource: net::ERR_FAILED @ http://localhost:8008/health:0
[ 2862221ms] [ERROR] Access to fetch at 'http://localhost:8008/status' from origin 'https://pravrudhi.vercel.app' has been blocked by CORS policy: Permission was denied for this request to access the `loopback` address space. @ https://pravrudhi.vercel.app/:0
[ 2862221ms] [ERROR] Failed to load resource: net::ERR_FAILED @ http://localhost:8008/status:0
[ 2865221ms] [ERROR] Access to fetch at 'http://localhost:8008/health' from origin 'https://pravrudhi.vercel.app' has been blocked by CORS policy: Permission was denied for this request to access the `loopback` address space. @ https://pravrudhi.vercel.app/:0
[ 2865221ms] [ERROR] Failed to load resource: net::ERR_FAILED @ http://localhost:8008/health:0
[ 2865221ms] [ERROR] Access to fetch at 'http://localhost:8008/status' from origin 'https://pravrudhi.vercel.app' has been blocked by CORS policy: Permission was denied for this request to access the `loopback` address space. @ https://pravrudhi.vercel.app/:0
[ 2865221ms] [ERROR] Failed to load resource: net::ERR_FAILED @ http://localhost:8008/status:0
[ 2868221ms] [ERROR] Access to fetch at 'http://localhost:8008/status' from origin 'https://pravrudhi.vercel.app' has been blocked by CORS policy: Permission was denied for this request to access the `loopback` address space. @ https://pravrudhi.vercel.app/:0
[ 2868221ms] [ERROR] Failed to load resource: net::ERR_FAILED @ http://localhost:8008/status:0
[ 2870221ms] [ERROR] Access to fetch at 'http://localhost:8008/health' from origin 'https://pravrudhi.vercel.app' has been blocked by CORS policy: Permission was denied for this request to access the `loopback` address space. @ https://pravrudhi.vercel.app/:0
[ 2870221ms] [ERROR] Failed to load resource: net::ERR_FAILED @ http://localhost:8008/health:0
[ 2871221ms] [ERROR] Access to fetch at 'http://localhost:8008/status' from origin 'https://pravrudhi.vercel.app' has been blocked by CORS policy: Permission was denied for this request to access the `loopback` address space. @ https://pravrudhi.vercel.app/:0
[ 2871222ms] [ERROR] Failed to load resource: net::ERR_FAILED @ http://localhost:8008/status:0
[ 2874222ms] [ERROR] Access to fetch at 'http://localhost:8008/status' from origin 'https://pravrudhi.vercel.app' has been blocked by CORS policy: Permission was denied for this request to access the `loopback` address space. @ https://pravrudhi.vercel.app/:0
[ 2874222ms] [ERROR] Failed to load resource: net::ERR_FAILED @ http://localhost:8008/status:0
[ 2875221ms] [ERROR] Access to fetch at 'http://localhost:8008/health' from origin 'https://pravrudhi.vercel.app' has been blocked by CORS policy: Permission was denied for this request to access the `loopback` address space. @ https://pravrudhi.vercel.app/:0
[ 2875221ms] [ERROR] Failed to load resource: net::ERR_FAILED @ http://localhost:8008/health:0
[ 2877221ms] [ERROR] Access to fetch at 'http://localhost:8008/status' from origin 'https://pravrudhi.vercel.app' has been blocked by CORS policy: Permission was denied for this request to access the `loopback` address space. @ https://pravrudhi.vercel.app/:0
[ 2877222ms] [ERROR] Failed to load resource: net::ERR_FAILED @ http://localhost:8008/status:0
[ 2880221ms] [ERROR] Access to fetch at 'http://localhost:8008/health' from origin 'https://pravrudhi.vercel.app' has been blocked by CORS policy: Permission was denied for this request to access the `loopback` address space. @ https://pravrudhi.vercel.app/:0
[ 2880221ms] [ERROR] Failed to load resource: net::ERR_FAILED @ http://localhost:8008/health:0
[ 2880221ms] [ERROR] Access to fetch at 'http://localhost:8008/status' from origin 'https://pravrudhi.vercel.app' has been blocked by CORS policy: Permission was denied for this request to access the `loopback` address space. @ https://pravrudhi.vercel.app/:0
[ 2880221ms] [ERROR] Failed to load resource: net::ERR_FAILED @ http://localhost:8008/status:0
[ 2883221ms] [ERROR] Access to fetch at 'http://localhost:8008/status' from origin 'https://pravrudhi.vercel.app' has been blocked by CORS policy: Permission was denied for this request to access the `loopback` address space. @ https://pravrudhi.vercel.app/:0
[ 2883222ms] [ERROR] Failed to load resource: net::ERR_FAILED @ http://localhost:8008/status:0
[ 2885221ms] [ERROR] Access to fetch at 'http://localhost:8008/health' from origin 'https://pravrudhi.vercel.app' has been blocked by CORS policy: Permission was denied for this request to access the `loopback` address space. @ https://pravrudhi.vercel.app/:0
[ 2885221ms] [ERROR] Failed to load resource: net::ERR_FAILED @ http://localhost:8008/health:0
[ 2886221ms] [ERROR] Access to fetch at 'http://localhost:8008/status' from origin 'https://pravrudhi.vercel.app' has been blocked by CORS policy: Permission was denied for this request to access the `loopback` address space. @ https://pravrudhi.vercel.app/:0
[ 2886221ms] [ERROR] Failed to load resource: net::ERR_FAILED @ http://localhost:8008/status:0
[ 2889222ms] [ERROR] Access to fetch at 'http://localhost:8008/status' from origin 'https://pravrudhi.vercel.app' has been blocked by CORS policy: Permission was denied for this request to access the `loopback` address space. @ https://pravrudhi.vercel.app/:0
[ 2889222ms] [ERROR] Failed to load resource: net::ERR_FAILED @ http://localhost:8008/status:0
[ 2890221ms] [ERROR] Access to fetch at 'http://localhost:8008/health' from origin 'https://pravrudhi.vercel.app' has been blocked by CORS policy: Permission was denied for this request to access the `loopback` address space. @ https://pravrudhi.vercel.app/:0
[ 2890221ms] [ERROR] Failed to load resource: net::ERR_FAILED @ http://localhost:8008/health:0
[ 2892221ms] [ERROR] Access to fetch at 'http://localhost:8008/status' from origin 'https://pravrudhi.vercel.app' has been blocked by CORS policy: Permission was denied for this request to access the `loopback` address space. @ https://pravrudhi.vercel.app/:0
[ 2892222ms] [ERROR] Failed to load resource: net::ERR_FAILED @ http://localhost:8008/status:0
[ 2895221ms] [ERROR] Access to fetch at 'http://localhost:8008/health' from origin 'https://pravrudhi.vercel.app' has been blocked by CORS policy: Permission was denied for this request to access the `loopback` address space. @ https://pravrudhi.vercel.app/:0
[ 2895221ms] [ERROR] Failed to load resource: net::ERR_FAILED @ http://localhost:8008/health:0
[ 2895224ms] [ERROR] Access to fetch at 'http://localhost:8008/status' from origin 'https://pravrudhi.vercel.app' has been blocked by CORS policy: Permission was denied for this request to access the `loopback` address space. @ https://pravrudhi.vercel.app/:0
[ 2895224ms] [ERROR] Failed to load resource: net::ERR_FAILED @ http://localhost:8008/status:0
[ 2898222ms] [ERROR] Access to fetch at 'http://localhost:8008/status' from origin 'https://pravrudhi.vercel.app' has been blocked by CORS policy: Permission was denied for this request to access the `loopback` address space. @ https://pravrudhi.vercel.app/:0
[ 2898222ms] [ERROR] Failed to load resource: net::ERR_FAILED @ http://localhost:8008/status:0
[ 2900221ms] [ERROR] Access to fetch at 'http://localhost:8008/health' from origin 'https://pravrudhi.vercel.app' has been blocked by CORS policy: Permission was denied for this request to access the `loopback` address space. @ https://pravrudhi.vercel.app/:0
[ 2900221ms] [ERROR] Failed to load resource: net::ERR_FAILED @ http://localhost:8008/health:0
[ 2901221ms] [ERROR] Access to fetch at 'http://localhost:8008/status' from origin 'https://pravrudhi.vercel.app' has been blocked by CORS policy: Permission was denied for this request to access the `loopback` address space. @ https://pravrudhi.vercel.app/:0
[ 2901222ms] [ERROR] Failed to load resource: net::ERR_FAILED @ http://localhost:8008/status:0
[ 2904222ms] [ERROR] Access to fetch at 'http://localhost:8008/status' from origin 'https://pravrudhi.vercel.app' has been blocked by CORS policy: Permission was denied for this request to access the `loopback` address space. @ https://pravrudhi.vercel.app/:0
[ 2904222ms] [ERROR] Failed to load resource: net::ERR_FAILED @ http://localhost:8008/status:0
[ 2905221ms] [ERROR] Access to fetch at 'http://localhost:8008/health' from origin 'https://pravrudhi.vercel.app' has been blocked by CORS policy: Permission was denied for this request to access the `loopback` address space. @ https://pravrudhi.vercel.app/:0
[ 2905221ms] [ERROR] Failed to load resource: net::ERR_FAILED @ http://localhost:8008/health:0
[ 2907222ms] [ERROR] Access to fetch at 'http://localhost:8008/status' from origin 'https://pravrudhi.vercel.app' has been blocked by CORS policy: Permission was denied for this request to access the `loopback` address space. @ https://pravrudhi.vercel.app/:0
[ 2907222ms] [ERROR] Failed to load resource: net::ERR_FAILED @ http://localhost:8008/status:0
[ 2910221ms] [ERROR] Access to fetch at 'http://localhost:8008/health' from origin 'https://pravrudhi.vercel.app' has been blocked by CORS policy: Permission was denied for this request to access the `loopback` address space. @ https://pravrudhi.vercel.app/:0
[ 2910221ms] [ERROR] Failed to load resource: net::ERR_FAILED @ http://localhost:8008/health:0
[ 2910221ms] [ERROR] Access to fetch at 'http://localhost:8008/status' from origin 'https://pravrudhi.vercel.app' has been blocked by CORS policy: Permission was denied for this request to access the `loopback` address space. @ https://pravrudhi.vercel.app/:0
[ 2910221ms] [ERROR] Failed to load resource: net::ERR_FAILED @ http://localhost:8008/status:0
[ 2913221ms] [ERROR] Access to fetch at 'http://localhost:8008/status' from origin 'https://pravrudhi.vercel.app' has been blocked by CORS policy: Permission was denied for this request to access the `loopback` address space. @ https://pravrudhi.vercel.app/:0
[ 2913222ms] [ERROR] Failed to load resource: net::ERR_FAILED @ http://localhost:8008/status:0
[ 2915221ms] [ERROR] Access to fetch at 'http://localhost:8008/health' from origin 'https://pravrudhi.vercel.app' has been blocked by CORS policy: Permission was denied for this request to access the `loopback` address space. @ https://pravrudhi.vercel.app/:0
[ 2915221ms] [ERROR] Failed to load resource: net::ERR_FAILED @ http://localhost:8008/health:0
[ 2916221ms] [ERROR] Access to fetch at 'http://localhost:8008/status' from origin 'https://pravrudhi.vercel.app' has been blocked by CORS policy: Permission was denied for this request to access the `loopback` address space. @ https://pravrudhi.vercel.app/:0
[ 2916222ms] [ERROR] Failed to load resource: net::ERR_FAILED @ http://localhost:8008/status:0
[ 2919221ms] [ERROR] Access to fetch at 'http://localhost:8008/status' from origin 'https://pravrudhi.vercel.app' has been blocked by CORS policy: Permission was denied for this request to access the `loopback` address space. @ https://pravrudhi.vercel.app/:0
[ 2919221ms] [ERROR] Failed to load resource: net::ERR_FAILED @ http://localhost:8008/status:0
[ 2920229ms] [ERROR] Access to fetch at 'http://localhost:8008/health' from origin 'https://pravrudhi.vercel.app' has been blocked by CORS policy: Permission was denied for this request to access the `loopback` address space. @ https://pravrudhi.vercel.app/:0
[ 2920229ms] [ERROR] Failed to load resource: net::ERR_FAILED @ http://localhost:8008/health:0
[ 2922222ms] [ERROR] Access to fetch at 'http://localhost:8008/status' from origin 'https://pravrudhi.vercel.app' has been blocked by CORS policy: Permission was denied for this request to access the `loopback` address space. @ https://pravrudhi.vercel.app/:0
[ 2922222ms] [ERROR] Failed to load resource: net::ERR_FAILED @ http://localhost:8008/status:0
[ 2925221ms] [ERROR] Access to fetch at 'http://localhost:8008/health' from origin 'https://pravrudhi.vercel.app' has been blocked by CORS policy: Permission was denied for this request to access the `loopback` address space. @ https://pravrudhi.vercel.app/:0
[ 2925221ms] [ERROR] Failed to load resource: net::ERR_FAILED @ http://localhost:8008/health:0
[ 2925221ms] [ERROR] Access to fetch at 'http://localhost:8008/status' from origin 'https://pravrudhi.vercel.app' has been blocked by CORS policy: Permission was denied for this request to access the `loopback` address space. @ https://pravrudhi.vercel.app/:0
[ 2925221ms] [ERROR] Failed to load resource: net::ERR_FAILED @ http://localhost:8008/status:0
[ 2928221ms] [ERROR] Access to fetch at 'http://localhost:8008/status' from origin 'https://pravrudhi.vercel.app' has been blocked by CORS policy: Permission was denied for this request to access the `loopback` address space. @ https://pravrudhi.vercel.app/:0
[ 2928221ms] [ERROR] Failed to load resource: net::ERR_FAILED @ http://localhost:8008/status:0
[ 2930221ms] [ERROR] Access to fetch at 'http://localhost:8008/health' from origin 'https://pravrudhi.vercel.app' has been blocked by CORS policy: Permission was denied for this request to access the `loopback` address space. @ https://pravrudhi.vercel.app/:0
[ 2930221ms] [ERROR] Failed to load resource: net::ERR_FAILED @ http://localhost:8008/health:0
[ 2931222ms] [ERROR] Access to fetch at 'http://localhost:8008/status' from origin 'https://pravrudhi.vercel.app' has been blocked by CORS policy: Permission was denied for this request to access the `loopback` address space. @ https://pravrudhi.vercel.app/:0
[ 2931222ms] [ERROR] Failed to load resource: net::ERR_FAILED @ http://localhost:8008/status:0
[ 2934221ms] [ERROR] Access to fetch at 'http://localhost:8008/status' from origin 'https://pravrudhi.vercel.app' has been blocked by CORS policy: Permission was denied for this request to access the `loopback` address space. @ https://pravrudhi.vercel.app/:0
[ 2934222ms] [ERROR] Failed to load resource: net::ERR_FAILED @ http://localhost:8008/status:0
[ 2935221ms] [ERROR] Access to fetch at 'http://localhost:8008/health' from origin 'https://pravrudhi.vercel.app' has been blocked by CORS policy: Permission was denied for this request to access the `loopback` address space. @ https://pravrudhi.vercel.app/:0
[ 2935221ms] [ERROR] Failed to load resource: net::ERR_FAILED @ http://localhost:8008/health:0
[ 2937221ms] [ERROR] Access to fetch at 'http://localhost:8008/status' from origin 'https://pravrudhi.vercel.app' has been blocked by CORS policy: Permission was denied for this request to access the `loopback` address space. @ https://pravrudhi.vercel.app/:0
[ 2937222ms] [ERROR] Failed to load resource: net::ERR_FAILED @ http://localhost:8008/status:0
[ 2940221ms] [ERROR] Access to fetch at 'http://localhost:8008/health' from origin 'https://pravrudhi.vercel.app' has been blocked by CORS policy: Permission was denied for this request to access the `loopback` address space. @ https://pravrudhi.vercel.app/:0
[ 2940221ms] [ERROR] Failed to load resource: net::ERR_FAILED @ http://localhost:8008/health:0
[ 2940222ms] [ERROR] Access to fetch at 'http://localhost:8008/status' from origin 'https://pravrudhi.vercel.app' has been blocked by CORS policy: Permission was denied for this request to access the `loopback` address space. @ https://pravrudhi.vercel.app/:0
[ 2940222ms] [ERROR] Failed to load resource: net::ERR_FAILED @ http://localhost:8008/status:0
[ 2943222ms] [ERROR] Access to fetch at 'http://localhost:8008/status' from origin 'https://pravrudhi.vercel.app' has been blocked by CORS policy: Permission was denied for this request to access the `loopback` address space. @ https://pravrudhi.vercel.app/:0
[ 2943222ms] [ERROR] Failed to load resource: net::ERR_FAILED @ http://localhost:8008/status:0
[ 2945221ms] [ERROR] Access to fetch at 'http://localhost:8008/health' from origin 'https://pravrudhi.vercel.app' has been blocked by CORS policy: Permission was denied for this request to access the `loopback` address space. @ https://pravrudhi.vercel.app/:0
[ 2945221ms] [ERROR] Failed to load resource: net::ERR_FAILED @ http://localhost:8008/health:0
[ 2946221ms] [ERROR] Access to fetch at 'http://localhost:8008/status' from origin 'https://pravrudhi.vercel.app' has been blocked by CORS policy: Permission was denied for this request to access the `loopback` address space. @ https://pravrudhi.vercel.app/:0
[ 2946221ms] [ERROR] Failed to load resource: net::ERR_FAILED @ http://localhost:8008/status:0
[ 2949222ms] [ERROR] Access to fetch at 'http://localhost:8008/status' from origin 'https://pravrudhi.vercel.app' has been blocked by CORS policy: Permission was denied for this request to access the `loopback` address space. @ https://pravrudhi.vercel.app/:0
[ 2949222ms] [ERROR] Failed to load resource: net::ERR_FAILED @ http://localhost:8008/status:0
[ 2950221ms] [ERROR] Access to fetch at 'http://localhost:8008/health' from origin 'https://pravrudhi.vercel.app' has been blocked by CORS policy: Permission was denied for this request to access the `loopback` address space. @ https://pravrudhi.vercel.app/:0
[ 2950221ms] [ERROR] Failed to load resource: net::ERR_FAILED @ http://localhost:8008/health:0
[ 2952222ms] [ERROR] Access to fetch at 'http://localhost:8008/status' from origin 'https://pravrudhi.vercel.app' has been blocked by CORS policy: Permission was denied for this request to access the `loopback` address space. @ https://pravrudhi.vercel.app/:0
[ 2952222ms] [ERROR] Failed to load resource: net::ERR_FAILED @ http://localhost:8008/status:0
[ 2955221ms] [ERROR] Access to fetch at 'http://localhost:8008/health' from origin 'https://pravrudhi.vercel.app' has been blocked by CORS policy: Permission was denied for this request to access the `loopback` address space. @ https://pravrudhi.vercel.app/:0
[ 2955221ms] [ERROR] Failed to load resource: net::ERR_FAILED @ http://localhost:8008/health:0
[ 2955222ms] [ERROR] Access to fetch at 'http://localhost:8008/status' from origin 'https://pravrudhi.vercel.app' has been blocked by CORS policy: Permission was denied for this request to access the `loopback` address space. @ https://pravrudhi.vercel.app/:0
[ 2955222ms] [ERROR] Failed to load resource: net::ERR_FAILED @ http://localhost:8008/status:0
[ 2958221ms] [ERROR] Access to fetch at 'http://localhost:8008/status' from origin 'https://pravrudhi.vercel.app' has been blocked by CORS policy: Permission was denied for this request to access the `loopback` address space. @ https://pravrudhi.vercel.app/:0
[ 2958221ms] [ERROR] Failed to load resource: net::ERR_FAILED @ http://localhost:8008/status:0
[ 2960221ms] [ERROR] Access to fetch at 'http://localhost:8008/health' from origin 'https://pravrudhi.vercel.app' has been blocked by CORS policy: Permission was denied for this request to access the `loopback` address space. @ https://pravrudhi.vercel.app/:0
[ 2960221ms] [ERROR] Failed to load resource: net::ERR_FAILED @ http://localhost:8008/health:0
[ 2961222ms] [ERROR] Access to fetch at 'http://localhost:8008/status' from origin 'https://pravrudhi.vercel.app' has been blocked by CORS policy: Permission was denied for this request to access the `loopback` address space. @ https://pravrudhi.vercel.app/:0
[ 2961222ms] [ERROR] Failed to load resource: net::ERR_FAILED @ http://localhost:8008/status:0
[ 2964222ms] [ERROR] Access to fetch at 'http://localhost:8008/status' from origin 'https://pravrudhi.vercel.app' has been blocked by CORS policy: Permission was denied for this request to access the `loopback` address space. @ https://pravrudhi.vercel.app/:0
[ 2964222ms] [ERROR] Failed to load resource: net::ERR_FAILED @ http://localhost:8008/status:0
[ 2965221ms] [ERROR] Access to fetch at 'http://localhost:8008/health' from origin 'https://pravrudhi.vercel.app' has been blocked by CORS policy: Permission was denied for this request to access the `loopback` address space. @ https://pravrudhi.vercel.app/:0
[ 2965221ms] [ERROR] Failed to load resource: net::ERR_FAILED @ http://localhost:8008/health:0
[ 2967222ms] [ERROR] Access to fetch at 'http://localhost:8008/status' from origin 'https://pravrudhi.vercel.app' has been blocked by CORS policy: Permission was denied for this request to access the `loopback` address space. @ https://pravrudhi.vercel.app/:0
[ 2967222ms] [ERROR] Failed to load resource: net::ERR_FAILED @ http://localhost:8008/status:0
[ 2970221ms] [ERROR] Access to fetch at 'http://localhost:8008/health' from origin 'https://pravrudhi.vercel.app' has been blocked by CORS policy: Permission was denied for this request to access the `loopback` address space. @ https://pravrudhi.vercel.app/:0
[ 2970222ms] [ERROR] Failed to load resource: net::ERR_FAILED @ http://localhost:8008/health:0
[ 2970222ms] [ERROR] Access to fetch at 'http://localhost:8008/status' from origin 'https://pravrudhi.vercel.app' has been blocked by CORS policy: Permission was denied for this request to access the `loopback` address space. @ https://pravrudhi.vercel.app/:0
[ 2970222ms] [ERROR] Failed to load resource: net::ERR_FAILED @ http://localhost:8008/status:0
[ 2973221ms] [ERROR] Access to fetch at 'http://localhost:8008/status' from origin 'https://pravrudhi.vercel.app' has been blocked by CORS policy: Permission was denied for this request to access the `loopback` address space. @ https://pravrudhi.vercel.app/:0
[ 2973221ms] [ERROR] Failed to load resource: net::ERR_FAILED @ http://localhost:8008/status:0
[ 2975221ms] [ERROR] Access to fetch at 'http://localhost:8008/health' from origin 'https://pravrudhi.vercel.app' has been blocked by CORS policy: Permission was denied for this request to access the `loopback` address space. @ https://pravrudhi.vercel.app/:0
[ 2975221ms] [ERROR] Failed to load resource: net::ERR_FAILED @ http://localhost:8008/health:0
[ 2976221ms] [ERROR] Access to fetch at 'http://localhost:8008/status' from origin 'https://pravrudhi.vercel.app' has been blocked by CORS policy: Permission was denied for this request to access the `loopback` address space. @ https://pravrudhi.vercel.app/:0
[ 2976222ms] [ERROR] Failed to load resource: net::ERR_FAILED @ http://localhost:8008/status:0
[ 2979222ms] [ERROR] Access to fetch at 'http://localhost:8008/status' from origin 'https://pravrudhi.vercel.app' has been blocked by CORS policy: Permission was denied for this request to access the `loopback` address space. @ https://pravrudhi.vercel.app/:0
[ 2979222ms] [ERROR] Failed to load resource: net::ERR_FAILED @ http://localhost:8008/status:0
[ 2980221ms] [ERROR] Access to fetch at 'http://localhost:8008/health' from origin 'https://pravrudhi.vercel.app' has been blocked by CORS policy: Permission was denied for this request to access the `loopback` address space. @ https://pravrudhi.vercel.app/:0
[ 2980221ms] [ERROR] Failed to load resource: net::ERR_FAILED @ http://localhost:8008/health:0
[ 2982222ms] [ERROR] Access to fetch at 'http://localhost:8008/status' from origin 'https://pravrudhi.vercel.app' has been blocked by CORS policy: Permission was denied for this request to access the `loopback` address space. @ https://pravrudhi.vercel.app/:0
[ 2982222ms] [ERROR] Failed to load resource: net::ERR_FAILED @ http://localhost:8008/status:0
[ 2985221ms] [ERROR] Access to fetch at 'http://localhost:8008/health' from origin 'https://pravrudhi.vercel.app' has been blocked by CORS policy: Permission was denied for this request to access the `loopback` address space. @ https://pravrudhi.vercel.app/:0
[ 2985221ms] [ERROR] Failed to load resource: net::ERR_FAILED @ http://localhost:8008/health:0
[ 2985221ms] [ERROR] Access to fetch at 'http://localhost:8008/status' from origin 'https://pravrudhi.vercel.app' has been blocked by CORS policy: Permission was denied for this request to access the `loopback` address space. @ https://pravrudhi.vercel.app/:0
[ 2985221ms] [ERROR] Failed to load resource: net::ERR_FAILED @ http://localhost:8008/status:0
[ 2988221ms] [ERROR] Access to fetch at 'http://localhost:8008/status' from origin 'https://pravrudhi.vercel.app' has been blocked by CORS policy: Permission was denied for this request to access the `loopback` address space. @ https://pravrudhi.vercel.app/:0
[ 2988221ms] [ERROR] Failed to load resource: net::ERR_FAILED @ http://localhost:8008/status:0
[ 2990221ms] [ERROR] Access to fetch at 'http://localhost:8008/health' from origin 'https://pravrudhi.vercel.app' has been blocked by CORS policy: Permission was denied for this request to access the `loopback` address space. @ https://pravrudhi.vercel.app/:0
[ 2990221ms] [ERROR] Failed to load resource: net::ERR_FAILED @ http://localhost:8008/health:0
[ 2991221ms] [ERROR] Access to fetch at 'http://localhost:8008/status' from origin 'https://pravrudhi.vercel.app' has been blocked by CORS policy: Permission was denied for this request to access the `loopback` address space. @ https://pravrudhi.vercel.app/:0
[ 2991222ms] [ERROR] Failed to load resource: net::ERR_FAILED @ http://localhost:8008/status:0
[ 2994222ms] [ERROR] Access to fetch at 'http://localhost:8008/status' from origin 'https://pravrudhi.vercel.app' has been blocked by CORS policy: Permission was denied for this request to access the `loopback` address space. @ https://pravrudhi.vercel.app/:0
[ 2994222ms] [ERROR] Failed to load resource: net::ERR_FAILED @ http://localhost:8008/status:0
[ 2995221ms] [ERROR] Access to fetch at 'http://localhost:8008/health' from origin 'https://pravrudhi.vercel.app' has been blocked by CORS policy: Permission was denied for this request to access the `loopback` address space. @ https://pravrudhi.vercel.app/:0
[ 2995221ms] [ERROR] Failed to load resource: net::ERR_FAILED @ http://localhost:8008/health:0
[ 2997221ms] [ERROR] Access to fetch at 'http://localhost:8008/status' from origin 'https://pravrudhi.vercel.app' has been blocked by CORS policy: Permission was denied for this request to access the `loopback` address space. @ https://pravrudhi.vercel.app/:0
[ 2997222ms] [ERROR] Failed to load resource: net::ERR_FAILED @ http://localhost:8008/status:0
[ 3000224ms] [ERROR] Access to fetch at 'http://localhost:8008/health' from origin 'https://pravrudhi.vercel.app' has been blocked by CORS policy: Permission was denied for this request to access the `loopback` address space. @ https://pravrudhi.vercel.app/:0
[ 3000224ms] [ERROR] Failed to load resource: net::ERR_FAILED @ http://localhost:8008/health:0
[ 3000225ms] [ERROR] Access to fetch at 'http://localhost:8008/status' from origin 'https://pravrudhi.vercel.app' has been blocked by CORS policy: Permission was denied for this request to access the `loopback` address space. @ https://pravrudhi.vercel.app/:0
[ 3000225ms] [ERROR] Failed to load resource: net::ERR_FAILED @ http://localhost:8008/status:0
[ 3003222ms] [ERROR] Access to fetch at 'http://localhost:8008/status' from origin 'https://pravrudhi.vercel.app' has been blocked by CORS policy: Permission was denied for this request to access the `loopback` address space. @ https://pravrudhi.vercel.app/:0
[ 3003222ms] [ERROR] Failed to load resource: net::ERR_FAILED @ http://localhost:8008/status:0
[ 3005221ms] [ERROR] Access to fetch at 'http://localhost:8008/health' from origin 'https://pravrudhi.vercel.app' has been blocked by CORS policy: Permission was denied for this request to access the `loopback` address space. @ https://pravrudhi.vercel.app/:0
[ 3005221ms] [ERROR] Failed to load resource: net::ERR_FAILED @ http://localhost:8008/health:0
[ 3006221ms] [ERROR] Access to fetch at 'http://localhost:8008/status' from origin 'https://pravrudhi.vercel.app' has been blocked by CORS policy: Permission was denied for this request to access the `loopback` address space. @ https://pravrudhi.vercel.app/:0
[ 3006221ms] [ERROR] Failed to load resource: net::ERR_FAILED @ http://localhost:8008/status:0
[ 3009221ms] [ERROR] Access to fetch at 'http://localhost:8008/status' from origin 'https://pravrudhi.vercel.app' has been blocked by CORS policy: Permission was denied for this request to access the `loopback` address space. @ https://pravrudhi.vercel.app/:0
[ 3009222ms] [ERROR] Failed to load resource: net::ERR_FAILED @ http://localhost:8008/status:0
[ 3010221ms] [ERROR] Access to fetch at 'http://localhost:8008/health' from origin 'https://pravrudhi.vercel.app' has been blocked by CORS policy: Permission was denied for this request to access the `loopback` address space. @ https://pravrudhi.vercel.app/:0
[ 3010221ms] [ERROR] Failed to load resource: net::ERR_FAILED @ http://localhost:8008/health:0
[ 3012221ms] [ERROR] Access to fetch at 'http://localhost:8008/status' from origin 'https://pravrudhi.vercel.app' has been blocked by CORS policy: Permission was denied for this request to access the `loopback` address space. @ https://pravrudhi.vercel.app/:0
[ 3012222ms] [ERROR] Failed to load resource: net::ERR_FAILED @ http://localhost:8008/status:0
[ 3015224ms] [ERROR] Access to fetch at 'http://localhost:8008/health' from origin 'https://pravrudhi.vercel.app' has been blocked by CORS policy: Permission was denied for this request to access the `loopback` address space. @ https://pravrudhi.vercel.app/:0
[ 3015224ms] [ERROR] Failed to load resource: net::ERR_FAILED @ http://localhost:8008/health:0
[ 3015225ms] [ERROR] Access to fetch at 'http://localhost:8008/status' from origin 'https://pravrudhi.vercel.app' has been blocked by CORS policy: Permission was denied for this request to access the `loopback` address space. @ https://pravrudhi.vercel.app/:0
[ 3015225ms] [ERROR] Failed to load resource: net::ERR_FAILED @ http://localhost:8008/status:0
[ 3018221ms] [ERROR] Access to fetch at 'http://localhost:8008/status' from origin 'https://pravrudhi.vercel.app' has been blocked by CORS policy: Permission was denied for this request to access the `loopback` address space. @ https://pravrudhi.vercel.app/:0
[ 3018222ms] [ERROR] Failed to load resource: net::ERR_FAILED @ http://localhost:8008/status:0
[ 3020221ms] [ERROR] Access to fetch at 'http://localhost:8008/health' from origin 'https://pravrudhi.vercel.app' has been blocked by CORS policy: Permission was denied for this request to access the `loopback` address space. @ https://pravrudhi.vercel.app/:0
[ 3020221ms] [ERROR] Failed to load resource: net::ERR_FAILED @ http://localhost:8008/health:0
[ 3021221ms] [ERROR] Access to fetch at 'http://localhost:8008/status' from origin 'https://pravrudhi.vercel.app' has been blocked by CORS policy: Permission was denied for this request to access the `loopback` address space. @ https://pravrudhi.vercel.app/:0
[ 3021221ms] [ERROR] Failed to load resource: net::ERR_FAILED @ http://localhost:8008/status:0
[ 3024221ms] [ERROR] Access to fetch at 'http://localhost:8008/status' from origin 'https://pravrudhi.vercel.app' has been blocked by CORS policy: Permission was denied for this request to access the `loopback` address space. @ https://pravrudhi.vercel.app/:0
[ 3024221ms] [ERROR] Failed to load resource: net::ERR_FAILED @ http://localhost:8008/status:0
[ 3025221ms] [ERROR] Access to fetch at 'http://localhost:8008/health' from origin 'https://pravrudhi.vercel.app' has been blocked by CORS policy: Permission was denied for this request to access the `loopback` address space. @ https://pravrudhi.vercel.app/:0
[ 3025221ms] [ERROR] Failed to load resource: net::ERR_FAILED @ http://localhost:8008/health:0
[ 3027221ms] [ERROR] Access to fetch at 'http://localhost:8008/status' from origin 'https://pravrudhi.vercel.app' has been blocked by CORS policy: Permission was denied for this request to access the `loopback` address space. @ https://pravrudhi.vercel.app/:0
[ 3027221ms] [ERROR] Failed to load resource: net::ERR_FAILED @ http://localhost:8008/status:0
[ 3030221ms] [ERROR] Access to fetch at 'http://localhost:8008/health' from origin 'https://pravrudhi.vercel.app' has been blocked by CORS policy: Permission was denied for this request to access the `loopback` address space. @ https://pravrudhi.vercel.app/:0
[ 3030221ms] [ERROR] Failed to load resource: net::ERR_FAILED @ http://localhost:8008/health:0
[ 3030222ms] [ERROR] Access to fetch at 'http://localhost:8008/status' from origin 'https://pravrudhi.vercel.app' has been blocked by CORS policy: Permission was denied for this request to access the `loopback` address space. @ https://pravrudhi.vercel.app/:0
[ 3030222ms] [ERROR] Failed to load resource: net::ERR_FAILED @ http://localhost:8008/status:0
[ 3033221ms] [ERROR] Access to fetch at 'http://localhost:8008/status' from origin 'https://pravrudhi.vercel.app' has been blocked by CORS policy: Permission was denied for this request to access the `loopback` address space. @ https://pravrudhi.vercel.app/:0
[ 3033221ms] [ERROR] Failed to load resource: net::ERR_FAILED @ http://localhost:8008/status:0
[ 3035221ms] [ERROR] Access to fetch at 'http://localhost:8008/health' from origin 'https://pravrudhi.vercel.app' has been blocked by CORS policy: Permission was denied for this request to access the `loopback` address space. @ https://pravrudhi.vercel.app/:0
[ 3035221ms] [ERROR] Failed to load resource: net::ERR_FAILED @ http://localhost:8008/health:0
[ 3036221ms] [ERROR] Access to fetch at 'http://localhost:8008/status' from origin 'https://pravrudhi.vercel.app' has been blocked by CORS policy: Permission was denied for this request to access the `loopback` address space. @ https://pravrudhi.vercel.app/:0
[ 3036221ms] [ERROR] Failed to load resource: net::ERR_FAILED @ http://localhost:8008/status:0
[ 3039222ms] [ERROR] Access to fetch at 'http://localhost:8008/status' from origin 'https://pravrudhi.vercel.app' has been blocked by CORS policy: Permission was denied for this request to access the `loopback` address space. @ https://pravrudhi.vercel.app/:0
[ 3039222ms] [ERROR] Failed to load resource: net::ERR_FAILED @ http://localhost:8008/status:0
[ 3040221ms] [ERROR] Access to fetch at 'http://localhost:8008/health' from origin 'https://pravrudhi.vercel.app' has been blocked by CORS policy: Permission was denied for this request to access the `loopback` address space. @ https://pravrudhi.vercel.app/:0
[ 3040221ms] [ERROR] Failed to load resource: net::ERR_FAILED @ http://localhost:8008/health:0
[ 3042221ms] [ERROR] Access to fetch at 'http://localhost:8008/status' from origin 'https://pravrudhi.vercel.app' has been blocked by CORS policy: Permission was denied for this request to access the `loopback` address space. @ https://pravrudhi.vercel.app/:0
[ 3042222ms] [ERROR] Failed to load resource: net::ERR_FAILED @ http://localhost:8008/status:0
[ 3045221ms] [ERROR] Access to fetch at 'http://localhost:8008/health' from origin 'https://pravrudhi.vercel.app' has been blocked by CORS policy: Permission was denied for this request to access the `loopback` address space. @ https://pravrudhi.vercel.app/:0
[ 3045221ms] [ERROR] Failed to load resource: net::ERR_FAILED @ http://localhost:8008/health:0
[ 3045221ms] [ERROR] Access to fetch at 'http://localhost:8008/status' from origin 'https://pravrudhi.vercel.app' has been blocked by CORS policy: Permission was denied for this request to access the `loopback` address space. @ https://pravrudhi.vercel.app/:0
[ 3045221ms] [ERROR] Failed to load resource: net::ERR_FAILED @ http://localhost:8008/status:0
[ 3048221ms] [ERROR] Access to fetch at 'http://localhost:8008/status' from origin 'https://pravrudhi.vercel.app' has been blocked by CORS policy: Permission was denied for this request to access the `loopback` address space. @ https://pravrudhi.vercel.app/:0
[ 3048222ms] [ERROR] Failed to load resource: net::ERR_FAILED @ http://localhost:8008/status:0
[ 3050221ms] [ERROR] Access to fetch at 'http://localhost:8008/health' from origin 'https://pravrudhi.vercel.app' has been blocked by CORS policy: Permission was denied for this request to access the `loopback` address space. @ https://pravrudhi.vercel.app/:0
[ 3050221ms] [ERROR] Failed to load resource: net::ERR_FAILED @ http://localhost:8008/health:0
[ 3051221ms] [ERROR] Access to fetch at 'http://localhost:8008/status' from origin 'https://pravrudhi.vercel.app' has been blocked by CORS policy: Permission was denied for this request to access the `loopback` address space. @ https://pravrudhi.vercel.app/:0
[ 3051221ms] [ERROR] Failed to load resource: net::ERR_FAILED @ http://localhost:8008/status:0
[ 3054221ms] [ERROR] Access to fetch at 'http://localhost:8008/status' from origin 'https://pravrudhi.vercel.app' has been blocked by CORS policy: Permission was denied for this request to access the `loopback` address space. @ https://pravrudhi.vercel.app/:0
[ 3054222ms] [ERROR] Failed to load resource: net::ERR_FAILED @ http://localhost:8008/status:0
[ 3055221ms] [ERROR] Access to fetch at 'http://localhost:8008/health' from origin 'https://pravrudhi.vercel.app' has been blocked by CORS policy: Permission was denied for this request to access the `loopback` address space. @ https://pravrudhi.vercel.app/:0
[ 3055221ms] [ERROR] Failed to load resource: net::ERR_FAILED @ http://localhost:8008/health:0
[ 3057221ms] [ERROR] Access to fetch at 'http://localhost:8008/status' from origin 'https://pravrudhi.vercel.app' has been blocked by CORS policy: Permission was denied for this request to access the `loopback` address space. @ https://pravrudhi.vercel.app/:0
[ 3057222ms] [ERROR] Failed to load resource: net::ERR_FAILED @ http://localhost:8008/status:0
[ 3060221ms] [ERROR] Access to fetch at 'http://localhost:8008/health' from origin 'https://pravrudhi.vercel.app' has been blocked by CORS policy: Permission was denied for this request to access the `loopback` address space. @ https://pravrudhi.vercel.app/:0
[ 3060221ms] [ERROR] Failed to load resource: net::ERR_FAILED @ http://localhost:8008/health:0
[ 3060221ms] [ERROR] Access to fetch at 'http://localhost:8008/status' from origin 'https://pravrudhi.vercel.app' has been blocked by CORS policy: Permission was denied for this request to access the `loopback` address space. @ https://pravrudhi.vercel.app/:0
[ 3060221ms] [ERROR] Failed to load resource: net::ERR_FAILED @ http://localhost:8008/status:0
[ 3063221ms] [ERROR] Access to fetch at 'http://localhost:8008/status' from origin 'https://pravrudhi.vercel.app' has been blocked by CORS policy: Permission was denied for this request to access the `loopback` address space. @ https://pravrudhi.vercel.app/:0
[ 3063221ms] [ERROR] Failed to load resource: net::ERR_FAILED @ http://localhost:8008/status:0
[ 3065221ms] [ERROR] Access to fetch at 'http://localhost:8008/health' from origin 'https://pravrudhi.vercel.app' has been blocked by CORS policy: Permission was denied for this request to access the `loopback` address space. @ https://pravrudhi.vercel.app/:0
[ 3065221ms] [ERROR] Failed to load resource: net::ERR_FAILED @ http://localhost:8008/health:0
[ 3066221ms] [ERROR] Access to fetch at 'http://localhost:8008/status' from origin 'https://pravrudhi.vercel.app' has been blocked by CORS policy: Permission was denied for this request to access the `loopback` address space. @ https://pravrudhi.vercel.app/:0
[ 3066221ms] [ERROR] Failed to load resource: net::ERR_FAILED @ http://localhost:8008/status:0
[ 3069222ms] [ERROR] Access to fetch at 'http://localhost:8008/status' from origin 'https://pravrudhi.vercel.app' has been blocked by CORS policy: Permission was denied for this request to access the `loopback` address space. @ https://pravrudhi.vercel.app/:0
[ 3069222ms] [ERROR] Failed to load resource: net::ERR_FAILED @ http://localhost:8008/status:0
[ 3070221ms] [ERROR] Access to fetch at 'http://localhost:8008/health' from origin 'https://pravrudhi.vercel.app' has been blocked by CORS policy: Permission was denied for this request to access the `loopback` address space. @ https://pravrudhi.vercel.app/:0
[ 3070221ms] [ERROR] Failed to load resource: net::ERR_FAILED @ http://localhost:8008/health:0
[ 3072221ms] [ERROR] Access to fetch at 'http://localhost:8008/status' from origin 'https://pravrudhi.vercel.app' has been blocked by CORS policy: Permission was denied for this request to access the `loopback` address space. @ https://pravrudhi.vercel.app/:0
[ 3072221ms] [ERROR] Failed to load resource: net::ERR_FAILED @ http://localhost:8008/status:0
[ 3075221ms] [ERROR] Access to fetch at 'http://localhost:8008/health' from origin 'https://pravrudhi.vercel.app' has been blocked by CORS policy: Permission was denied for this request to access the `loopback` address space. @ https://pravrudhi.vercel.app/:0
[ 3075221ms] [ERROR] Failed to load resource: net::ERR_FAILED @ http://localhost:8008/health:0
[ 3075221ms] [ERROR] Access to fetch at 'http://localhost:8008/status' from origin 'https://pravrudhi.vercel.app' has been blocked by CORS policy: Permission was denied for this request to access the `loopback` address space. @ https://pravrudhi.vercel.app/:0
[ 3075221ms] [ERROR] Failed to load resource: net::ERR_FAILED @ http://localhost:8008/status:0
[ 3078222ms] [ERROR] Access to fetch at 'http://localhost:8008/status' from origin 'https://pravrudhi.vercel.app' has been blocked by CORS policy: Permission was denied for this request to access the `loopback` address space. @ https://pravrudhi.vercel.app/:0
[ 3078222ms] [ERROR] Failed to load resource: net::ERR_FAILED @ http://localhost:8008/status:0
[ 3080221ms] [ERROR] Access to fetch at 'http://localhost:8008/health' from origin 'https://pravrudhi.vercel.app' has been blocked by CORS policy: Permission was denied for this request to access the `loopback` address space. @ https://pravrudhi.vercel.app/:0
[ 3080221ms] [ERROR] Failed to load resource: net::ERR_FAILED @ http://localhost:8008/health:0
[ 3081221ms] [ERROR] Access to fetch at 'http://localhost:8008/status' from origin 'https://pravrudhi.vercel.app' has been blocked by CORS policy: Permission was denied for this request to access the `loopback` address space. @ https://pravrudhi.vercel.app/:0
[ 3081221ms] [ERROR] Failed to load resource: net::ERR_FAILED @ http://localhost:8008/status:0
[ 3084221ms] [ERROR] Access to fetch at 'http://localhost:8008/status' from origin 'https://pravrudhi.vercel.app' has been blocked by CORS policy: Permission was denied for this request to access the `loopback` address space. @ https://pravrudhi.vercel.app/:0
[ 3084221ms] [ERROR] Failed to load resource: net::ERR_FAILED @ http://localhost:8008/status:0
[ 3085221ms] [ERROR] Access to fetch at 'http://localhost:8008/health' from origin 'https://pravrudhi.vercel.app' has been blocked by CORS policy: Permission was denied for this request to access the `loopback` address space. @ https://pravrudhi.vercel.app/:0
[ 3085221ms] [ERROR] Failed to load resource: net::ERR_FAILED @ http://localhost:8008/health:0
[ 3087222ms] [ERROR] Access to fetch at 'http://localhost:8008/status' from origin 'https://pravrudhi.vercel.app' has been blocked by CORS policy: Permission was denied for this request to access the `loopback` address space. @ https://pravrudhi.vercel.app/:0
[ 3087222ms] [ERROR] Failed to load resource: net::ERR_FAILED @ http://localhost:8008/status:0
[ 3090221ms] [ERROR] Access to fetch at 'http://localhost:8008/health' from origin 'https://pravrudhi.vercel.app' has been blocked by CORS policy: Permission was denied for this request to access the `loopback` address space. @ https://pravrudhi.vercel.app/:0
[ 3090221ms] [ERROR] Failed to load resource: net::ERR_FAILED @ http://localhost:8008/health:0
[ 3090221ms] [ERROR] Access to fetch at 'http://localhost:8008/status' from origin 'https://pravrudhi.vercel.app' has been blocked by CORS policy: Permission was denied for this request to access the `loopback` address space. @ https://pravrudhi.vercel.app/:0
[ 3090221ms] [ERROR] Failed to load resource: net::ERR_FAILED @ http://localhost:8008/status:0
[ 3093221ms] [ERROR] Access to fetch at 'http://localhost:8008/status' from origin 'https://pravrudhi.vercel.app' has been blocked by CORS policy: Permission was denied for this request to access the `loopback` address space. @ https://pravrudhi.vercel.app/:0
[ 3093222ms] [ERROR] Failed to load resource: net::ERR_FAILED @ http://localhost:8008/status:0
[ 3095221ms] [ERROR] Access to fetch at 'http://localhost:8008/health' from origin 'https://pravrudhi.vercel.app' has been blocked by CORS policy: Permission was denied for this request to access the `loopback` address space. @ https://pravrudhi.vercel.app/:0
[ 3095221ms] [ERROR] Failed to load resource: net::ERR_FAILED @ http://localhost:8008/health:0
[ 3096221ms] [ERROR] Access to fetch at 'http://localhost:8008/status' from origin 'https://pravrudhi.vercel.app' has been blocked by CORS policy: Permission was denied for this request to access the `loopback` address space. @ https://pravrudhi.vercel.app/:0
[ 3096222ms] [ERROR] Failed to load resource: net::ERR_FAILED @ http://localhost:8008/status:0
[ 3099221ms] [ERROR] Access to fetch at 'http://localhost:8008/status' from origin 'https://pravrudhi.vercel.app' has been blocked by CORS policy: Permission was denied for this request to access the `loopback` address space. @ https://pravrudhi.vercel.app/:0
[ 3099221ms] [ERROR] Failed to load resource: net::ERR_FAILED @ http://localhost:8008/status:0
[ 3100221ms] [ERROR] Access to fetch at 'http://localhost:8008/health' from origin 'https://pravrudhi.vercel.app' has been blocked by CORS policy: Permission was denied for this request to access the `loopback` address space. @ https://pravrudhi.vercel.app/:0
[ 3100221ms] [ERROR] Failed to load resource: net::ERR_FAILED @ http://localhost:8008/health:0
[ 3102222ms] [ERROR] Access to fetch at 'http://localhost:8008/status' from origin 'https://pravrudhi.vercel.app' has been blocked by CORS policy: Permission was denied for this request to access the `loopback` address space. @ https://pravrudhi.vercel.app/:0
[ 3102222ms] [ERROR] Failed to load resource: net::ERR_FAILED @ http://localhost:8008/status:0
[ 3105221ms] [ERROR] Access to fetch at 'http://localhost:8008/health' from origin 'https://pravrudhi.vercel.app' has been blocked by CORS policy: Permission was denied for this request to access the `loopback` address space. @ https://pravrudhi.vercel.app/:0
[ 3105221ms] [ERROR] Failed to load resource: net::ERR_FAILED @ http://localhost:8008/health:0
[ 3105221ms] [ERROR] Access to fetch at 'http://localhost:8008/status' from origin 'https://pravrudhi.vercel.app' has been blocked by CORS policy: Permission was denied for this request to access the `loopback` address space. @ https://pravrudhi.vercel.app/:0
[ 3105221ms] [ERROR] Failed to load resource: net::ERR_FAILED @ http://localhost:8008/status:0
[ 3108222ms] [ERROR] Access to fetch at 'http://localhost:8008/status' from origin 'https://pravrudhi.vercel.app' has been blocked by CORS policy: Permission was denied for this request to access the `loopback` address space. @ https://pravrudhi.vercel.app/:0
[ 3108222ms] [ERROR] Failed to load resource: net::ERR_FAILED @ http://localhost:8008/status:0
[ 3110221ms] [ERROR] Access to fetch at 'http://localhost:8008/health' from origin 'https://pravrudhi.vercel.app' has been blocked by CORS policy: Permission was denied for this request to access the `loopback` address space. @ https://pravrudhi.vercel.app/:0
[ 3110221ms] [ERROR] Failed to load resource: net::ERR_FAILED @ http://localhost:8008/health:0
[ 3111221ms] [ERROR] Access to fetch at 'http://localhost:8008/status' from origin 'https://pravrudhi.vercel.app' has been blocked by CORS policy: Permission was denied for this request to access the `loopback` address space. @ https://pravrudhi.vercel.app/:0
[ 3111221ms] [ERROR] Failed to load resource: net::ERR_FAILED @ http://localhost:8008/status:0
[ 3114221ms] [ERROR] Access to fetch at 'http://localhost:8008/status' from origin 'https://pravrudhi.vercel.app' has been blocked by CORS policy: Permission was denied for this request to access the `loopback` address space. @ https://pravrudhi.vercel.app/:0
[ 3114221ms] [ERROR] Failed to load resource: net::ERR_FAILED @ http://localhost:8008/status:0
[ 3115221ms] [ERROR] Access to fetch at 'http://localhost:8008/health' from origin 'https://pravrudhi.vercel.app' has been blocked by CORS policy: Permission was denied for this request to access the `loopback` address space. @ https://pravrudhi.vercel.app/:0
[ 3115221ms] [ERROR] Failed to load resource: net::ERR_FAILED @ http://localhost:8008/health:0
[ 3117221ms] [ERROR] Access to fetch at 'http://localhost:8008/status' from origin 'https://pravrudhi.vercel.app' has been blocked by CORS policy: Permission was denied for this request to access the `loopback` address space. @ https://pravrudhi.vercel.app/:0
[ 3117221ms] [ERROR] Failed to load resource: net::ERR_FAILED @ http://localhost:8008/status:0
[ 3120221ms] [ERROR] Access to fetch at 'http://localhost:8008/health' from origin 'https://pravrudhi.vercel.app' has been blocked by CORS policy: Permission was denied for this request to access the `loopback` address space. @ https://pravrudhi.vercel.app/:0
[ 3120221ms] [ERROR] Failed to load resource: net::ERR_FAILED @ http://localhost:8008/health:0
[ 3120221ms] [ERROR] Access to fetch at 'http://localhost:8008/status' from origin 'https://pravrudhi.vercel.app' has been blocked by CORS policy: Permission was denied for this request to access the `loopback` address space. @ https://pravrudhi.vercel.app/:0
[ 3120221ms] [ERROR] Failed to load resource: net::ERR_FAILED @ http://localhost:8008/status:0
[ 3123221ms] [ERROR] Access to fetch at 'http://localhost:8008/status' from origin 'https://pravrudhi.vercel.app' has been blocked by CORS policy: Permission was denied for this request to access the `loopback` address space. @ https://pravrudhi.vercel.app/:0
[ 3123222ms] [ERROR] Failed to load resource: net::ERR_FAILED @ http://localhost:8008/status:0
[ 3125221ms] [ERROR] Access to fetch at 'http://localhost:8008/health' from origin 'https://pravrudhi.vercel.app' has been blocked by CORS policy: Permission was denied for this request to access the `loopback` address space. @ https://pravrudhi.vercel.app/:0
[ 3125221ms] [ERROR] Failed to load resource: net::ERR_FAILED @ http://localhost:8008/health:0
[ 3126222ms] [ERROR] Access to fetch at 'http://localhost:8008/status' from origin 'https://pravrudhi.vercel.app' has been blocked by CORS policy: Permission was denied for this request to access the `loopback` address space. @ https://pravrudhi.vercel.app/:0
[ 3126222ms] [ERROR] Failed to load resource: net::ERR_FAILED @ http://localhost:8008/status:0
[ 3129222ms] [ERROR] Access to fetch at 'http://localhost:8008/status' from origin 'https://pravrudhi.vercel.app' has been blocked by CORS policy: Permission was denied for this request to access the `loopback` address space. @ https://pravrudhi.vercel.app/:0
[ 3129222ms] [ERROR] Failed to load resource: net::ERR_FAILED @ http://localhost:8008/status:0
[ 3130221ms] [ERROR] Access to fetch at 'http://localhost:8008/health' from origin 'https://pravrudhi.vercel.app' has been blocked by CORS policy: Permission was denied for this request to access the `loopback` address space. @ https://pravrudhi.vercel.app/:0
[ 3130221ms] [ERROR] Failed to load resource: net::ERR_FAILED @ http://localhost:8008/health:0
[ 3132222ms] [ERROR] Access to fetch at 'http://localhost:8008/status' from origin 'https://pravrudhi.vercel.app' has been blocked by CORS policy: Permission was denied for this request to access the `loopback` address space. @ https://pravrudhi.vercel.app/:0
[ 3132222ms] [ERROR] Failed to load resource: net::ERR_FAILED @ http://localhost:8008/status:0
[ 3135221ms] [ERROR] Access to fetch at 'http://localhost:8008/health' from origin 'https://pravrudhi.vercel.app' has been blocked by CORS policy: Permission was denied for this request to access the `loopback` address space. @ https://pravrudhi.vercel.app/:0
[ 3135221ms] [ERROR] Failed to load resource: net::ERR_FAILED @ http://localhost:8008/health:0
[ 3135222ms] [ERROR] Access to fetch at 'http://localhost:8008/status' from origin 'https://pravrudhi.vercel.app' has been blocked by CORS policy: Permission was denied for this request to access the `loopback` address space. @ https://pravrudhi.vercel.app/:0
[ 3135222ms] [ERROR] Failed to load resource: net::ERR_FAILED @ http://localhost:8008/status:0
[ 3138222ms] [ERROR] Access to fetch at 'http://localhost:8008/status' from origin 'https://pravrudhi.vercel.app' has been blocked by CORS policy: Permission was denied for this request to access the `loopback` address space. @ https://pravrudhi.vercel.app/:0
[ 3138222ms] [ERROR] Failed to load resource: net::ERR_FAILED @ http://localhost:8008/status:0
[ 3140221ms] [ERROR] Access to fetch at 'http://localhost:8008/health' from origin 'https://pravrudhi.vercel.app' has been blocked by CORS policy: Permission was denied for this request to access the `loopback` address space. @ https://pravrudhi.vercel.app/:0
[ 3140221ms] [ERROR] Failed to load resource: net::ERR_FAILED @ http://localhost:8008/health:0
[ 3141221ms] [ERROR] Access to fetch at 'http://localhost:8008/status' from origin 'https://pravrudhi.vercel.app' has been blocked by CORS policy: Permission was denied for this request to access the `loopback` address space. @ https://pravrudhi.vercel.app/:0
[ 3141221ms] [ERROR] Failed to load resource: net::ERR_FAILED @ http://localhost:8008/status:0
[ 3144221ms] [ERROR] Access to fetch at 'http://localhost:8008/status' from origin 'https://pravrudhi.vercel.app' has been blocked by CORS policy: Permission was denied for this request to access the `loopback` address space. @ https://pravrudhi.vercel.app/:0
[ 3144221ms] [ERROR] Failed to load resource: net::ERR_FAILED @ http://localhost:8008/status:0
[ 3145221ms] [ERROR] Access to fetch at 'http://localhost:8008/health' from origin 'https://pravrudhi.vercel.app' has been blocked by CORS policy: Permission was denied for this request to access the `loopback` address space. @ https://pravrudhi.vercel.app/:0
[ 3145221ms] [ERROR] Failed to load resource: net::ERR_FAILED @ http://localhost:8008/health:0
[ 3147222ms] [ERROR] Access to fetch at 'http://localhost:8008/status' from origin 'https://pravrudhi.vercel.app' has been blocked by CORS policy: Permission was denied for this request to access the `loopback` address space. @ https://pravrudhi.vercel.app/:0
[ 3147222ms] [ERROR] Failed to load resource: net::ERR_FAILED @ http://localhost:8008/status:0
[ 3150221ms] [ERROR] Access to fetch at 'http://localhost:8008/health' from origin 'https://pravrudhi.vercel.app' has been blocked by CORS policy: Permission was denied for this request to access the `loopback` address space. @ https://pravrudhi.vercel.app/:0
[ 3150221ms] [ERROR] Failed to load resource: net::ERR_FAILED @ http://localhost:8008/health:0
[ 3150221ms] [ERROR] Access to fetch at 'http://localhost:8008/status' from origin 'https://pravrudhi.vercel.app' has been blocked by CORS policy: Permission was denied for this request to access the `loopback` address space. @ https://pravrudhi.vercel.app/:0
[ 3150222ms] [ERROR] Failed to load resource: net::ERR_FAILED @ http://localhost:8008/status:0
[ 3153221ms] [ERROR] Access to fetch at 'http://localhost:8008/status' from origin 'https://pravrudhi.vercel.app' has been blocked by CORS policy: Permission was denied for this request to access the `loopback` address space. @ https://pravrudhi.vercel.app/:0
[ 3153222ms] [ERROR] Failed to load resource: net::ERR_FAILED @ http://localhost:8008/status:0
[ 3155221ms] [ERROR] Access to fetch at 'http://localhost:8008/health' from origin 'https://pravrudhi.vercel.app' has been blocked by CORS policy: Permission was denied for this request to access the `loopback` address space. @ https://pravrudhi.vercel.app/:0
[ 3155221ms] [ERROR] Failed to load resource: net::ERR_FAILED @ http://localhost:8008/health:0
[ 3156221ms] [ERROR] Access to fetch at 'http://localhost:8008/status' from origin 'https://pravrudhi.vercel.app' has been blocked by CORS policy: Permission was denied for this request to access the `loopback` address space. @ https://pravrudhi.vercel.app/:0
[ 3156221ms] [ERROR] Failed to load resource: net::ERR_FAILED @ http://localhost:8008/status:0
[ 3159221ms] [ERROR] Access to fetch at 'http://localhost:8008/status' from origin 'https://pravrudhi.vercel.app' has been blocked by CORS policy: Permission was denied for this request to access the `loopback` address space. @ https://pravrudhi.vercel.app/:0
[ 3159222ms] [ERROR] Failed to load resource: net::ERR_FAILED @ http://localhost:8008/status:0
[ 3160221ms] [ERROR] Access to fetch at 'http://localhost:8008/health' from origin 'https://pravrudhi.vercel.app' has been blocked by CORS policy: Permission was denied for this request to access the `loopback` address space. @ https://pravrudhi.vercel.app/:0
[ 3160221ms] [ERROR] Failed to load resource: net::ERR_FAILED @ http://localhost:8008/health:0
[ 3162222ms] [ERROR] Access to fetch at 'http://localhost:8008/status' from origin 'https://pravrudhi.vercel.app' has been blocked by CORS policy: Permission was denied for this request to access the `loopback` address space. @ https://pravrudhi.vercel.app/:0
[ 3162222ms] [ERROR] Failed to load resource: net::ERR_FAILED @ http://localhost:8008/status:0
[ 3165221ms] [ERROR] Access to fetch at 'http://localhost:8008/health' from origin 'https://pravrudhi.vercel.app' has been blocked by CORS policy: Permission was denied for this request to access the `loopback` address space. @ https://pravrudhi.vercel.app/:0
[ 3165221ms] [ERROR] Failed to load resource: net::ERR_FAILED @ http://localhost:8008/health:0
[ 3165221ms] [ERROR] Access to fetch at 'http://localhost:8008/status' from origin 'https://pravrudhi.vercel.app' has been blocked by CORS policy: Permission was denied for this request to access the `loopback` address space. @ https://pravrudhi.vercel.app/:0
[ 3165221ms] [ERROR] Failed to load resource: net::ERR_FAILED @ http://localhost:8008/status:0
[ 3168222ms] [ERROR] Access to fetch at 'http://localhost:8008/status' from origin 'https://pravrudhi.vercel.app' has been blocked by CORS policy: Permission was denied for this request to access the `loopback` address space. @ https://pravrudhi.vercel.app/:0
[ 3168222ms] [ERROR] Failed to load resource: net::ERR_FAILED @ http://localhost:8008/status:0
[ 3170221ms] [ERROR] Access to fetch at 'http://localhost:8008/health' from origin 'https://pravrudhi.vercel.app' has been blocked by CORS policy: Permission was denied for this request to access the `loopback` address space. @ https://pravrudhi.vercel.app/:0
[ 3170221ms] [ERROR] Failed to load resource: net::ERR_FAILED @ http://localhost:8008/health:0
[ 3171222ms] [ERROR] Access to fetch at 'http://localhost:8008/status' from origin 'https://pravrudhi.vercel.app' has been blocked by CORS policy: Permission was denied for this request to access the `loopback` address space. @ https://pravrudhi.vercel.app/:0
[ 3171222ms] [ERROR] Failed to load resource: net::ERR_FAILED @ http://localhost:8008/status:0
[ 3174222ms] [ERROR] Access to fetch at 'http://localhost:8008/status' from origin 'https://pravrudhi.vercel.app' has been blocked by CORS policy: Permission was denied for this request to access the `loopback` address space. @ https://pravrudhi.vercel.app/:0
[ 3174222ms] [ERROR] Failed to load resource: net::ERR_FAILED @ http://localhost:8008/status:0
[ 3175221ms] [ERROR] Access to fetch at 'http://localhost:8008/health' from origin 'https://pravrudhi.vercel.app' has been blocked by CORS policy: Permission was denied for this request to access the `loopback` address space. @ https://pravrudhi.vercel.app/:0
[ 3175221ms] [ERROR] Failed to load resource: net::ERR_FAILED @ http://localhost:8008/health:0
[ 3177221ms] [ERROR] Access to fetch at 'http://localhost:8008/status' from origin 'https://pravrudhi.vercel.app' has been blocked by CORS policy: Permission was denied for this request to access the `loopback` address space. @ https://pravrudhi.vercel.app/:0
[ 3177221ms] [ERROR] Failed to load resource: net::ERR_FAILED @ http://localhost:8008/status:0
[ 3180221ms] [ERROR] Access to fetch at 'http://localhost:8008/health' from origin 'https://pravrudhi.vercel.app' has been blocked by CORS policy: Permission was denied for this request to access the `loopback` address space. @ https://pravrudhi.vercel.app/:0
[ 3180221ms] [ERROR] Failed to load resource: net::ERR_FAILED @ http://localhost:8008/health:0
[ 3180221ms] [ERROR] Access to fetch at 'http://localhost:8008/status' from origin 'https://pravrudhi.vercel.app' has been blocked by CORS policy: Permission was denied for this request to access the `loopback` address space. @ https://pravrudhi.vercel.app/:0
[ 3180221ms] [ERROR] Failed to load resource: net::ERR_FAILED @ http://localhost:8008/status:0
[ 3183222ms] [ERROR] Access to fetch at 'http://localhost:8008/status' from origin 'https://pravrudhi.vercel.app' has been blocked by CORS policy: Permission was denied for this request to access the `loopback` address space. @ https://pravrudhi.vercel.app/:0
[ 3183222ms] [ERROR] Failed to load resource: net::ERR_FAILED @ http://localhost:8008/status:0
[ 3185221ms] [ERROR] Access to fetch at 'http://localhost:8008/health' from origin 'https://pravrudhi.vercel.app' has been blocked by CORS policy: Permission was denied for this request to access the `loopback` address space. @ https://pravrudhi.vercel.app/:0
[ 3185221ms] [ERROR] Failed to load resource: net::ERR_FAILED @ http://localhost:8008/health:0
[ 3186221ms] [ERROR] Access to fetch at 'http://localhost:8008/status' from origin 'https://pravrudhi.vercel.app' has been blocked by CORS policy: Permission was denied for this request to access the `loopback` address space. @ https://pravrudhi.vercel.app/:0
[ 3186221ms] [ERROR] Failed to load resource: net::ERR_FAILED @ http://localhost:8008/status:0
[ 3189222ms] [ERROR] Access to fetch at 'http://localhost:8008/status' from origin 'https://pravrudhi.vercel.app' has been blocked by CORS policy: Permission was denied for this request to access the `loopback` address space. @ https://pravrudhi.vercel.app/:0
[ 3189222ms] [ERROR] Failed to load resource: net::ERR_FAILED @ http://localhost:8008/status:0
[ 3190221ms] [ERROR] Access to fetch at 'http://localhost:8008/health' from origin 'https://pravrudhi.vercel.app' has been blocked by CORS policy: Permission was denied for this request to access the `loopback` address space. @ https://pravrudhi.vercel.app/:0
[ 3190221ms] [ERROR] Failed to load resource: net::ERR_FAILED @ http://localhost:8008/health:0
[ 3192221ms] [ERROR] Access to fetch at 'http://localhost:8008/status' from origin 'https://pravrudhi.vercel.app' has been blocked by CORS policy: Permission was denied for this request to access the `loopback` address space. @ https://pravrudhi.vercel.app/:0
[ 3192221ms] [ERROR] Failed to load resource: net::ERR_FAILED @ http://localhost:8008/status:0
[ 3195221ms] [ERROR] Access to fetch at 'http://localhost:8008/health' from origin 'https://pravrudhi.vercel.app' has been blocked by CORS policy: Permission was denied for this request to access the `loopback` address space. @ https://pravrudhi.vercel.app/:0
[ 3195221ms] [ERROR] Failed to load resource: net::ERR_FAILED @ http://localhost:8008/health:0
[ 3195224ms] [ERROR] Access to fetch at 'http://localhost:8008/status' from origin 'https://pravrudhi.vercel.app' has been blocked by CORS policy: Permission was denied for this request to access the `loopback` address space. @ https://pravrudhi.vercel.app/:0
[ 3195224ms] [ERROR] Failed to load resource: net::ERR_FAILED @ http://localhost:8008/status:0
[ 3198221ms] [ERROR] Access to fetch at 'http://localhost:8008/status' from origin 'https://pravrudhi.vercel.app' has been blocked by CORS policy: Permission was denied for this request to access the `loopback` address space. @ https://pravrudhi.vercel.app/:0
[ 3198221ms] [ERROR] Failed to load resource: net::ERR_FAILED @ http://localhost:8008/status:0
[ 3200221ms] [ERROR] Access to fetch at 'http://localhost:8008/health' from origin 'https://pravrudhi.vercel.app' has been blocked by CORS policy: Permission was denied for this request to access the `loopback` address space. @ https://pravrudhi.vercel.app/:0
[ 3200221ms] [ERROR] Failed to load resource: net::ERR_FAILED @ http://localhost:8008/health:0
[ 3201221ms] [ERROR] Access to fetch at 'http://localhost:8008/status' from origin 'https://pravrudhi.vercel.app' has been blocked by CORS policy: Permission was denied for this request to access the `loopback` address space. @ https://pravrudhi.vercel.app/:0
[ 3201222ms] [ERROR] Failed to load resource: net::ERR_FAILED @ http://localhost:8008/status:0
[ 3204221ms] [ERROR] Access to fetch at 'http://localhost:8008/status' from origin 'https://pravrudhi.vercel.app' has been blocked by CORS policy: Permission was denied for this request to access the `loopback` address space. @ https://pravrudhi.vercel.app/:0
[ 3204222ms] [ERROR] Failed to load resource: net::ERR_FAILED @ http://localhost:8008/status:0
[ 3205221ms] [ERROR] Access to fetch at 'http://localhost:8008/health' from origin 'https://pravrudhi.vercel.app' has been blocked by CORS policy: Permission was denied for this request to access the `loopback` address space. @ https://pravrudhi.vercel.app/:0
[ 3205221ms] [ERROR] Failed to load resource: net::ERR_FAILED @ http://localhost:8008/health:0
[ 3207221ms] [ERROR] Access to fetch at 'http://localhost:8008/status' from origin 'https://pravrudhi.vercel.app' has been blocked by CORS policy: Permission was denied for this request to access the `loopback` address space. @ https://pravrudhi.vercel.app/:0
[ 3207221ms] [ERROR] Failed to load resource: net::ERR_FAILED @ http://localhost:8008/status:0
[ 3210221ms] [ERROR] Access to fetch at 'http://localhost:8008/health' from origin 'https://pravrudhi.vercel.app' has been blocked by CORS policy: Permission was denied for this request to access the `loopback` address space. @ https://pravrudhi.vercel.app/:0
[ 3210221ms] [ERROR] Failed to load resource: net::ERR_FAILED @ http://localhost:8008/health:0
[ 3210221ms] [ERROR] Access to fetch at 'http://localhost:8008/status' from origin 'https://pravrudhi.vercel.app' has been blocked by CORS policy: Permission was denied for this request to access the `loopback` address space. @ https://pravrudhi.vercel.app/:0
[ 3210221ms] [ERROR] Failed to load resource: net::ERR_FAILED @ http://localhost:8008/status:0
[ 3213221ms] [ERROR] Access to fetch at 'http://localhost:8008/status' from origin 'https://pravrudhi.vercel.app' has been blocked by CORS policy: Permission was denied for this request to access the `loopback` address space. @ https://pravrudhi.vercel.app/:0
[ 3213222ms] [ERROR] Failed to load resource: net::ERR_FAILED @ http://localhost:8008/status:0
[ 3215221ms] [ERROR] Access to fetch at 'http://localhost:8008/health' from origin 'https://pravrudhi.vercel.app' has been blocked by CORS policy: Permission was denied for this request to access the `loopback` address space. @ https://pravrudhi.vercel.app/:0
[ 3215221ms] [ERROR] Failed to load resource: net::ERR_FAILED @ http://localhost:8008/health:0
[ 3216222ms] [ERROR] Access to fetch at 'http://localhost:8008/status' from origin 'https://pravrudhi.vercel.app' has been blocked by CORS policy: Permission was denied for this request to access the `loopback` address space. @ https://pravrudhi.vercel.app/:0
[ 3216222ms] [ERROR] Failed to load resource: net::ERR_FAILED @ http://localhost:8008/status:0
[ 3219222ms] [ERROR] Access to fetch at 'http://localhost:8008/status' from origin 'https://pravrudhi.vercel.app' has been blocked by CORS policy: Permission was denied for this request to access the `loopback` address space. @ https://pravrudhi.vercel.app/:0
[ 3219222ms] [ERROR] Failed to load resource: net::ERR_FAILED @ http://localhost:8008/status:0
[ 3220221ms] [ERROR] Access to fetch at 'http://localhost:8008/health' from origin 'https://pravrudhi.vercel.app' has been blocked by CORS policy: Permission was denied for this request to access the `loopback` address space. @ https://pravrudhi.vercel.app/:0
[ 3220221ms] [ERROR] Failed to load resource: net::ERR_FAILED @ http://localhost:8008/health:0
[ 3222222ms] [ERROR] Access to fetch at 'http://localhost:8008/status' from origin 'https://pravrudhi.vercel.app' has been blocked by CORS policy: Permission was denied for this request to access the `loopback` address space. @ https://pravrudhi.vercel.app/:0
[ 3222222ms] [ERROR] Failed to load resource: net::ERR_FAILED @ http://localhost:8008/status:0
[ 3225221ms] [ERROR] Access to fetch at 'http://localhost:8008/health' from origin 'https://pravrudhi.vercel.app' has been blocked by CORS policy: Permission was denied for this request to access the `loopback` address space. @ https://pravrudhi.vercel.app/:0
[ 3225221ms] [ERROR] Failed to load resource: net::ERR_FAILED @ http://localhost:8008/health:0
[ 3225224ms] [ERROR] Access to fetch at 'http://localhost:8008/status' from origin 'https://pravrudhi.vercel.app' has been blocked by CORS policy: Permission was denied for this request to access the `loopback` address space. @ https://pravrudhi.vercel.app/:0
[ 3225224ms] [ERROR] Failed to load resource: net::ERR_FAILED @ http://localhost:8008/status:0
[ 3228221ms] [ERROR] Access to fetch at 'http://localhost:8008/status' from origin 'https://pravrudhi.vercel.app' has been blocked by CORS policy: Permission was denied for this request to access the `loopback` address space. @ https://pravrudhi.vercel.app/:0
[ 3228222ms] [ERROR] Failed to load resource: net::ERR_FAILED @ http://localhost:8008/status:0
[ 3230221ms] [ERROR] Access to fetch at 'http://localhost:8008/health' from origin 'https://pravrudhi.vercel.app' has been blocked by CORS policy: Permission was denied for this request to access the `loopback` address space. @ https://pravrudhi.vercel.app/:0
[ 3230221ms] [ERROR] Failed to load resource: net::ERR_FAILED @ http://localhost:8008/health:0
[ 3231221ms] [ERROR] Access to fetch at 'http://localhost:8008/status' from origin 'https://pravrudhi.vercel.app' has been blocked by CORS policy: Permission was denied for this request to access the `loopback` address space. @ https://pravrudhi.vercel.app/:0
[ 3231221ms] [ERROR] Failed to load resource: net::ERR_FAILED @ http://localhost:8008/status:0
[ 3234221ms] [ERROR] Access to fetch at 'http://localhost:8008/status' from origin 'https://pravrudhi.vercel.app' has been blocked by CORS policy: Permission was denied for this request to access the `loopback` address space. @ https://pravrudhi.vercel.app/:0
[ 3234221ms] [ERROR] Failed to load resource: net::ERR_FAILED @ http://localhost:8008/status:0
[ 3235221ms] [ERROR] Access to fetch at 'http://localhost:8008/health' from origin 'https://pravrudhi.vercel.app' has been blocked by CORS policy: Permission was denied for this request to access the `loopback` address space. @ https://pravrudhi.vercel.app/:0
[ 3235221ms] [ERROR] Failed to load resource: net::ERR_FAILED @ http://localhost:8008/health:0
[ 3237221ms] [ERROR] Access to fetch at 'http://localhost:8008/status' from origin 'https://pravrudhi.vercel.app' has been blocked by CORS policy: Permission was denied for this request to access the `loopback` address space. @ https://pravrudhi.vercel.app/:0
[ 3237221ms] [ERROR] Failed to load resource: net::ERR_FAILED @ http://localhost:8008/status:0
[ 3240221ms] [ERROR] Access to fetch at 'http://localhost:8008/health' from origin 'https://pravrudhi.vercel.app' has been blocked by CORS policy: Permission was denied for this request to access the `loopback` address space. @ https://pravrudhi.vercel.app/:0
[ 3240221ms] [ERROR] Failed to load resource: net::ERR_FAILED @ http://localhost:8008/health:0
[ 3240221ms] [ERROR] Access to fetch at 'http://localhost:8008/status' from origin 'https://pravrudhi.vercel.app' has been blocked by CORS policy: Permission was denied for this request to access the `loopback` address space. @ https://pravrudhi.vercel.app/:0
[ 3240221ms] [ERROR] Failed to load resource: net::ERR_FAILED @ http://localhost:8008/status:0
[ 3243221ms] [ERROR] Access to fetch at 'http://localhost:8008/status' from origin 'https://pravrudhi.vercel.app' has been blocked by CORS policy: Permission was denied for this request to access the `loopback` address space. @ https://pravrudhi.vercel.app/:0
[ 3243222ms] [ERROR] Failed to load resource: net::ERR_FAILED @ http://localhost:8008/status:0
[ 3245221ms] [ERROR] Access to fetch at 'http://localhost:8008/health' from origin 'https://pravrudhi.vercel.app' has been blocked by CORS policy: Permission was denied for this request to access the `loopback` address space. @ https://pravrudhi.vercel.app/:0
[ 3245221ms] [ERROR] Failed to load resource: net::ERR_FAILED @ http://localhost:8008/health:0
[ 3246221ms] [ERROR] Access to fetch at 'http://localhost:8008/status' from origin 'https://pravrudhi.vercel.app' has been blocked by CORS policy: Permission was denied for this request to access the `loopback` address space. @ https://pravrudhi.vercel.app/:0
[ 3246221ms] [ERROR] Failed to load resource: net::ERR_FAILED @ http://localhost:8008/status:0
[ 3249222ms] [ERROR] Access to fetch at 'http://localhost:8008/status' from origin 'https://pravrudhi.vercel.app' has been blocked by CORS policy: Permission was denied for this request to access the `loopback` address space. @ https://pravrudhi.vercel.app/:0
[ 3249222ms] [ERROR] Failed to load resource: net::ERR_FAILED @ http://localhost:8008/status:0
[ 3250221ms] [ERROR] Access to fetch at 'http://localhost:8008/health' from origin 'https://pravrudhi.vercel.app' has been blocked by CORS policy: Permission was denied for this request to access the `loopback` address space. @ https://pravrudhi.vercel.app/:0
[ 3250221ms] [ERROR] Failed to load resource: net::ERR_FAILED @ http://localhost:8008/health:0
[ 3252222ms] [ERROR] Access to fetch at 'http://localhost:8008/status' from origin 'https://pravrudhi.vercel.app' has been blocked by CORS policy: Permission was denied for this request to access the `loopback` address space. @ https://pravrudhi.vercel.app/:0
[ 3252222ms] [ERROR] Failed to load resource: net::ERR_FAILED @ http://localhost:8008/status:0
[ 3255221ms] [ERROR] Access to fetch at 'http://localhost:8008/health' from origin 'https://pravrudhi.vercel.app' has been blocked by CORS policy: Permission was denied for this request to access the `loopback` address space. @ https://pravrudhi.vercel.app/:0
[ 3255221ms] [ERROR] Failed to load resource: net::ERR_FAILED @ http://localhost:8008/health:0
[ 3255221ms] [ERROR] Access to fetch at 'http://localhost:8008/status' from origin 'https://pravrudhi.vercel.app' has been blocked by CORS policy: Permission was denied for this request to access the `loopback` address space. @ https://pravrudhi.vercel.app/:0
[ 3255221ms] [ERROR] Failed to load resource: net::ERR_FAILED @ http://localhost:8008/status:0
[ 3258221ms] [ERROR] Access to fetch at 'http://localhost:8008/status' from origin 'https://pravrudhi.vercel.app' has been blocked by CORS policy: Permission was denied for this request to access the `loopback` address space. @ https://pravrudhi.vercel.app/:0
[ 3258222ms] [ERROR] Failed to load resource: net::ERR_FAILED @ http://localhost:8008/status:0
[ 3260221ms] [ERROR] Access to fetch at 'http://localhost:8008/health' from origin 'https://pravrudhi.vercel.app' has been blocked by CORS policy: Permission was denied for this request to access the `loopback` address space. @ https://pravrudhi.vercel.app/:0
[ 3260221ms] [ERROR] Failed to load resource: net::ERR_FAILED @ http://localhost:8008/health:0
[ 3261221ms] [ERROR] Access to fetch at 'http://localhost:8008/status' from origin 'https://pravrudhi.vercel.app' has been blocked by CORS policy: Permission was denied for this request to access the `loopback` address space. @ https://pravrudhi.vercel.app/:0
[ 3261221ms] [ERROR] Failed to load resource: net::ERR_FAILED @ http://localhost:8008/status:0
[ 3264221ms] [ERROR] Access to fetch at 'http://localhost:8008/status' from origin 'https://pravrudhi.vercel.app' has been blocked by CORS policy: Permission was denied for this request to access the `loopback` address space. @ https://pravrudhi.vercel.app/:0
[ 3264221ms] [ERROR] Failed to load resource: net::ERR_FAILED @ http://localhost:8008/status:0
[ 3265221ms] [ERROR] Access to fetch at 'http://localhost:8008/health' from origin 'https://pravrudhi.vercel.app' has been blocked by CORS policy: Permission was denied for this request to access the `loopback` address space. @ https://pravrudhi.vercel.app/:0
[ 3265221ms] [ERROR] Failed to load resource: net::ERR_FAILED @ http://localhost:8008/health:0
[ 3267221ms] [ERROR] Access to fetch at 'http://localhost:8008/status' from origin 'https://pravrudhi.vercel.app' has been blocked by CORS policy: Permission was denied for this request to access the `loopback` address space. @ https://pravrudhi.vercel.app/:0
[ 3267222ms] [ERROR] Failed to load resource: net::ERR_FAILED @ http://localhost:8008/status:0
[ 3270221ms] [ERROR] Access to fetch at 'http://localhost:8008/health' from origin 'https://pravrudhi.vercel.app' has been blocked by CORS policy: Permission was denied for this request to access the `loopback` address space. @ https://pravrudhi.vercel.app/:0
[ 3270221ms] [ERROR] Failed to load resource: net::ERR_FAILED @ http://localhost:8008/health:0
[ 3270221ms] [ERROR] Access to fetch at 'http://localhost:8008/status' from origin 'https://pravrudhi.vercel.app' has been blocked by CORS policy: Permission was denied for this request to access the `loopback` address space. @ https://pravrudhi.vercel.app/:0
[ 3270221ms] [ERROR] Failed to load resource: net::ERR_FAILED @ http://localhost:8008/status:0
[ 3273221ms] [ERROR] Access to fetch at 'http://localhost:8008/status' from origin 'https://pravrudhi.vercel.app' has been blocked by CORS policy: Permission was denied for this request to access the `loopback` address space. @ https://pravrudhi.vercel.app/:0
[ 3273222ms] [ERROR] Failed to load resource: net::ERR_FAILED @ http://localhost:8008/status:0
[ 3275221ms] [ERROR] Access to fetch at 'http://localhost:8008/health' from origin 'https://pravrudhi.vercel.app' has been blocked by CORS policy: Permission was denied for this request to access the `loopback` address space. @ https://pravrudhi.vercel.app/:0
[ 3275221ms] [ERROR] Failed to load resource: net::ERR_FAILED @ http://localhost:8008/health:0
[ 3276221ms] [ERROR] Access to fetch at 'http://localhost:8008/status' from origin 'https://pravrudhi.vercel.app' has been blocked by CORS policy: Permission was denied for this request to access the `loopback` address space. @ https://pravrudhi.vercel.app/:0
[ 3276221ms] [ERROR] Failed to load resource: net::ERR_FAILED @ http://localhost:8008/status:0
[ 3279222ms] [ERROR] Access to fetch at 'http://localhost:8008/status' from origin 'https://pravrudhi.vercel.app' has been blocked by CORS policy: Permission was denied for this request to access the `loopback` address space. @ https://pravrudhi.vercel.app/:0
[ 3279222ms] [ERROR] Failed to load resource: net::ERR_FAILED @ http://localhost:8008/status:0
[ 3280221ms] [ERROR] Access to fetch at 'http://localhost:8008/health' from origin 'https://pravrudhi.vercel.app' has been blocked by CORS policy: Permission was denied for this request to access the `loopback` address space. @ https://pravrudhi.vercel.app/:0
[ 3280221ms] [ERROR] Failed to load resource: net::ERR_FAILED @ http://localhost:8008/health:0
[ 3282222ms] [ERROR] Access to fetch at 'http://localhost:8008/status' from origin 'https://pravrudhi.vercel.app' has been blocked by CORS policy: Permission was denied for this request to access the `loopback` address space. @ https://pravrudhi.vercel.app/:0
[ 3282222ms] [ERROR] Failed to load resource: net::ERR_FAILED @ http://localhost:8008/status:0
[ 3285222ms] [ERROR] Failed to load resource: net::ERR_CONNECTION_REFUSED @ http://localhost:8008/health:0
[ 3285222ms] [ERROR] Failed to load resource: net::ERR_CONNECTION_REFUSED @ http://localhost:8008/status:0
[ 3288222ms] [ERROR] Failed to load resource: net::ERR_CONNECTION_REFUSED @ http://localhost:8008/status:0
[ 3290221ms] [ERROR] Failed to load resource: net::ERR_CONNECTION_REFUSED @ http://localhost:8008/health:0
[ 3291222ms] [ERROR] Failed to load resource: net::ERR_CONNECTION_REFUSED @ http://localhost:8008/status:0
[ 3294222ms] [ERROR] Failed to load resource: net::ERR_CONNECTION_REFUSED @ http://localhost:8008/status:0
[ 3295221ms] [ERROR] Failed to load resource: net::ERR_CONNECTION_REFUSED @ http://localhost:8008/health:0
[ 3297222ms] [ERROR] Failed to load resource: net::ERR_CONNECTION_REFUSED @ http://localhost:8008/status:0
[ 3300221ms] [ERROR] Failed to load resource: net::ERR_CONNECTION_REFUSED @ http://localhost:8008/health:0
[ 3300221ms] [ERROR] Failed to load resource: net::ERR_CONNECTION_REFUSED @ http://localhost:8008/status:0
[ 3303222ms] [ERROR] Failed to load resource: net::ERR_CONNECTION_REFUSED @ http://localhost:8008/status:0
[ 3305221ms] [ERROR] Failed to load resource: net::ERR_CONNECTION_REFUSED @ http://localhost:8008/health:0
[ 3306222ms] [ERROR] Failed to load resource: net::ERR_CONNECTION_REFUSED @ http://localhost:8008/status:0
[ 3309222ms] [ERROR] Failed to load resource: net::ERR_CONNECTION_REFUSED @ http://localhost:8008/status:0
[ 3310221ms] [ERROR] Failed to load resource: net::ERR_CONNECTION_REFUSED @ http://localhost:8008/health:0
[ 3312221ms] [ERROR] Failed to load resource: net::ERR_CONNECTION_REFUSED @ http://localhost:8008/status:0
[ 3315221ms] [ERROR] Failed to load resource: net::ERR_CONNECTION_REFUSED @ http://localhost:8008/health:0
[ 3315222ms] [ERROR] Failed to load resource: net::ERR_CONNECTION_REFUSED @ http://localhost:8008/status:0
[ 3318222ms] [ERROR] Failed to load resource: net::ERR_CONNECTION_REFUSED @ http://localhost:8008/status:0
[ 3320221ms] [ERROR] Failed to load resource: net::ERR_CONNECTION_REFUSED @ http://localhost:8008/health:0
[ 3321222ms] [ERROR] Failed to load resource: net::ERR_CONNECTION_REFUSED @ http://localhost:8008/status:0
[ 3324222ms] [ERROR] Failed to load resource: net::ERR_CONNECTION_REFUSED @ http://localhost:8008/status:0
[ 3325221ms] [ERROR] Failed to load resource: net::ERR_CONNECTION_REFUSED @ http://localhost:8008/health:0
[ 3327222ms] [ERROR] Failed to load resource: net::ERR_CONNECTION_REFUSED @ http://localhost:8008/status:0
[ 3330221ms] [ERROR] Failed to load resource: net::ERR_CONNECTION_REFUSED @ http://localhost:8008/health:0
[ 3330221ms] [ERROR] Failed to load resource: net::ERR_CONNECTION_REFUSED @ http://localhost:8008/status:0
[ 3333222ms] [ERROR] Failed to load resource: net::ERR_CONNECTION_REFUSED @ http://localhost:8008/status:0
[ 3335221ms] [ERROR] Failed to load resource: net::ERR_CONNECTION_REFUSED @ http://localhost:8008/health:0
[ 3336221ms] [ERROR] Failed to load resource: net::ERR_CONNECTION_REFUSED @ http://localhost:8008/status:0
[ 3339222ms] [ERROR] Failed to load resource: net::ERR_CONNECTION_REFUSED @ http://localhost:8008/status:0
[ 3340221ms] [ERROR] Failed to load resource: net::ERR_CONNECTION_REFUSED @ http://localhost:8008/health:0
[ 3342222ms] [ERROR] Failed to load resource: net::ERR_CONNECTION_REFUSED @ http://localhost:8008/status:0
[ 3345221ms] [ERROR] Failed to load resource: net::ERR_CONNECTION_REFUSED @ http://localhost:8008/health:0
[ 3345221ms] [ERROR] Failed to load resource: net::ERR_CONNECTION_REFUSED @ http://localhost:8008/status:0
[ 3348222ms] [ERROR] Failed to load resource: net::ERR_CONNECTION_REFUSED @ http://localhost:8008/status:0
[ 3350221ms] [ERROR] Failed to load resource: net::ERR_CONNECTION_REFUSED @ http://localhost:8008/health:0
[ 3351222ms] [ERROR] Failed to load resource: net::ERR_CONNECTION_REFUSED @ http://localhost:8008/status:0
[ 3354222ms] [ERROR] Failed to load resource: net::ERR_CONNECTION_REFUSED @ http://localhost:8008/status:0
[ 3355221ms] [ERROR] Failed to load resource: net::ERR_CONNECTION_REFUSED @ http://localhost:8008/health:0
[ 3357222ms] [ERROR] Failed to load resource: net::ERR_CONNECTION_REFUSED @ http://localhost:8008/status:0
[ 3360221ms] [ERROR] Failed to load resource: net::ERR_CONNECTION_REFUSED @ http://localhost:8008/health:0
[ 3360221ms] [ERROR] Failed to load resource: net::ERR_CONNECTION_REFUSED @ http://localhost:8008/status:0
[ 3363222ms] [ERROR] Failed to load resource: net::ERR_CONNECTION_REFUSED @ http://localhost:8008/status:0
[ 3365221ms] [ERROR] Failed to load resource: net::ERR_CONNECTION_REFUSED @ http://localhost:8008/health:0
[ 3366221ms] [ERROR] Failed to load resource: net::ERR_CONNECTION_REFUSED @ http://localhost:8008/status:0
[ 3369222ms] [ERROR] Failed to load resource: net::ERR_CONNECTION_REFUSED @ http://localhost:8008/status:0
[ 3370221ms] [ERROR] Failed to load resource: net::ERR_CONNECTION_REFUSED @ http://localhost:8008/health:0
[ 3372221ms] [ERROR] Failed to load resource: net::ERR_CONNECTION_REFUSED @ http://localhost:8008/status:0
[ 3375221ms] [ERROR] Failed to load resource: net::ERR_CONNECTION_REFUSED @ http://localhost:8008/health:0
[ 3375221ms] [ERROR] Failed to load resource: net::ERR_CONNECTION_REFUSED @ http://localhost:8008/status:0
[ 3378222ms] [ERROR] Failed to load resource: net::ERR_CONNECTION_REFUSED @ http://localhost:8008/status:0
[ 3380221ms] [ERROR] Failed to load resource: net::ERR_CONNECTION_REFUSED @ http://localhost:8008/health:0
[ 3381221ms] [ERROR] Failed to load resource: net::ERR_CONNECTION_REFUSED @ http://localhost:8008/status:0
[ 3384222ms] [ERROR] Failed to load resource: net::ERR_CONNECTION_REFUSED @ http://localhost:8008/status:0
[ 3385221ms] [ERROR] Failed to load resource: net::ERR_CONNECTION_REFUSED @ http://localhost:8008/health:0
[ 3387222ms] [ERROR] Failed to load resource: net::ERR_CONNECTION_REFUSED @ http://localhost:8008/status:0
[ 3390221ms] [ERROR] Failed to load resource: net::ERR_CONNECTION_REFUSED @ http://localhost:8008/health:0
[ 3390222ms] [ERROR] Failed to load resource: net::ERR_CONNECTION_REFUSED @ http://localhost:8008/status:0
[ 3393221ms] [ERROR] Failed to load resource: net::ERR_CONNECTION_REFUSED @ http://localhost:8008/status:0
[ 3395221ms] [ERROR] Failed to load resource: net::ERR_CONNECTION_REFUSED @ http://localhost:8008/health:0
[ 3396222ms] [ERROR] Failed to load resource: net::ERR_CONNECTION_REFUSED @ http://localhost:8008/status:0
[ 3399222ms] [ERROR] Failed to load resource: net::ERR_CONNECTION_REFUSED @ http://localhost:8008/status:0
[ 3400221ms] [ERROR] Failed to load resource: net::ERR_CONNECTION_REFUSED @ http://localhost:8008/health:0
[ 3402222ms] [ERROR] Failed to load resource: net::ERR_CONNECTION_REFUSED @ http://localhost:8008/status:0
[ 3405221ms] [ERROR] Failed to load resource: net::ERR_CONNECTION_REFUSED @ http://localhost:8008/health:0
[ 3405222ms] [ERROR] Failed to load resource: net::ERR_CONNECTION_REFUSED @ http://localhost:8008/status:0
[ 3408222ms] [ERROR] Failed to load resource: net::ERR_CONNECTION_REFUSED @ http://localhost:8008/status:0
[ 3410221ms] [ERROR] Failed to load resource: net::ERR_CONNECTION_REFUSED @ http://localhost:8008/health:0
[ 3411222ms] [ERROR] Failed to load resource: net::ERR_CONNECTION_REFUSED @ http://localhost:8008/status:0
[ 3414222ms] [ERROR] Failed to load resource: net::ERR_CONNECTION_REFUSED @ http://localhost:8008/status:0
[ 3415221ms] [ERROR] Failed to load resource: net::ERR_CONNECTION_REFUSED @ http://localhost:8008/health:0
[ 3417222ms] [ERROR] Failed to load resource: net::ERR_CONNECTION_REFUSED @ http://localhost:8008/status:0
[ 3420221ms] [ERROR] Failed to load resource: net::ERR_CONNECTION_REFUSED @ http://localhost:8008/health:0
[ 3420221ms] [ERROR] Failed to load resource: net::ERR_CONNECTION_REFUSED @ http://localhost:8008/status:0
[ 3423222ms] [ERROR] Failed to load resource: net::ERR_CONNECTION_REFUSED @ http://localhost:8008/status:0
[ 3425221ms] [ERROR] Failed to load resource: net::ERR_CONNECTION_REFUSED @ http://localhost:8008/health:0
[ 3426222ms] [ERROR] Failed to load resource: net::ERR_CONNECTION_REFUSED @ http://localhost:8008/status:0
[ 3429221ms] [ERROR] Failed to load resource: net::ERR_CONNECTION_REFUSED @ http://localhost:8008/status:0
[ 3430221ms] [ERROR] Failed to load resource: net::ERR_CONNECTION_REFUSED @ http://localhost:8008/health:0
[ 3432222ms] [ERROR] Failed to load resource: net::ERR_CONNECTION_REFUSED @ http://localhost:8008/status:0
[ 3435221ms] [ERROR] Failed to load resource: net::ERR_CONNECTION_REFUSED @ http://localhost:8008/health:0
[ 3435221ms] [ERROR] Failed to load resource: net::ERR_CONNECTION_REFUSED @ http://localhost:8008/status:0
[ 3438222ms] [ERROR] Failed to load resource: net::ERR_CONNECTION_REFUSED @ http://localhost:8008/status:0
[ 3440221ms] [ERROR] Failed to load resource: net::ERR_CONNECTION_REFUSED @ http://localhost:8008/health:0
[ 3441222ms] [ERROR] Failed to load resource: net::ERR_CONNECTION_REFUSED @ http://localhost:8008/status:0
[ 3444222ms] [ERROR] Failed to load resource: net::ERR_CONNECTION_REFUSED @ http://localhost:8008/status:0
[ 3445221ms] [ERROR] Failed to load resource: net::ERR_CONNECTION_REFUSED @ http://localhost:8008/health:0
[ 3447223ms] [ERROR] Failed to load resource: net::ERR_CONNECTION_REFUSED @ http://localhost:8008/status:0
[ 3450221ms] [ERROR] Failed to load resource: net::ERR_CONNECTION_REFUSED @ http://localhost:8008/health:0
[ 3450221ms] [ERROR] Failed to load resource: net::ERR_CONNECTION_REFUSED @ http://localhost:8008/status:0
[ 3453222ms] [ERROR] Failed to load resource: net::ERR_CONNECTION_REFUSED @ http://localhost:8008/status:0
[ 3455221ms] [ERROR] Failed to load resource: net::ERR_CONNECTION_REFUSED @ http://localhost:8008/health:0
[ 3456221ms] [ERROR] Failed to load resource: net::ERR_CONNECTION_REFUSED @ http://localhost:8008/status:0
[ 3459221ms] [ERROR] Failed to load resource: net::ERR_CONNECTION_REFUSED @ http://localhost:8008/status:0
[ 3460221ms] [ERROR] Failed to load resource: net::ERR_CONNECTION_REFUSED @ http://localhost:8008/health:0
[ 3462222ms] [ERROR] Failed to load resource: net::ERR_CONNECTION_REFUSED @ http://localhost:8008/status:0
[ 3465222ms] [ERROR] Failed to load resource: net::ERR_CONNECTION_REFUSED @ http://localhost:8008/health:0
[ 3465222ms] [ERROR] Failed to load resource: net::ERR_CONNECTION_REFUSED @ http://localhost:8008/status:0
[ 3468222ms] [ERROR] Failed to load resource: net::ERR_CONNECTION_REFUSED @ http://localhost:8008/status:0
[ 3470222ms] [ERROR] Failed to load resource: net::ERR_CONNECTION_REFUSED @ http://localhost:8008/health:0
[ 3471222ms] [ERROR] Failed to load resource: net::ERR_CONNECTION_REFUSED @ http://localhost:8008/status:0
[ 3474222ms] [ERROR] Failed to load resource: net::ERR_CONNECTION_REFUSED @ http://localhost:8008/status:0
[ 3475221ms] [ERROR] Failed to load resource: net::ERR_CONNECTION_REFUSED @ http://localhost:8008/health:0
[ 3477221ms] [ERROR] Failed to load resource: net::ERR_CONNECTION_REFUSED @ http://localhost:8008/status:0
[ 3480221ms] [ERROR] Failed to load resource: net::ERR_CONNECTION_REFUSED @ http://localhost:8008/health:0
[ 3480221ms] [ERROR] Failed to load resource: net::ERR_CONNECTION_REFUSED @ http://localhost:8008/status:0
[ 3483222ms] [ERROR] Failed to load resource: net::ERR_CONNECTION_REFUSED @ http://localhost:8008/status:0
[ 3485222ms] [ERROR] Failed to load resource: net::ERR_CONNECTION_REFUSED @ http://localhost:8008/health:0
[ 3486222ms] [ERROR] Failed to load resource: net::ERR_CONNECTION_REFUSED @ http://localhost:8008/status:0
[ 3489222ms] [ERROR] Failed to load resource: net::ERR_CONNECTION_REFUSED @ http://localhost:8008/status:0
[ 3490221ms] [ERROR] Failed to load resource: net::ERR_CONNECTION_REFUSED @ http://localhost:8008/health:0
[ 3492222ms] [ERROR] Failed to load resource: net::ERR_CONNECTION_REFUSED @ http://localhost:8008/status:0
[ 3495221ms] [ERROR] Failed to load resource: net::ERR_CONNECTION_REFUSED @ http://localhost:8008/health:0
[ 3495221ms] [ERROR] Failed to load resource: net::ERR_CONNECTION_REFUSED @ http://localhost:8008/status:0
[ 3498222ms] [ERROR] Failed to load resource: net::ERR_CONNECTION_REFUSED @ http://localhost:8008/status:0
[ 3500221ms] [ERROR] Failed to load resource: net::ERR_CONNECTION_REFUSED @ http://localhost:8008/health:0
[ 3501221ms] [ERROR] Failed to load resource: net::ERR_CONNECTION_REFUSED @ http://localhost:8008/status:0
[ 3504222ms] [ERROR] Failed to load resource: net::ERR_CONNECTION_REFUSED @ http://localhost:8008/status:0
[ 3505221ms] [ERROR] Failed to load resource: net::ERR_CONNECTION_REFUSED @ http://localhost:8008/health:0
[ 3507222ms] [ERROR] Failed to load resource: net::ERR_CONNECTION_REFUSED @ http://localhost:8008/status:0
[ 3510221ms] [ERROR] Failed to load resource: net::ERR_CONNECTION_REFUSED @ http://localhost:8008/health:0
[ 3510221ms] [ERROR] Failed to load resource: net::ERR_CONNECTION_REFUSED @ http://localhost:8008/status:0
[ 3513222ms] [ERROR] Failed to load resource: net::ERR_CONNECTION_REFUSED @ http://localhost:8008/status:0
[ 3515221ms] [ERROR] Failed to load resource: net::ERR_CONNECTION_REFUSED @ http://localhost:8008/health:0
[ 3516222ms] [ERROR] Failed to load resource: net::ERR_CONNECTION_REFUSED @ http://localhost:8008/status:0
[ 3519221ms] [ERROR] Failed to load resource: net::ERR_CONNECTION_REFUSED @ http://localhost:8008/status:0
[ 3520221ms] [ERROR] Failed to load resource: net::ERR_CONNECTION_REFUSED @ http://localhost:8008/health:0
[ 3522222ms] [ERROR] Failed to load resource: net::ERR_CONNECTION_REFUSED @ http://localhost:8008/status:0
[ 3525221ms] [ERROR] Failed to load resource: net::ERR_CONNECTION_REFUSED @ http://localhost:8008/health:0
[ 3525222ms] [ERROR] Failed to load resource: net::ERR_CONNECTION_REFUSED @ http://localhost:8008/status:0
[ 3528222ms] [ERROR] Failed to load resource: net::ERR_CONNECTION_REFUSED @ http://localhost:8008/status:0
[ 3530221ms] [ERROR] Failed to load resource: net::ERR_CONNECTION_REFUSED @ http://localhost:8008/health:0
[ 3531222ms] [ERROR] Failed to load resource: net::ERR_CONNECTION_REFUSED @ http://localhost:8008/status:0
[ 3534222ms] [ERROR] Failed to load resource: net::ERR_CONNECTION_REFUSED @ http://localhost:8008/status:0
[ 3535221ms] [ERROR] Failed to load resource: net::ERR_CONNECTION_REFUSED @ http://localhost:8008/health:0
[ 3537222ms] [ERROR] Failed to load resource: net::ERR_CONNECTION_REFUSED @ http://localhost:8008/status:0
[ 3540221ms] [ERROR] Failed to load resource: net::ERR_CONNECTION_REFUSED @ http://localhost:8008/health:0
[ 3540222ms] [ERROR] Failed to load resource: net::ERR_CONNECTION_REFUSED @ http://localhost:8008/status:0
[ 3543222ms] [ERROR] Failed to load resource: net::ERR_CONNECTION_REFUSED @ http://localhost:8008/status:0
[ 3545221ms] [ERROR] Failed to load resource: net::ERR_CONNECTION_REFUSED @ http://localhost:8008/health:0
[ 3546221ms] [ERROR] Failed to load resource: net::ERR_CONNECTION_REFUSED @ http://localhost:8008/status:0
[ 3549222ms] [ERROR] Failed to load resource: net::ERR_CONNECTION_REFUSED @ http://localhost:8008/status:0
[ 3550221ms] [ERROR] Failed to load resource: net::ERR_CONNECTION_REFUSED @ http://localhost:8008/health:0
[ 3552222ms] [ERROR] Failed to load resource: net::ERR_CONNECTION_REFUSED @ http://localhost:8008/status:0
[ 3555221ms] [ERROR] Failed to load resource: net::ERR_CONNECTION_REFUSED @ http://localhost:8008/health:0
[ 3555221ms] [ERROR] Failed to load resource: net::ERR_CONNECTION_REFUSED @ http://localhost:8008/status:0
[ 3558222ms] [ERROR] Failed to load resource: net::ERR_CONNECTION_REFUSED @ http://localhost:8008/status:0
[ 3560221ms] [ERROR] Failed to load resource: net::ERR_CONNECTION_REFUSED @ http://localhost:8008/health:0
[ 3561222ms] [ERROR] Failed to load resource: net::ERR_CONNECTION_REFUSED @ http://localhost:8008/status:0
[ 3564222ms] [ERROR] Failed to load resource: net::ERR_CONNECTION_REFUSED @ http://localhost:8008/status:0
[ 3565221ms] [ERROR] Failed to load resource: net::ERR_CONNECTION_REFUSED @ http://localhost:8008/health:0
[ 3567222ms] [ERROR] Failed to load resource: net::ERR_CONNECTION_REFUSED @ http://localhost:8008/status:0
[ 3570221ms] [ERROR] Failed to load resource: net::ERR_CONNECTION_REFUSED @ http://localhost:8008/health:0
[ 3570222ms] [ERROR] Failed to load resource: net::ERR_CONNECTION_REFUSED @ http://localhost:8008/status:0
[ 3573222ms] [ERROR] Failed to load resource: net::ERR_CONNECTION_REFUSED @ http://localhost:8008/status:0
[ 3575221ms] [ERROR] Failed to load resource: net::ERR_CONNECTION_REFUSED @ http://localhost:8008/health:0
[ 3576221ms] [ERROR] Failed to load resource: net::ERR_CONNECTION_REFUSED @ http://localhost:8008/status:0
[ 3579222ms] [ERROR] Failed to load resource: net::ERR_CONNECTION_REFUSED @ http://localhost:8008/status:0
[ 3580221ms] [ERROR] Failed to load resource: net::ERR_CONNECTION_REFUSED @ http://localhost:8008/health:0
[ 3582222ms] [ERROR] Failed to load resource: net::ERR_CONNECTION_REFUSED @ http://localhost:8008/status:0
[ 3585221ms] [ERROR] Failed to load resource: net::ERR_CONNECTION_REFUSED @ http://localhost:8008/health:0
[ 3585222ms] [ERROR] Failed to load resource: net::ERR_CONNECTION_REFUSED @ http://localhost:8008/status:0
[ 3588222ms] [ERROR] Failed to load resource: net::ERR_CONNECTION_REFUSED @ http://localhost:8008/status:0
[ 3590221ms] [ERROR] Failed to load resource: net::ERR_CONNECTION_REFUSED @ http://localhost:8008/health:0
[ 3591222ms] [ERROR] Failed to load resource: net::ERR_CONNECTION_REFUSED @ http://localhost:8008/status:0
[ 3594222ms] [ERROR] Failed to load resource: net::ERR_CONNECTION_REFUSED @ http://localhost:8008/status:0
[ 3595221ms] [ERROR] Failed to load resource: net::ERR_CONNECTION_REFUSED @ http://localhost:8008/health:0
[ 3597222ms] [ERROR] Failed to load resource: net::ERR_CONNECTION_REFUSED @ http://localhost:8008/status:0
[ 3600221ms] [ERROR] Failed to load resource: net::ERR_CONNECTION_REFUSED @ http://localhost:8008/health:0
[ 3600222ms] [ERROR] Failed to load resource: net::ERR_CONNECTION_REFUSED @ http://localhost:8008/status:0
[ 3603222ms] [ERROR] Failed to load resource: net::ERR_CONNECTION_REFUSED @ http://localhost:8008/status:0
[ 3605221ms] [ERROR] Failed to load resource: net::ERR_CONNECTION_REFUSED @ http://localhost:8008/health:0
[ 3606221ms] [ERROR] Failed to load resource: net::ERR_CONNECTION_REFUSED @ http://localhost:8008/status:0
[ 3609221ms] [ERROR] Failed to load resource: net::ERR_CONNECTION_REFUSED @ http://localhost:8008/status:0
[ 3610221ms] [ERROR] Failed to load resource: net::ERR_CONNECTION_REFUSED @ http://localhost:8008/health:0
[ 3612221ms] [ERROR] Failed to load resource: net::ERR_CONNECTION_REFUSED @ http://localhost:8008/status:0
[ 3615221ms] [ERROR] Failed to load resource: net::ERR_CONNECTION_REFUSED @ http://localhost:8008/health:0
[ 3615221ms] [ERROR] Failed to load resource: net::ERR_CONNECTION_REFUSED @ http://localhost:8008/status:0
[ 3618222ms] [ERROR] Failed to load resource: net::ERR_CONNECTION_REFUSED @ http://localhost:8008/status:0
[ 3620221ms] [ERROR] Failed to load resource: net::ERR_CONNECTION_REFUSED @ http://localhost:8008/health:0
[ 3621222ms] [ERROR] Failed to load resource: net::ERR_CONNECTION_REFUSED @ http://localhost:8008/status:0
[ 3624221ms] [ERROR] Failed to load resource: net::ERR_CONNECTION_REFUSED @ http://localhost:8008/status:0
[ 3625221ms] [ERROR] Failed to load resource: net::ERR_CONNECTION_REFUSED @ http://localhost:8008/health:0
[ 3627222ms] [ERROR] Failed to load resource: net::ERR_CONNECTION_REFUSED @ http://localhost:8008/status:0
[ 3630221ms] [ERROR] Failed to load resource: net::ERR_CONNECTION_REFUSED @ http://localhost:8008/health:0
[ 3630222ms] [ERROR] Failed to load resource: net::ERR_CONNECTION_REFUSED @ http://localhost:8008/status:0
[ 3633222ms] [ERROR] Failed to load resource: net::ERR_CONNECTION_REFUSED @ http://localhost:8008/status:0
[ 3635221ms] [ERROR] Failed to load resource: net::ERR_CONNECTION_REFUSED @ http://localhost:8008/health:0
[ 3636222ms] [ERROR] Failed to load resource: net::ERR_CONNECTION_REFUSED @ http://localhost:8008/status:0
[ 3639222ms] [ERROR] Failed to load resource: net::ERR_CONNECTION_REFUSED @ http://localhost:8008/status:0
[ 3640221ms] [ERROR] Failed to load resource: net::ERR_CONNECTION_REFUSED @ http://localhost:8008/health:0
[ 3642222ms] [ERROR] Failed to load resource: net::ERR_CONNECTION_REFUSED @ http://localhost:8008/status:0
[ 3645221ms] [ERROR] Failed to load resource: net::ERR_CONNECTION_REFUSED @ http://localhost:8008/health:0
[ 3645221ms] [ERROR] Failed to load resource: net::ERR_CONNECTION_REFUSED @ http://localhost:8008/status:0
[ 3648222ms] [ERROR] Failed to load resource: net::ERR_CONNECTION_REFUSED @ http://localhost:8008/status:0
[ 3650222ms] [ERROR] Failed to load resource: net::ERR_CONNECTION_REFUSED @ http://localhost:8008/health:0
[ 3651222ms] [ERROR] Failed to load resource: net::ERR_CONNECTION_REFUSED @ http://localhost:8008/status:0
[ 3654222ms] [ERROR] Failed to load resource: net::ERR_CONNECTION_REFUSED @ http://localhost:8008/status:0
[ 3655221ms] [ERROR] Failed to load resource: net::ERR_CONNECTION_REFUSED @ http://localhost:8008/health:0
[ 3657222ms] [ERROR] Failed to load resource: net::ERR_CONNECTION_REFUSED @ http://localhost:8008/status:0
[ 3660221ms] [ERROR] Failed to load resource: net::ERR_CONNECTION_REFUSED @ http://localhost:8008/health:0
[ 3660221ms] [ERROR] Failed to load resource: net::ERR_CONNECTION_REFUSED @ http://localhost:8008/status:0
[ 3663222ms] [ERROR] Failed to load resource: net::ERR_CONNECTION_REFUSED @ http://localhost:8008/status:0
[ 3665221ms] [ERROR] Failed to load resource: net::ERR_CONNECTION_REFUSED @ http://localhost:8008/health:0
[ 3666222ms] [ERROR] Failed to load resource: net::ERR_CONNECTION_REFUSED @ http://localhost:8008/status:0
[ 3669221ms] [ERROR] Failed to load resource: net::ERR_CONNECTION_REFUSED @ http://localhost:8008/status:0
[ 3670221ms] [ERROR] Failed to load resource: net::ERR_CONNECTION_REFUSED @ http://localhost:8008/health:0
[ 3672222ms] [ERROR] Failed to load resource: net::ERR_CONNECTION_REFUSED @ http://localhost:8008/status:0
[ 3675222ms] [ERROR] Failed to load resource: net::ERR_CONNECTION_REFUSED @ http://localhost:8008/health:0
[ 3675222ms] [ERROR] Failed to load resource: net::ERR_CONNECTION_REFUSED @ http://localhost:8008/status:0
[ 3678222ms] [ERROR] Failed to load resource: net::ERR_CONNECTION_REFUSED @ http://localhost:8008/status:0
[ 3680221ms] [ERROR] Failed to load resource: net::ERR_CONNECTION_REFUSED @ http://localhost:8008/health:0
[ 3681222ms] [ERROR] Failed to load resource: net::ERR_CONNECTION_REFUSED @ http://localhost:8008/status:0
[ 3684222ms] [ERROR] Failed to load resource: net::ERR_CONNECTION_REFUSED @ http://localhost:8008/status:0
[ 3685221ms] [ERROR] Failed to load resource: net::ERR_CONNECTION_REFUSED @ http://localhost:8008/health:0
[ 3687222ms] [ERROR] Failed to load resource: net::ERR_CONNECTION_REFUSED @ http://localhost:8008/status:0
[ 3690222ms] [ERROR] Failed to load resource: net::ERR_CONNECTION_REFUSED @ http://localhost:8008/health:0
[ 3690222ms] [ERROR] Failed to load resource: net::ERR_CONNECTION_REFUSED @ http://localhost:8008/status:0
[ 3693222ms] [ERROR] Failed to load resource: net::ERR_CONNECTION_REFUSED @ http://localhost:8008/status:0
[ 3695221ms] [ERROR] Failed to load resource: net::ERR_CONNECTION_REFUSED @ http://localhost:8008/health:0
[ 3696222ms] [ERROR] Failed to load resource: net::ERR_CONNECTION_REFUSED @ http://localhost:8008/status:0
[ 3699221ms] [ERROR] Failed to load resource: net::ERR_CONNECTION_REFUSED @ http://localhost:8008/status:0
[ 3700221ms] [ERROR] Failed to load resource: net::ERR_CONNECTION_REFUSED @ http://localhost:8008/health:0
[ 3702222ms] [ERROR] Failed to load resource: net::ERR_CONNECTION_REFUSED @ http://localhost:8008/status:0
[ 3705221ms] [ERROR] Failed to load resource: net::ERR_CONNECTION_REFUSED @ http://localhost:8008/health:0
[ 3705221ms] [ERROR] Failed to load resource: net::ERR_CONNECTION_REFUSED @ http://localhost:8008/status:0
[ 3708221ms] [ERROR] Failed to load resource: net::ERR_CONNECTION_REFUSED @ http://localhost:8008/status:0
[ 3710221ms] [ERROR] Failed to load resource: net::ERR_CONNECTION_REFUSED @ http://localhost:8008/health:0
[ 3711221ms] [ERROR] Failed to load resource: net::ERR_CONNECTION_REFUSED @ http://localhost:8008/status:0
[ 3714222ms] [ERROR] Failed to load resource: net::ERR_CONNECTION_REFUSED @ http://localhost:8008/status:0
[ 3715242ms] [ERROR] Failed to load resource: net::ERR_CONNECTION_REFUSED @ http://localhost:8008/health:0
[ 3717222ms] [ERROR] Failed to load resource: net::ERR_CONNECTION_REFUSED @ http://localhost:8008/status:0
[ 3720221ms] [ERROR] Failed to load resource: net::ERR_CONNECTION_REFUSED @ http://localhost:8008/health:0
[ 3720221ms] [ERROR] Failed to load resource: net::ERR_CONNECTION_REFUSED @ http://localhost:8008/status:0
[ 3723222ms] [ERROR] Failed to load resource: net::ERR_CONNECTION_REFUSED @ http://localhost:8008/status:0
[ 3725221ms] [ERROR] Failed to load resource: net::ERR_CONNECTION_REFUSED @ http://localhost:8008/health:0
[ 3726222ms] [ERROR] Failed to load resource: net::ERR_CONNECTION_REFUSED @ http://localhost:8008/status:0
[ 3729221ms] [ERROR] Failed to load resource: net::ERR_CONNECTION_REFUSED @ http://localhost:8008/status:0
[ 3730221ms] [ERROR] Failed to load resource: net::ERR_CONNECTION_REFUSED @ http://localhost:8008/health:0
[ 3732222ms] [ERROR] Failed to load resource: net::ERR_CONNECTION_REFUSED @ http://localhost:8008/status:0
[ 3735221ms] [ERROR] Failed to load resource: net::ERR_CONNECTION_REFUSED @ http://localhost:8008/health:0
[ 3735221ms] [ERROR] Failed to load resource: net::ERR_CONNECTION_REFUSED @ http://localhost:8008/status:0
[ 3738221ms] [ERROR] Failed to load resource: net::ERR_CONNECTION_REFUSED @ http://localhost:8008/status:0
[ 3740221ms] [ERROR] Failed to load resource: net::ERR_CONNECTION_REFUSED @ http://localhost:8008/health:0
[ 3741222ms] [ERROR] Failed to load resource: net::ERR_CONNECTION_REFUSED @ http://localhost:8008/status:0
[ 3744222ms] [ERROR] Failed to load resource: net::ERR_CONNECTION_REFUSED @ http://localhost:8008/status:0
[ 3745221ms] [ERROR] Failed to load resource: net::ERR_CONNECTION_REFUSED @ http://localhost:8008/health:0
[ 3747222ms] [ERROR] Failed to load resource: net::ERR_CONNECTION_REFUSED @ http://localhost:8008/status:0
[ 3750221ms] [ERROR] Failed to load resource: net::ERR_CONNECTION_REFUSED @ http://localhost:8008/health:0
[ 3750222ms] [ERROR] Failed to load resource: net::ERR_CONNECTION_REFUSED @ http://localhost:8008/status:0
[ 3753222ms] [ERROR] Failed to load resource: net::ERR_CONNECTION_REFUSED @ http://localhost:8008/status:0
[ 3755221ms] [ERROR] Failed to load resource: net::ERR_CONNECTION_REFUSED @ http://localhost:8008/health:0
[ 3756221ms] [ERROR] Failed to load resource: net::ERR_CONNECTION_REFUSED @ http://localhost:8008/status:0
[ 3759222ms] [ERROR] Failed to load resource: net::ERR_CONNECTION_REFUSED @ http://localhost:8008/status:0
[ 3760221ms] [ERROR] Failed to load resource: net::ERR_CONNECTION_REFUSED @ http://localhost:8008/health:0
[ 3762222ms] [ERROR] Failed to load resource: net::ERR_CONNECTION_REFUSED @ http://localhost:8008/status:0
[ 3765221ms] [ERROR] Failed to load resource: net::ERR_CONNECTION_REFUSED @ http://localhost:8008/health:0
[ 3765222ms] [ERROR] Failed to load resource: net::ERR_CONNECTION_REFUSED @ http://localhost:8008/status:0
[ 3768222ms] [ERROR] Failed to load resource: net::ERR_CONNECTION_REFUSED @ http://localhost:8008/status:0
[ 3770221ms] [ERROR] Failed to load resource: net::ERR_CONNECTION_REFUSED @ http://localhost:8008/health:0
[ 3771221ms] [ERROR] Failed to load resource: net::ERR_CONNECTION_REFUSED @ http://localhost:8008/status:0
[ 3774222ms] [ERROR] Failed to load resource: net::ERR_CONNECTION_REFUSED @ http://localhost:8008/status:0
[ 3775221ms] [ERROR] Failed to load resource: net::ERR_CONNECTION_REFUSED @ http://localhost:8008/health:0
[ 3777222ms] [ERROR] Failed to load resource: net::ERR_CONNECTION_REFUSED @ http://localhost:8008/status:0
[ 3780221ms] [ERROR] Failed to load resource: net::ERR_CONNECTION_REFUSED @ http://localhost:8008/health:0
[ 3780221ms] [ERROR] Failed to load resource: net::ERR_CONNECTION_REFUSED @ http://localhost:8008/status:0
[ 3783222ms] [ERROR] Failed to load resource: net::ERR_CONNECTION_REFUSED @ http://localhost:8008/status:0
[ 3785221ms] [ERROR] Failed to load resource: net::ERR_CONNECTION_REFUSED @ http://localhost:8008/health:0
[ 3786222ms] [ERROR] Failed to load resource: net::ERR_CONNECTION_REFUSED @ http://localhost:8008/status:0
[ 3789222ms] [ERROR] Failed to load resource: net::ERR_CONNECTION_REFUSED @ http://localhost:8008/status:0
[ 3790221ms] [ERROR] Failed to load resource: net::ERR_CONNECTION_REFUSED @ http://localhost:8008/health:0
[ 3792221ms] [ERROR] Failed to load resource: net::ERR_CONNECTION_REFUSED @ http://localhost:8008/status:0
[ 3795221ms] [ERROR] Failed to load resource: net::ERR_CONNECTION_REFUSED @ http://localhost:8008/health:0
[ 3795221ms] [ERROR] Failed to load resource: net::ERR_CONNECTION_REFUSED @ http://localhost:8008/status:0
[ 3798221ms] [ERROR] Failed to load resource: net::ERR_CONNECTION_REFUSED @ http://localhost:8008/status:0
[ 3800221ms] [ERROR] Failed to load resource: net::ERR_CONNECTION_REFUSED @ http://localhost:8008/health:0
[ 3801222ms] [ERROR] Failed to load resource: net::ERR_CONNECTION_REFUSED @ http://localhost:8008/status:0
[ 3804222ms] [ERROR] Failed to load resource: net::ERR_CONNECTION_REFUSED @ http://localhost:8008/status:0
[ 3805221ms] [ERROR] Failed to load resource: net::ERR_CONNECTION_REFUSED @ http://localhost:8008/health:0
[ 3807221ms] [ERROR] Failed to load resource: net::ERR_CONNECTION_REFUSED @ http://localhost:8008/status:0
[ 3810222ms] [ERROR] Failed to load resource: net::ERR_CONNECTION_REFUSED @ http://localhost:8008/health:0
[ 3810222ms] [ERROR] Failed to load resource: net::ERR_CONNECTION_REFUSED @ http://localhost:8008/status:0
[ 3813222ms] [ERROR] Failed to load resource: net::ERR_CONNECTION_REFUSED @ http://localhost:8008/status:0
[ 3815221ms] [ERROR] Failed to load resource: net::ERR_CONNECTION_REFUSED @ http://localhost:8008/health:0
[ 3816222ms] [ERROR] Failed to load resource: net::ERR_CONNECTION_REFUSED @ http://localhost:8008/status:0
[ 3819222ms] [ERROR] Failed to load resource: net::ERR_CONNECTION_REFUSED @ http://localhost:8008/status:0
[ 3820221ms] [ERROR] Failed to load resource: net::ERR_CONNECTION_REFUSED @ http://localhost:8008/health:0
[ 3822222ms] [ERROR] Failed to load resource: net::ERR_CONNECTION_REFUSED @ http://localhost:8008/status:0
[ 3825221ms] [ERROR] Failed to load resource: net::ERR_CONNECTION_REFUSED @ http://localhost:8008/health:0
[ 3825221ms] [ERROR] Failed to load resource: net::ERR_CONNECTION_REFUSED @ http://localhost:8008/status:0
[ 3828222ms] [ERROR] Failed to load resource: net::ERR_CONNECTION_REFUSED @ http://localhost:8008/status:0
[ 3830221ms] [ERROR] Failed to load resource: net::ERR_CONNECTION_REFUSED @ http://localhost:8008/health:0
[ 3831222ms] [ERROR] Failed to load resource: net::ERR_CONNECTION_REFUSED @ http://localhost:8008/status:0
[ 3834222ms] [ERROR] Failed to load resource: net::ERR_CONNECTION_REFUSED @ http://localhost:8008/status:0
[ 3835221ms] [ERROR] Failed to load resource: net::ERR_CONNECTION_REFUSED @ http://localhost:8008/health:0
[ 3837222ms] [ERROR] Failed to load resource: net::ERR_CONNECTION_REFUSED @ http://localhost:8008/status:0
[ 3840221ms] [ERROR] Failed to load resource: net::ERR_CONNECTION_REFUSED @ http://localhost:8008/health:0
[ 3840222ms] [ERROR] Failed to load resource: net::ERR_CONNECTION_REFUSED @ http://localhost:8008/status:0
[ 3843222ms] [ERROR] Failed to load resource: net::ERR_CONNECTION_REFUSED @ http://localhost:8008/status:0
[ 3845221ms] [ERROR] Failed to load resource: net::ERR_CONNECTION_REFUSED @ http://localhost:8008/health:0
[ 3846221ms] [ERROR] Failed to load resource: net::ERR_CONNECTION_REFUSED @ http://localhost:8008/status:0
[ 3849222ms] [ERROR] Failed to load resource: net::ERR_CONNECTION_REFUSED @ http://localhost:8008/status:0
[ 3850221ms] [ERROR] Failed to load resource: net::ERR_CONNECTION_REFUSED @ http://localhost:8008/health:0
[ 3852222ms] [ERROR] Failed to load resource: net::ERR_CONNECTION_REFUSED @ http://localhost:8008/status:0
[ 3855221ms] [ERROR] Failed to load resource: net::ERR_CONNECTION_REFUSED @ http://localhost:8008/health:0
[ 3855221ms] [ERROR] Failed to load resource: net::ERR_CONNECTION_REFUSED @ http://localhost:8008/status:0
[ 3858221ms] [ERROR] Failed to load resource: net::ERR_CONNECTION_REFUSED @ http://localhost:8008/status:0
[ 3860221ms] [ERROR] Failed to load resource: net::ERR_CONNECTION_REFUSED @ http://localhost:8008/health:0
[ 3861221ms] [ERROR] Failed to load resource: net::ERR_CONNECTION_REFUSED @ http://localhost:8008/status:0
[ 3864221ms] [ERROR] Failed to load resource: net::ERR_CONNECTION_REFUSED @ http://localhost:8008/status:0
[ 3865221ms] [ERROR] Failed to load resource: net::ERR_CONNECTION_REFUSED @ http://localhost:8008/health:0
[ 3867222ms] [ERROR] Failed to load resource: net::ERR_CONNECTION_REFUSED @ http://localhost:8008/status:0
[ 3870221ms] [ERROR] Failed to load resource: net::ERR_CONNECTION_REFUSED @ http://localhost:8008/health:0
[ 3870221ms] [ERROR] Failed to load resource: net::ERR_CONNECTION_REFUSED @ http://localhost:8008/status:0
[ 3873221ms] [ERROR] Failed to load resource: net::ERR_CONNECTION_REFUSED @ http://localhost:8008/status:0
[ 3875221ms] [ERROR] Failed to load resource: net::ERR_CONNECTION_REFUSED @ http://localhost:8008/health:0
[ 3876221ms] [ERROR] Failed to load resource: net::ERR_CONNECTION_REFUSED @ http://localhost:8008/status:0
[ 3879222ms] [ERROR] Failed to load resource: net::ERR_CONNECTION_REFUSED @ http://localhost:8008/status:0
[ 3880221ms] [ERROR] Failed to load resource: net::ERR_CONNECTION_REFUSED @ http://localhost:8008/health:0
[ 3882222ms] [ERROR] Failed to load resource: net::ERR_CONNECTION_REFUSED @ http://localhost:8008/status:0
[ 3885221ms] [ERROR] Failed to load resource: net::ERR_CONNECTION_REFUSED @ http://localhost:8008/health:0
[ 3885221ms] [ERROR] Failed to load resource: net::ERR_CONNECTION_REFUSED @ http://localhost:8008/status:0
[ 3888222ms] [ERROR] Failed to load resource: net::ERR_CONNECTION_REFUSED @ http://localhost:8008/status:0
[ 3890221ms] [ERROR] Failed to load resource: net::ERR_CONNECTION_REFUSED @ http://localhost:8008/health:0
[ 3891222ms] [ERROR] Failed to load resource: net::ERR_CONNECTION_REFUSED @ http://localhost:8008/status:0
[ 3894221ms] [ERROR] Failed to load resource: net::ERR_CONNECTION_REFUSED @ http://localhost:8008/status:0
[ 3895221ms] [ERROR] Failed to load resource: net::ERR_CONNECTION_REFUSED @ http://localhost:8008/health:0
